#,CATEGORY,CLASS TYPE,PRODUCT,UNIT,QUANTITY,RUPEES,DOLLARS,% QUANTITY,% RUPEES,% DOLLARS,STATUS,Year,Quarter,Month,Day
4,FOOD GROUP,RICE,BASMATI,M.T,76532,10255,66992,-16.95,-15.68,-14.05,Export,2021,Qtr 2,April,1
5,FOOD GROUP,RICE,OTHERS,M.T,238524,18761,122559,-18.15,-16.82,-15.22,Export,2021,Qtr 2,April,1
6,FOOD GROUP,,FISH & FISH PREPARATIONS,M.T,21339,7329,47878,-10.93,-10.67,-8.95,Export,2021,Qtr 2,April,1
7,FOOD GROUP,,FRUITS,M.T,33788,2241,14640,-63.6,-62.92,-62.2,Export,2021,Qtr 2,April,1
8,FOOD GROUP,,VEGETABLES,M.T,107531,4863,31768,-35.55,-34.11,-32.84,Export,2021,Qtr 2,April,1
9,FOOD GROUP,,LEGUMINOUS VEGETABLES (PULSES),M.T,0,0,0,0,0,0,Export,2021,Qtr 2,April,1
10,FOOD GROUP,,TOBACCO,M.T,1202,469,3064,38.32,21.82,24.25,Export,2021,Qtr 2,April,1
11,FOOD GROUP,,WHEAT,M.T,0,0,0,0,0,0,Export,2021,Qtr 2,April,1
12,FOOD GROUP,,SPICES,M.T,1851,997,6513,-25.33,-24.58,-23.12,Export,2021,Qtr 2,April,1
13,FOOD GROUP,,"OIL SEEDS, NUTS AND KERNALS",M.T,6735,1274,8323,-47.6,-49.88,-48.92,Export,2021,Qtr 2,April,1
14,FOOD GROUP,,SUGAR,M.T,0,0,0,0,0,0,Export,2021,Qtr 2,April,1
15,FOOD GROUP,,MEAT AND MEAT PREPARATIONS,M.T,9582,5138,33565,0.94,2.66,4.65,Export,2021,Qtr 2,April,1
16,FOOD GROUP,,ALL OTHER FOOD ITEMS,,,7926,51778,,-11.25,-9.54,Export,2021,Qtr 2,April,1
18,TEXTILE GROUP,,RAW COTTON,M.T,0,0,0,0,0,0,Export,2021,Qtr 2,April,1
19,TEXTILE GROUP,,COTTON YARN,M.T,34184,15726,102733,-12.86,-11.99,-10.3,Export,2021,Qtr 2,April,1
20,TEXTILE GROUP,,COTTON CLOTH,M.T,36981,24857,162382,-12.22,-13.36,-11.69,Export,2021,Qtr 2,April,1
21,TEXTILE GROUP,,COTTON CARDED OR COMBED,M.T,0,0,0,-100,-100,-100,Export,2021,Qtr 2,April,1
22,TEXTILE GROUP,,YARN OTHER THAN COTTON YARN,M.T,1370,526,3436,4.26,4.37,6.44,Export,2021,Qtr 2,April,1
23,TEXTILE GROUP,,KNITWEAR,TH.DOZ,15551,52842,345199,-0.72,7.89,9.98,Export,2021,Qtr 2,April,1
24,TEXTILE GROUP,,BED WEAR,M.T,37678,36665,239520,-1.64,-0.17,1.76,Export,2021,Qtr 2,April,1
25,TEXTILE GROUP,,TOWELS,M.T,18787,12950,84598,4.27,1.93,3.9,Export,2021,Qtr 2,April,1
26,TEXTILE GROUP,,"TENTS,CANVAS & TARPULIN",M.T,2204,1005,6565,-14.21,-7.03,-5.25,Export,2021,Qtr 2,April,1
27,TEXTILE GROUP,,READYMADE GARMENTS,,,37296,243642,,-6.9,-5.1,Export,2021,Qtr 2,April,1
28,TEXTILE GROUP,,"ART,SILK & SYNTHETIC TEXTILE",M.T,7511,4966,32441,-21.09,-19.13,-17.57,Export,2021,Qtr 2,April,1
29,TEXTILE GROUP,,MADEUP ARTICLES(EXCL TOWELS & BEDWEAR,,,9460,61799,,1.57,3.53,Export,2021,Qtr 2,April,1
30,TEXTILE GROUP,,OTHER TEXTILE MATERIALS,,,8430,55070,,-10.61,-8.89,Export,2021,Qtr 2,April,1
32,PETROLEUM GROUP & COAL,,PETROLEUM CRUDE,M.T,45753,3258,21283,100,100,100,Export,2021,Qtr 2,April,1
33,PETROLEUM GROUP & COAL,,PETROLEUM PRODUCTS(EXCL TOP NAPHTA),M.T,7863,1190,7774,1699.31,1283.72,1316.03,Export,2021,Qtr 2,April,1
34,PETROLEUM GROUP & COAL,,PETROLEUM TOP NAPHTA,M.T,1079,55,359,100,100,100,Export,2021,Qtr 2,April,1
35,PETROLEUM GROUP & COAL,,SOLID FUELS (COAL),M.T,0,0,0,0,0,0,Export,2021,Qtr 2,April,1
37,OTHER MANUFACTURES GROUP,,"CARPETS, RUGS & MATS",TH.SQM,127,856,5592,-20.63,-19.02,-17.46,Export,2021,Qtr 2,April,1
39,OTHER MANUFACTURES GROUP,SPORTS GOODS,FOOTBALLS,TH.DOZ,265,2090,13653,20.45,17.55,19.84,Export,2021,Qtr 2,April,1
40,OTHER MANUFACTURES GROUP,SPORTS GOODS,GLOVES,TH.DOZ,120,732,4782,-26.83,-16.63,-15.02,Export,2021,Qtr 2,April,1
41,OTHER MANUFACTURES GROUP,SPORTS GOODS,OTHERS,,,1127,7362,,8.26,10.33,Export,2021,Qtr 2,April,1
42,OTHER MANUFACTURES GROUP,,LEATHER TANNED,M.T,1662,2482,16214,30.05,0.08,2.03,Export,2021,Qtr 2,April,1
44,OTHER MANUFACTURES GROUP,LEATHER MANUFACTURES,LEATHER GARMENTS,TH.DOZ,110,2961,19343,-12,-4.14,-2.3,Export,2021,Qtr 2,April,1
45,OTHER MANUFACTURES GROUP,LEATHER MANUFACTURES,LEATHER GLOVES,TH.DOZ,450,2969,19395,-37.93,-22.6,-21.11,Export,2021,Qtr 2,April,1
46,OTHER MANUFACTURES GROUP,LEATHER MANUFACTURES,OTHER LEATHER MANUFACTURES,,,205,1339,,0,1.98,Export,2021,Qtr 2,April,1
48,OTHER MANUFACTURES GROUP,FOOTWEAR,LEATHER FOOTWEAR,TH.Pairs,540,942,6154,-15.76,-26.12,-24.67,Export,2021,Qtr 2,April,1
49,OTHER MANUFACTURES GROUP,FOOTWEAR,CANVAS FOOTWEAR,TH.Pairs,6,9,59,-73.91,-59.09,-58.74,Export,2021,Qtr 2,April,1
50,OTHER MANUFACTURES GROUP,FOOTWEAR,OTHER FOOTWEAR,TH.Pairs,872,336,2195,-17.74,-16.83,-15.19,Export,2021,Qtr 2,April,1
51,OTHER MANUFACTURES GROUP,,SURGICAL GOODS & MEDICAL INSTRUMENTS,,,5474,35760,,-11.05,-9.33,Export,2021,Qtr 2,April,1
52,OTHER MANUFACTURES GROUP,,CUTLERY,,,1283,8381,,-20.95,-19.43,Export,2021,Qtr 2,April,1
53,OTHER MANUFACTURES GROUP,,ONYX MANUFACTURED,M.T,155,62,405,-67.02,-57.53,-56.87,Export,2021,Qtr 2,April,1
55,OTHER MANUFACTURES GROUP,CHEMICALS AND PHARM PRODUCTS,FERTILIZER MANUFACTURED,M.T,0,0,0,0,0,0,Export,2021,Qtr 2,April,1
56,OTHER MANUFACTURES GROUP,CHEMICALS AND PHARM PRODUCTS,PLASTIC MATERIALS,M.T,14099,2960,19337,-27.24,-20.71,-19.18,Export,2021,Qtr 2,April,1
57,OTHER MANUFACTURES GROUP,CHEMICALS AND PHARM PRODUCTS,PHARMACEUTICAL PRODUCTS,M.T,2500,2958,19324,-20.33,-16.82,-15.2,Export,2021,Qtr 2,April,1
58,OTHER MANUFACTURES GROUP,CHEMICALS AND PHARM PRODUCTS,OTHER CHEMICALS,,,10471,68404,,-33.46,-32.17,Export,2021,Qtr 2,April,1
60,OTHER MANUFACTURES GROUP,ENGINEERING GOODS,ELECTRIC FANS,TH.NOS,260,654,4272,-7.14,-0.46,1.42,Export,2021,Qtr 2,April,1
61,OTHER MANUFACTURES GROUP,ENGINEERING GOODS,TRANSPORT EQUIPMENT,,,204,1333,,-23.02,-21.4,Export,2021,Qtr 2,April,1
62,OTHER MANUFACTURES GROUP,ENGINEERING GOODS,OTHER ELECTRICAL MACHINERY,,,339,2215,,-48.71,-47.71,Export,2021,Qtr 2,April,1
64,OTHER MANUFACTURES GROUP,ENGINEERING GOODS,MACHINERY SPECIALIZED FOR PARTICULAR INDUSTRIES,,,832,5435,,-27.65,-26.23,Export,2021,Qtr 2,April,1
65,OTHER MANUFACTURES GROUP,ENGINEERING GOODS,AUTO PARTS & ACCESSORIES,,,311,2032,,-7.44,-5.75,Export,2021,Qtr 2,April,1
66,OTHER MANUFACTURES GROUP,ENGINEERING GOODS,OTHER MACHINERY,,,483,3155,,-37.52,-36.33,Export,2021,Qtr 2,April,1
67,OTHER MANUFACTURES GROUP,,GEMS,K.G,211,43,281,-28.47,-29.51,-28.13,Export,2021,Qtr 2,April,1
68,OTHER MANUFACTURES GROUP,,JEWELLERY,,,925,6043,,1041.98,1059.88,Export,2021,Qtr 2,April,1
69,OTHER MANUFACTURES GROUP,,FURNITURE,,,136,888,,37.37,40.51,Export,2021,Qtr 2,April,1
70,OTHER MANUFACTURES GROUP,,MOLASSES,M.T,0,0,0,-100,-100,-100,Export,2021,Qtr 2,April,1
71,OTHER MANUFACTURES GROUP,,HANDICRAFTS,,,0,0,,0,0,Export,2021,Qtr 2,April,1
72,OTHER MANUFACTURES GROUP,,CEMENT,M.T,377016,2298,15012,-51.47,-45.14,-44.09,Export,2021,Qtr 2,April,1
73,OTHER MANUFACTURES GROUP,,GUAR AND GUAR PRODUCTS,M.T,2960,505,3299,16.58,5.65,7.78,Export,2021,Qtr 2,April,1
74,OTHER MANUFACTURES GROUP,,ALL OTHER ITEMS,,,26492,173066,,-2.02,-0.14,Export,2021,Qtr 2,April,1
78,FOOD GROUP,RICE,BASMATI,M.T,57515,8285,50489,-18.43,-11.93,-14.35,Export,2021,Qtr 3,August,1
79,FOOD GROUP,RICE,OTHERS,M.T,188683,14765,89978,17.36,14.45,11.32,Export,2021,Qtr 3,August,1
80,FOOD GROUP,,FISH & FISH PREPARATIONS,M.T,4346,1758,10716,-36.11,-22.6,-24.71,Export,2021,Qtr 3,August,1
81,FOOD GROUP,,FRUITS,M.T,46066,6355,38726,-10.74,-18.19,-20.43,Export,2021,Qtr 3,August,1
82,FOOD GROUP,,VEGETABLES,M.T,68369,3515,21420,27.65,30.67,27.08,Export,2021,Qtr 3,August,1
83,FOOD GROUP,,LEGUMINOUS VEGETABLES (PULSES),M.T,0,0,0,0,0,0,Export,2021,Qtr 3,August,1
84,FOOD GROUP,,TOBACCO,M.T,1857,697,4249,295.04,361.81,349.15,Export,2021,Qtr 3,August,1
85,FOOD GROUP,,WHEAT,M.T,0,0,0,0,0,0,Export,2021,Qtr 3,August,1
86,FOOD GROUP,,SPICES,M.T,1894,1251,7626,31.14,37.67,33.93,Export,2021,Qtr 3,August,1
87,FOOD GROUP,,"OIL SEEDS, NUTS AND KERNALS",M.T,5366,1213,7394,35.31,77.66,72.88,Export,2021,Qtr 3,August,1
88,FOOD GROUP,,SUGAR,M.T,0,0,0,0,0,0,Export,2021,Qtr 3,August,1
89,FOOD GROUP,,MEAT AND MEAT PREPARATIONS,M.T,6047,4182,25482,6.93,8.87,5.89,Export,2021,Qtr 3,August,1
90,FOOD GROUP,,ALL OTHER FOOD ITEMS,,,11433,69670,,-12.08,-14.49,Export,2021,Qtr 3,August,1
92,TEXTILE GROUP,,RAW COTTON,M.T,0,0,0,0,0,0,Export,2021,Qtr 3,August,1
93,TEXTILE GROUP,,COTTON YARN,M.T,32880,16987,103518,12.31,18.43,15.19,Export,2021,Qtr 3,August,1
94,TEXTILE GROUP,,COTTON CLOTH,M.T,46170,30880,188181,11.24,7.83,4.87,Export,2021,Qtr 3,August,1
95,TEXTILE GROUP,,COTTON CARDED OR COMBED,M.T,303,63,382,-0.98,1.17,-1.55,Export,2021,Qtr 3,August,1
96,TEXTILE GROUP,,YARN OTHER THAN COTTON YARN,M.T,1636,805,4907,46.43,76.2,71.39,Export,2021,Qtr 3,August,1
97,TEXTILE GROUP,,KNITWEAR,TH.DOZ,10215,59761,364172,-2.89,-4.65,-7.27,Export,2021,Qtr 3,August,1
98,TEXTILE GROUP,,BED WEAR,M.T,40179,43448,264764,-15.6,3.37,0.54,Export,2021,Qtr 3,August,1
99,TEXTILE GROUP,,TOWELS,M.T,16920,13586,82794,-8.58,9.39,6.39,Export,2021,Qtr 3,August,1
100,TEXTILE GROUP,,"TENTS,CANVAS & TARPULIN",M.T,2065,925,5637,-2.84,-12.33,-14.76,Export,2021,Qtr 3,August,1
101,TEXTILE GROUP,,READYMADE GARMENTS,,,46565,283760,,-3.12,-5.78,Export,2021,Qtr 3,August,1
102,TEXTILE GROUP,,"ART,SILK & SYNTHETIC TEXTILE",M.T,7842,6046,36842,-4.24,17.05,13.85,Export,2021,Qtr 3,August,1
103,TEXTILE GROUP,,MADEUP ARTICLES(EXCL TOWELS & BEDWEAR,,,10845,66090,,1.26,-1.51,Export,2021,Qtr 3,August,1
104,TEXTILE GROUP,,OTHER TEXTILE MATERIALS,,,10126,61706,,10.31,7.28,Export,2021,Qtr 3,August,1
106,PETROLEUM GROUP & COAL,,PETROLEUM CRUDE,M.T,0,0,0,-100,-100,-100,Export,2021,Qtr 3,August,1
107,PETROLEUM GROUP & COAL,,PETROLEUM PRODUCTS(EXCL TOP NAPHTA),M.T,989,290,1769,23.64,62.15,57.38,Export,2021,Qtr 3,August,1
108,PETROLEUM GROUP & COAL,,PETROLEUM TOP NAPHTA,M.T,0,0,0,0,0,0,Export,2021,Qtr 3,August,1
109,PETROLEUM GROUP & COAL,,SOLID FUELS (COAL),M.T,0,0,0,0,0,0,Export,2021,Qtr 3,August,1
111,OTHER MANUFACTURES GROUP,,"CARPETS, RUGS & MATS",TH.SQM,174,954,5811,4.82,8.11,5.12,Export,2021,Qtr 3,August,1
113,OTHER MANUFACTURES GROUP,SPORTS GOODS,FOOTBALLS,TH.DOZ,218,1810,11032,-3.64,-5.02,-7.61,Export,2021,Qtr 3,August,1
114,OTHER MANUFACTURES GROUP,SPORTS GOODS,GLOVES,TH.DOZ,301,1003,6111,25.42,5.45,2.6,Export,2021,Qtr 3,August,1
115,OTHER MANUFACTURES GROUP,SPORTS GOODS,OTHERS,,129,1135,6917,,-15.92,-18.22,Export,2021,Qtr 3,August,1
116,OTHER MANUFACTURES GROUP,,LEATHER TANNED,M.T,1074,2077,12656,-17.65,-18.42,-20.65,Export,2021,Qtr 3,August,1
118,OTHER MANUFACTURES GROUP,LEATHER MANUFACTURES,LEATHER GARMENTS,TH.DOZ,125,3738,22779,-35.57,-31.52,-33.41,Export,2021,Qtr 3,August,1
119,OTHER MANUFACTURES GROUP,LEATHER MANUFACTURES,LEATHER GLOVES,TH.DOZ,704,3282,20003,-34.95,-21.72,-23.85,Export,2021,Qtr 3,August,1
120,OTHER MANUFACTURES GROUP,LEATHER MANUFACTURES,OTHER LEATHER MANUFACTURES,,,228,1389,,-13.02,-15.2,Export,2021,Qtr 3,August,1
122,OTHER MANUFACTURES GROUP,FOOTWEAR,LEATHER FOOTWEAR,TH.Pairs,650,1943,11841,11.11,12.32,9.24,Export,2021,Qtr 3,August,1
123,OTHER MANUFACTURES GROUP,FOOTWEAR,CANVAS FOOTWEAR,TH.Pairs,0,0,0,-100,-100,-100,Export,2021,Qtr 3,August,1
124,OTHER MANUFACTURES GROUP,FOOTWEAR,OTHER FOOTWEAR,TH.Pairs,564,296,1801,-24.57,-19.45,-21.66,Export,2021,Qtr 3,August,1
125,OTHER MANUFACTURES GROUP,,SURGICAL GOODS & MEDICAL INSTRUMENTS,,,5034,30678,,-16.93,-19.2,Export,2021,Qtr 3,August,1
126,OTHER MANUFACTURES GROUP,,CUTLERY,,,1514,9225,,-0.99,-3.7,Export,2021,Qtr 3,August,1
127,OTHER MANUFACTURES GROUP,,ONYX MANUFACTURED,M.T,200,64,387,-67.64,-64.12,-65.01,Export,2021,Qtr 3,August,1
129,OTHER MANUFACTURES GROUP,CHEMICALS AND PHARM PRODUCTS,FERTILIZER MANUFACTURED,M.T,0,0,0,0,0,0,Export,2021,Qtr 3,August,1
130,OTHER MANUFACTURES GROUP,CHEMICALS AND PHARM PRODUCTS,PLASTIC MATERIALS,M.T,20107,4903,29876,-3.63,2.05,-0.73,Export,2021,Qtr 3,August,1
131,OTHER MANUFACTURES GROUP,CHEMICALS AND PHARM PRODUCTS,PHARMACEUTICAL PRODUCTS,M.T,2552,3701,22551,10.81,-4.65,-7.27,Export,2021,Qtr 3,August,1
132,OTHER MANUFACTURES GROUP,CHEMICALS AND PHARM PRODUCTS,OTHER CHEMICALS,,,10073,61386,,-5.49,-8.08,Export,2021,Qtr 3,August,1
134,OTHER MANUFACTURES GROUP,ENGINEERING GOODS,ELECTRIC FANS,TH.NOS,154,349,2128,-0.49,-5.37,-7.88,Export,2021,Qtr 3,August,1
135,OTHER MANUFACTURES GROUP,ENGINEERING GOODS,TRANSPORT EQUIPMENT,,,133,813,,2.62,-0.61,Export,2021,Qtr 3,August,1
136,OTHER MANUFACTURES GROUP,ENGINEERING GOODS,OTHER ELECTRICAL MACHINERY,,,489,2979,,31.77,28.02,Export,2021,Qtr 3,August,1
138,OTHER MANUFACTURES GROUP,ENGINEERING GOODS,MACHINERY SPECIALIZED FOR PARTICULAR INDUSTRIES,,,812,4948,,-1.35,-4.07,Export,2021,Qtr 3,August,1
139,OTHER MANUFACTURES GROUP,ENGINEERING GOODS,AUTO PARTS & ACCESSORIES,,,389,2369,,24.21,20.62,Export,2021,Qtr 3,August,1
140,OTHER MANUFACTURES GROUP,ENGINEERING GOODS,OTHER MACHINERY,,,758,4619,,-36.52,-38.27,Export,2021,Qtr 3,August,1
141,OTHER MANUFACTURES GROUP,,GEMS,K.G,347,65,399,36.61,76.92,71.98,Export,2021,Qtr 3,August,1
142,OTHER MANUFACTURES GROUP,,JEWELLERY,,,202,1231,,192.86,186.28,Export,2021,Qtr 3,August,1
143,OTHER MANUFACTURES GROUP,,FURNITURE,,,119,725,,62.96,58.99,Export,2021,Qtr 3,August,1
144,OTHER MANUFACTURES GROUP,,MOLASSES,M.T,61,1,5,100,100,100,Export,2021,Qtr 3,August,1
145,OTHER MANUFACTURES GROUP,,HANDICRAFTS,,,0,0,,0,0,Export,2021,Qtr 3,August,1
146,OTHER MANUFACTURES GROUP,,CEMENT,M.T,235203,1546,9422,-21.5,-19.05,-21.26,Export,2021,Qtr 3,August,1
147,OTHER MANUFACTURES GROUP,,GUAR AND GUAR PRODUCTS,M.T,2085,459,2796,1.86,9.51,6.6,Export,2021,Qtr 3,August,1
148,OTHER MANUFACTURES GROUP,,ALL OTHER ITEMS,,,27987,170551,,0.58,-2.18,Export,2021,Qtr 3,August,1
152,FOOD GROUP,RICE,BASMATI,M.T,48960,8701,49107,-24.54,-10.85,-12.94,Export,2021,Qtr 4,December,1
153,FOOD GROUP,RICE,OTHERS,M.T,447248,33868,191153,4.26,11.53,8.92,Export,2021,Qtr 4,December,1
154,FOOD GROUP,,FISH & FISH PREPARATIONS,M.T,18538,9050,51078,-10.2,-3.36,-5.62,Export,2021,Qtr 4,December,1
155,FOOD GROUP,,FRUITS,M.T,87717,12376,69852,190.8,110.26,105.35,Export,2021,Qtr 4,December,1
156,FOOD GROUP,,VEGETABLES,M.T,76120,5744,32422,-3.8,1.31,-1.07,Export,2021,Qtr 4,December,1
157,FOOD GROUP,,LEGUMINOUS VEGETABLES (PULSES),M.T,0,0,0,0,0,0,Export,2021,Qtr 4,December,1
158,FOOD GROUP,,TOBACCO,M.T,3833,2041,11520,115.71,147.7,142.02,Export,2021,Qtr 4,December,1
159,FOOD GROUP,,WHEAT,M.T,0,0,0,0,0,0,Export,2021,Qtr 4,December,1
160,FOOD GROUP,,SPICES,M.T,2706,2065,11654,29.59,23.5,20.6,Export,2021,Qtr 4,December,1
161,FOOD GROUP,,"OIL SEEDS, NUTS AND KERNALS",M.T,16635,4578,25838,-46.51,-41.08,-42.46,Export,2021,Qtr 4,December,1
162,FOOD GROUP,,SUGAR,M.T,0,0,0,0,0,0,Export,2021,Qtr 4,December,1
163,FOOD GROUP,,MEAT AND MEAT PREPARATIONS,M.T,6598,5216,29441,-0.35,3.4,0.98,Export,2021,Qtr 4,December,1
164,FOOD GROUP,,ALL OTHER FOOD ITEMS,,130987,11195,63187,,-11.89,-13.95,Export,2021,Qtr 4,December,1
166,TEXTILE GROUP,,RAW COTTON,M.T,721,312,1763,100,100,100,Export,2021,Qtr 4,December,1
167,TEXTILE GROUP,,COTTON YARN,M.T,28425,18874,106529,-8.31,-0.05,-2.39,Export,2021,Qtr 4,December,1
168,TEXTILE GROUP,,COTTON CLOTH,M.T,31527,33502,189086,-17.55,-5.48,-7.69,Export,2021,Qtr 4,December,1
169,TEXTILE GROUP,,COTTON CARDED OR COMBED,M.T,2,1,6,-95.56,-90.41,-90.32,Export,2021,Qtr 4,December,1
170,TEXTILE GROUP,,YARN OTHER THAN COTTON YARN,M.T,1795,921,5200,-14.52,-8.86,-10.96,Export,2021,Qtr 4,December,1
171,TEXTILE GROUP,,KNITWEAR,TH.DOZ,19878,77961,440017,-6.15,-1.83,-4.13,Export,2021,Qtr 4,December,1
172,TEXTILE GROUP,,BED WEAR,M.T,36151,44905,253446,-31.69,-17.63,-19.56,Export,2021,Qtr 4,December,1
173,TEXTILE GROUP,,TOWELS,M.T,17996,16867,95200,-17.22,-7.41,-9.58,Export,2021,Qtr 4,December,1
174,TEXTILE GROUP,,"TENTS,CANVAS & TARPULIN",M.T,3782,2473,13959,-15.16,19.36,16.59,Export,2021,Qtr 4,December,1
175,TEXTILE GROUP,,READYMADE GARMENTS,,,61411,346607,,8.65,6.11,Export,2021,Qtr 4,December,1
176,TEXTILE GROUP,,"ART,SILK & SYNTHETIC TEXTILE",M.T,8011,7164,40432,-26,0.74,-1.61,Export,2021,Qtr 4,December,1
177,TEXTILE GROUP,,MADEUP ARTICLES(EXCL TOWELS & BEDWEAR,,,12272,69262,,-15.98,-17.95,Export,2021,Qtr 4,December,1
178,TEXTILE GROUP,,OTHER TEXTILE MATERIALS,,,10997,62071,,-12.43,-14.48,Export,2021,Qtr 4,December,1
180,PETROLEUM GROUP & COAL,,PETROLEUM CRUDE,M.T,42233,4514,25477,-30.48,-9.98,-12.08,Export,2021,Qtr 4,December,1
181,PETROLEUM GROUP & COAL,,PETROLEUM PRODUCTS(EXCL TOP NAPHTA),M.T,2072,580,3274,-61.23,-21.92,-23.77,Export,2021,Qtr 4,December,1
182,PETROLEUM GROUP & COAL,,PETROLEUM TOP NAPHTA,M.T,0,0,0,0,0,0,Export,2021,Qtr 4,December,1
183,PETROLEUM GROUP & COAL,,SOLID FUELS (COAL),M.T,0,0,0,0,0,0,Export,2021,Qtr 4,December,1
185,OTHER MANUFACTURES GROUP,,"CARPETS, RUGS & MATS",TH.SQM,198,1213,6846,-24.14,-16.17,-18.15,Export,2021,Qtr 4,December,1
187,OTHER MANUFACTURES GROUP,SPORTS GOODS,FOOTBALLS,TH.DOZ,291,2688,15173,19.68,14.88,12.2,Export,2021,Qtr 4,December,1
188,OTHER MANUFACTURES GROUP,SPORTS GOODS,GLOVES,TH.DOZ,255,1030,5812,-21.3,-17.02,-18.96,Export,2021,Qtr 4,December,1
189,OTHER MANUFACTURES GROUP,SPORTS GOODS,OTHERS,,,1410,7957,,-10.88,-12.94,Export,2021,Qtr 4,December,1
190,OTHER MANUFACTURES GROUP,,LEATHER TANNED,M.T,1383,3040,17156,9.13,2.76,0.36,Export,2021,Qtr 4,December,1
192,OTHER MANUFACTURES GROUP,LEATHER MANUFACTURES,LEATHER GARMENTS,TH.DOZ,150,5079,28664,-17.58,-7.86,-10.03,Export,2021,Qtr 4,December,1
193,OTHER MANUFACTURES GROUP,LEATHER MANUFACTURES,LEATHER GLOVES,TH.DOZ,800,4088,23072,-19.52,-8.88,-11,Export,2021,Qtr 4,December,1
194,OTHER MANUFACTURES GROUP,LEATHER MANUFACTURES,OTHER LEATHER MANUFACTURES,,,251,1417,,-24.37,-26.08,Export,2021,Qtr 4,December,1
196,OTHER MANUFACTURES GROUP,FOOTWEAR,LEATHER FOOTWEAR,TH.Pairs,874,1992,11243,69.11,31.92,28.86,Export,2021,Qtr 4,December,1
197,OTHER MANUFACTURES GROUP,FOOTWEAR,CANVAS FOOTWEAR,TH.Pairs,13,12,66,-59.38,-58.37,-58.75,Export,2021,Qtr 4,December,1
198,OTHER MANUFACTURES GROUP,FOOTWEAR,OTHER FOOTWEAR,TH.Pairs,852,485,2740,27.67,30.5,27.62,Export,2021,Qtr 4,December,1
199,OTHER MANUFACTURES GROUP,,SURGICAL GOODS & MEDICAL INSTRUMENTS,,,6036,34070,,-5.13,-7.36,Export,2021,Qtr 4,December,1
200,OTHER MANUFACTURES GROUP,,CUTLERY,,,1781,10049,,-1.85,-4.14,Export,2021,Qtr 4,December,1
201,OTHER MANUFACTURES GROUP,,ONYX MANUFACTURED,M.T,280,93,526,53.85,47.84,43.72,Export,2021,Qtr 4,December,1
203,OTHER MANUFACTURES GROUP,CHEMICALS AND PHARM PRODUCTS,FERTILIZER MANUFACTURED,M.T,0,0,0,0,0,0,Export,2021,Qtr 4,December,1
204,OTHER MANUFACTURES GROUP,CHEMICALS AND PHARM PRODUCTS,PLASTIC MATERIALS,M.T,19467,5677,32043,-18.84,-18.93,-20.83,Export,2021,Qtr 4,December,1
205,OTHER MANUFACTURES GROUP,CHEMICALS AND PHARM PRODUCTS,PHARMACEUTICAL PRODUCTS,M.T,3545,4355,24580,4.6,5.09,2.63,Export,2021,Qtr 4,December,1
206,OTHER MANUFACTURES GROUP,CHEMICALS AND PHARM PRODUCTS,OTHER CHEMICALS,,,9583,54088,,-23.86,-25.65,Export,2021,Qtr 4,December,1
208,OTHER MANUFACTURES GROUP,ENGINEERING GOODS,ELECTRIC FANS,TH.NOS,135,316,1784,75.74,45,41.81,Export,2021,Qtr 4,December,1
209,OTHER MANUFACTURES GROUP,ENGINEERING GOODS,TRANSPORT EQUIPMENT,,,120,676,,-24.14,-26.12,Export,2021,Qtr 4,December,1
210,OTHER MANUFACTURES GROUP,ENGINEERING GOODS,OTHER ELECTRICAL MACHINERY,,,465,2626,,-21.94,-23.77,Export,2021,Qtr 4,December,1
212,OTHER MANUFACTURES GROUP,ENGINEERING GOODS,MACHINERY SPECIALIZED FOR PARTICULAR INDUSTRIES,,,795,4485,,-25.87,-27.63,Export,2021,Qtr 4,December,1
213,OTHER MANUFACTURES GROUP,ENGINEERING GOODS,AUTO PARTS & ACCESSORIES,,,287,1620,,-50.08,-51.22,Export,2021,Qtr 4,December,1
214,OTHER MANUFACTURES GROUP,ENGINEERING GOODS,OTHER MACHINERY,,,907,5121,,-37.34,-38.8,Export,2021,Qtr 4,December,1
215,OTHER MANUFACTURES GROUP,,GEMS,K.G,998,214,1206,22.45,27.94,24.72,Export,2021,Qtr 4,December,1
216,OTHER MANUFACTURES GROUP,,JEWELLERY,,,133,749,,-18.62,-20.4,Export,2021,Qtr 4,December,1
217,OTHER MANUFACTURES GROUP,,FURNITURE,TH.NOS,45,63,355,-59.09,-57.82,-58.72,Export,2021,Qtr 4,December,1
218,OTHER MANUFACTURES GROUP,,MOLASSES,M.T,0,0,0,0,0,0,Export,2021,Qtr 4,December,1
219,OTHER MANUFACTURES GROUP,,HANDICRAFTS,,,0,0,,0,0,Export,2021,Qtr 4,December,1
220,OTHER MANUFACTURES GROUP,,CEMENT,M.T,702306,4921,27776,-50.37,-43.73,-45.04,Export,2021,Qtr 4,December,1
221,OTHER MANUFACTURES GROUP,,GUAR AND GUAR PRODUCTS,M.T,2596,876,4943,50.04,60.7,56.97,Export,2021,Qtr 4,December,1
222,OTHER MANUFACTURES GROUP,,ALL OTHER ITEMS,,,44421,250719,,13.3,10.62,Export,2021,Qtr 4,December,1
226,FOOD GROUP,RICE,BASMATI,M.T,61298,10298,53517,-15.74,-15.24,20.92,Export,2021,Qtr 1,February,1
227,FOOD GROUP,RICE,OTHERS,M.T,254327,18391,129793,1.12,-2.99,-10.96,Export,2021,Qtr 1,February,1
228,FOOD GROUP,,FISH & FISH PREPARATIONS,M.T,14017,4860,25494,31.21,22.29,19.8,Export,2021,Qtr 1,February,1
229,FOOD GROUP,,FRUITS,M.T,136615,8433,64399,-17.68,-18.07,-17.71,Export,2021,Qtr 1,February,1
230,FOOD GROUP,,VEGETABLES,M.T,159676,7530,64700,54.67,36.04,-26.86,Export,2021,Qtr 1,February,1
231,FOOD GROUP,,LEGUMINOUS VEGETABLES (PULSES),M.T,0,0,0,0,0,0,Export,2021,Qtr 1,February,1
232,FOOD GROUP,,TOBACCO,M.T,400,174,8292,0,6.75,-86.82,Export,2021,Qtr 1,February,1
233,FOOD GROUP,,WHEAT,M.T,0,0,0,0,0,0,Export,2021,Qtr 1,February,1
234,FOOD GROUP,,SPICES,M.T,2242,1433,8209,3.18,-18.86,9.7,Export,2021,Qtr 1,February,1
235,FOOD GROUP,,"OIL SEEDS, NUTS AND KERNALS",M.T,11721,2409,1006,84.12,75.58,1404.77,Export,2021,Qtr 1,February,1
236,FOOD GROUP,,SUGAR,M.T,0,0,0,0,0,0,Export,2021,Qtr 1,February,1
237,FOOD GROUP,,MEAT AND MEAT PREPARATIONS,M.T,8002,4252,25877,0.84,-5.24,3.26,Export,2021,Qtr 1,February,1
238,FOOD GROUP,,ALL OTHER FOOD ITEMS,,,7641,42122,,1.95,14,Export,2021,Qtr 1,February,1
240,TEXTILE GROUP,,RAW COTTON,M.T,0,0,912,0,0,-100,Export,2021,Qtr 1,February,1
241,TEXTILE GROUP,,COTTON YARN,M.T,44419,19137,97647,35.86,39.44,23.16,Export,2021,Qtr 1,February,1
242,TEXTILE GROUP,,COTTON CLOTH,M.T,34544,23705,189231,7.64,-2.19,-21.28,Export,2021,Qtr 1,February,1
243,TEXTILE GROUP,,COTTON CARDED OR COMBED,M.T,0,0,32,0,0,-100,Export,2021,Qtr 1,February,1
244,TEXTILE GROUP,,YARN OTHER THAN COTTON YARN,M.T,1553,524,2593,-7.5,-8.55,27,Export,2021,Qtr 1,February,1
245,TEXTILE GROUP,,KNITWEAR,TH.DOZ,11231,46464,258301,-26.14,-10.85,13.04,Export,2021,Qtr 1,February,1
246,TEXTILE GROUP,,BED WEAR,M.T,33024,32363,205848,-7.35,-7.87,-1.2,Export,2021,Qtr 1,February,1
247,TEXTILE GROUP,,TOWELS,M.T,17271,12329,80364,-11.36,-12.03,-3.59,Export,2021,Qtr 1,February,1
248,TEXTILE GROUP,,"TENTS,CANVAS & TARPULIN",M.T,2897,1326,12092,-26.9,-27.5,-31.09,Export,2021,Qtr 1,February,1
249,TEXTILE GROUP,,READYMADE GARMENTS,,,37945,280397,,-16.25,-14.96,Export,2021,Qtr 1,February,1
250,TEXTILE GROUP,,"ART,SILK & SYNTHETIC TEXTILE",M.T,6690,4640,31724,-12.11,-12.7,-8.09,Export,2021,Qtr 1,February,1
251,TEXTILE GROUP,,MADEUP ARTICLES(EXCL TOWELS & BEDWEAR,,,9406,60780,,-13.24,-2.75,Export,2021,Qtr 1,February,1
252,TEXTILE GROUP,,OTHER TEXTILE MATERIALS,,,8534,53824,,-3.59,-0.36,Export,2021,Qtr 1,February,1
254,PETROLEUM GROUP & COAL,,PETROLEUM CRUDE,M.T,46919,3029,22433,100,100,-15.15,Export,2021,Qtr 1,February,1
255,PETROLEUM GROUP & COAL,,PETROLEUM PRODUCTS(EXCL TOP NAPHTA),M.T,1210,76,9411,-79.53,-77.91,-94.92,Export,2021,Qtr 1,February,1
256,PETROLEUM GROUP & COAL,,PETROLEUM TOP NAPHTA,M.T,700,37,2648,-76.53,-76.73,-91.2,Export,2021,Qtr 1,February,1
257,PETROLEUM GROUP & COAL,,SOLID FUELS (COAL),M.T,0,0,13,0,0,-100,Export,2021,Qtr 1,February,1
259,OTHER MANUFACTURES GROUP,,"CARPETS, RUGS & MATS",TH.SQM,220,899,4281,91.3,-10.37,31.96,Export,2021,Qtr 1,February,1
261,OTHER MANUFACTURES GROUP,SPORTS GOODS,FOOTBALLS,TH.DOZ,183,1422,13749,-4.19,-9.89,-35.01,Export,2021,Qtr 1,February,1
262,OTHER MANUFACTURES GROUP,SPORTS GOODS,GLOVES,TH.DOZ,85,810,7261,6.25,9.46,-29.9,Export,2021,Qtr 1,February,1
263,OTHER MANUFACTURES GROUP,SPORTS GOODS,OTHERS,,,762,4275,,-11.29,12,Export,2021,Qtr 1,February,1
264,OTHER MANUFACTURES GROUP,,LEATHER TANNED,M.T,1054,1988,15816,7.55,-3.26,-21.01,Export,2021,Qtr 1,February,1
266,OTHER MANUFACTURES GROUP,LEATHER MANUFACTURES,LEATHER GARMENTS,TH.DOZ,75,3485,23248,-13.79,-12.94,-5.8,Export,2021,Qtr 1,February,1
267,OTHER MANUFACTURES GROUP,LEATHER MANUFACTURES,LEATHER GLOVES,TH.DOZ,370,2951,18986,-17.78,-16.69,-2.33,Export,2021,Qtr 1,February,1
268,OTHER MANUFACTURES GROUP,LEATHER MANUFACTURES,OTHER LEATHER MANUFACTURES,,,179,1038,,5.92,8.38,Export,2021,Qtr 1,February,1
270,OTHER MANUFACTURES GROUP,FOOTWEAR,LEATHER FOOTWEAR,TH.Pairs,790,1620,10982,15.67,23.85,-7.3,Export,2021,Qtr 1,February,1
271,OTHER MANUFACTURES GROUP,FOOTWEAR,CANVAS FOOTWEAR,TH.Pairs,2,2,0,100,100,100,Export,2021,Qtr 1,February,1
272,OTHER MANUFACTURES GROUP,FOOTWEAR,OTHER FOOTWEAR,TH.Pairs,1020,405,1972,8.51,8.58,29.06,Export,2021,Qtr 1,February,1
273,OTHER MANUFACTURES GROUP,,SURGICAL GOODS & MEDICAL INSTRUMENTS,,,5445,30644,,-8.38,11.66,Export,2021,Qtr 1,February,1
274,OTHER MANUFACTURES GROUP,,CUTLERY,,,1693,7833,,-2.36,35.82,Export,2021,Qtr 1,February,1
275,OTHER MANUFACTURES GROUP,,ONYX MANUFACTURED,M.T,242,83,376,32.24,5.06,38.83,Export,2021,Qtr 1,February,1
277,OTHER MANUFACTURES GROUP,CHEMICALS AND PHARM PRODUCTS,FERTILIZER MANUFACTURED,M.T,0,0,0,0,0,0,Export,2021,Qtr 1,February,1
278,OTHER MANUFACTURES GROUP,CHEMICALS AND PHARM PRODUCTS,PLASTIC MATERIALS,M.T,23250,3758,28537,-2.53,9.21,-17.24,Export,2021,Qtr 1,February,1
279,OTHER MANUFACTURES GROUP,CHEMICALS AND PHARM PRODUCTS,PHARMACEUTICAL PRODUCTS,M.T,1550,3611,20303,-3.19,0,11.77,Export,2021,Qtr 1,February,1
280,OTHER MANUFACTURES GROUP,CHEMICALS AND PHARM PRODUCTS,OTHER CHEMICALS,,,4493,51033,,6.47,-44.67,Export,2021,Qtr 1,February,1
282,OTHER MANUFACTURES GROUP,ENGINEERING GOODS,ELECTRIC FANS,TH.NOS,140,398,2093,-9.68,-9.13,19.49,Export,2021,Qtr 1,February,1
283,OTHER MANUFACTURES GROUP,ENGINEERING GOODS,TRANSPORT EQUIPMENT,,,113,601,,-53.11,18.14,Export,2021,Qtr 1,February,1
284,OTHER MANUFACTURES GROUP,ENGINEERING GOODS,OTHER ELECTRICAL MACHINERY,,,378,3221,,-39.23,-26.27,Export,2021,Qtr 1,February,1
286,OTHER MANUFACTURES GROUP,ENGINEERING GOODS,MACHINERY SPECIALIZED FOR PARTICULAR INDUSTRIES,,,1072,5659,,13.32,19.05,Export,2021,Qtr 1,February,1
287,OTHER MANUFACTURES GROUP,ENGINEERING GOODS,AUTO PARTS & ACCESSORIES,,,289,1158,,16.06,56.82,Export,2021,Qtr 1,February,1
288,OTHER MANUFACTURES GROUP,ENGINEERING GOODS,OTHER MACHINERY,,,599,4738,,-20.66,-20.56,Export,2021,Qtr 1,February,1
289,OTHER MANUFACTURES GROUP,,GEMS,K.G,1065,228,189,400,418.18,658.2,Export,2021,Qtr 1,February,1
290,OTHER MANUFACTURES GROUP,,JEWELLERY,,,30,183,,172.73,3.28,Export,2021,Qtr 1,February,1
291,OTHER MANUFACTURES GROUP,,FURNITURE,,,149,314,,246.51,198.09,Export,2021,Qtr 1,February,1
292,OTHER MANUFACTURES GROUP,,MOLASSES,M.T,81,1,30,100,100,-80,Export,2021,Qtr 1,February,1
293,OTHER MANUFACTURES GROUP,,HANDICRAFTS,,0,0,0,,0,0,Export,2021,Qtr 1,February,1
294,OTHER MANUFACTURES GROUP,,CEMENT,M.T,537452,3107,23791,-11.52,-6.5,-17.93,Export,2021,Qtr 1,February,1
295,OTHER MANUFACTURES GROUP,,GUAR AND GUAR PRODUCTS,M.T,2040,410,3237,7.03,3.02,-20.42,Export,2021,Qtr 1,February,1
296,OTHER MANUFACTURES GROUP,,ALL OTHER ITEMS,,,23800,119318,,2.35,25.35,Export,2021,Qtr 1,February,1
300,FOOD GROUP,RICE,BASMATI,M.T,72749,12149,75858,135.21,138.4,138.28,Export,2021,Qtr 1,January,1
301,FOOD GROUP,RICE,OTHERS,M.T,251505,18957,118368,-44.61,-41.04,-41.06,Export,2021,Qtr 1,January,1
302,FOOD GROUP,,FISH & FISH PREPARATIONS,M.T,10683,3974,24814,-7.91,-13.38,-13.43,Export,2021,Qtr 1,January,1
303,FOOD GROUP,,FRUITS,M.T,165963,10293,64270,-18.7,-23.3,-23.33,Export,2021,Qtr 1,January,1
304,FOOD GROUP,,VEGETABLES,M.T,103234,5535,34561,9.49,-12.5,-12.54,Export,2021,Qtr 1,January,1
305,FOOD GROUP,,LEGUMINOUS VEGETABLES (PULSES),M.T,0,0,0,0,0,0,Export,2021,Qtr 1,January,1
306,FOOD GROUP,,TOBACCO,M.T,400,163,1018,-86,-86.27,-86.27,Export,2021,Qtr 1,January,1
307,FOOD GROUP,,WHEAT,M.T,0,0,0,0,0,0,Export,2021,Qtr 1,January,1
308,FOOD GROUP,,SPICES,M.T,2173,1766,11027,-10.58,9.15,9.12,Export,2021,Qtr 1,January,1
309,FOOD GROUP,,"OIL SEEDS, NUTS AND KERNALS",M.T,6366,1372,8567,-52.5,-39.29,-39.32,Export,2021,Qtr 1,January,1
310,FOOD GROUP,,SUGAR,M.T,0,0,0,0,0,0,Export,2021,Qtr 1,January,1
311,FOOD GROUP,,MEAT AND MEAT PREPARATIONS,M.T,7935,4487,28017,-1.93,0.52,0.47,Export,2021,Qtr 1,January,1
312,FOOD GROUP,,ALL OTHER FOOD ITEMS,,,7495,46799,,-4.05,-4.09,Export,2021,Qtr 1,January,1
314,TEXTILE GROUP,,RAW COTTON,M.T,0,0,0,-100,-100,-100,Export,2021,Qtr 1,January,1
315,TEXTILE GROUP,,COTTON YARN,M.T,32694,13724,85693,-16.84,-10.86,-10.9,Export,2021,Qtr 1,January,1
316,TEXTILE GROUP,,COTTON CLOTH,M.T,32091,24235,151324,-10.94,-6.45,-6.5,Export,2021,Qtr 1,January,1
317,TEXTILE GROUP,,COTTON CARDED OR COMBED,M.T,0,0,0,0,0,0,Export,2021,Qtr 1,January,1
318,TEXTILE GROUP,,YARN OTHER THAN COTTON YARN,M.T,1679,573,3578,30.05,22.7,22.7,Export,2021,Qtr 1,January,1
319,TEXTILE GROUP,,KNITWEAR,TH.DOZ,15205,52118,325425,-8.14,-4.82,-4.87,Export,2021,Qtr 1,January,1
320,TEXTILE GROUP,,BED WEAR,M.T,35643,35126,219327,-15.35,-14.29,-14.33,Export,2021,Qtr 1,January,1
321,TEXTILE GROUP,,TOWELS,M.T,19485,14015,87510,2.48,5.49,5.44,Export,2021,Qtr 1,January,1
322,TEXTILE GROUP,,"TENTS,CANVAS & TARPULIN",M.T,3963,1829,11420,-14.18,-6.64,-6.68,Export,2021,Qtr 1,January,1
323,TEXTILE GROUP,,READYMADE GARMENTS,,,45307,282897,,-0.59,-0.63,Export,2021,Qtr 1,January,1
324,TEXTILE GROUP,,"ART,SILK & SYNTHETIC TEXTILE",M.T,7612,5315,33187,-6.77,-0.77,-0.8,Export,2021,Qtr 1,January,1
325,TEXTILE GROUP,,MADEUP ARTICLES(EXCL TOWELS & BEDWEAR,,,10841,67691,,-6.06,-6.1,Export,2021,Qtr 1,January,1
326,TEXTILE GROUP,,OTHER TEXTILE MATERIALS,,,8852,55272,,-1.99,-2.04,Export,2021,Qtr 1,January,1
328,PETROLEUM GROUP & COAL,,PETROLEUM CRUDE,M.T,0,0,0,100,100,100,Export,2021,Qtr 1,January,1
329,PETROLEUM GROUP & COAL,,PETROLEUM PRODUCTS(EXCL TOP NAPHTA),M.T,5911,344,2148,-3.56,-10.88,-10.95,Export,2021,Qtr 1,January,1
330,PETROLEUM GROUP & COAL,,PETROLEUM TOP NAPHTA,M.T,2982,159,993,-44.62,-50.93,-50.94,Export,2021,Qtr 1,January,1
331,PETROLEUM GROUP & COAL,,SOLID FUELS (COAL),M.T,0,0,0,0,0,0,Export,2021,Qtr 1,January,1
333,OTHER MANUFACTURES GROUP,,"CARPETS, RUGS & MATS",TH.SQM,115,1003,6263,-7.26,-9.64,-9.68,Export,2021,Qtr 1,January,1
335,OTHER MANUFACTURES GROUP,SPORTS GOODS,FOOTBALLS,TH.DOZ,191,1578,9853,-13.96,-11.94,-11.97,Export,2021,Qtr 1,January,1
336,OTHER MANUFACTURES GROUP,SPORTS GOODS,GLOVES,TH.DOZ,80,740,4621,-6.98,-13.45,-13.45,Export,2021,Qtr 1,January,1
337,OTHER MANUFACTURES GROUP,SPORTS GOODS,OTHERS,,,859,5364,,5.01,5.03,Export,2021,Qtr 1,January,1
338,OTHER MANUFACTURES GROUP,,LEATHER TANNED,M.T,980,2055,12831,-4.2,-13.76,-13.79,Export,2021,Qtr 1,January,1
340,OTHER MANUFACTURES GROUP,LEATHER MANUFACTURES,LEATHER GARMENTS,TH.DOZ,87,4003,24995,-8.42,-7.1,-7.14,Export,2021,Qtr 1,January,1
341,OTHER MANUFACTURES GROUP,LEATHER MANUFACTURES,LEATHER GLOVES,TH.DOZ,450,3542,22116,-12.45,-6.76,-6.81,Export,2021,Qtr 1,January,1
342,OTHER MANUFACTURES GROUP,LEATHER MANUFACTURES,OTHER LEATHER MANUFACTURES,,,169,1055,,-31.02,-31,Export,2021,Qtr 1,January,1
344,OTHER MANUFACTURES GROUP,FOOTWEAR,LEATHER FOOTWEAR,TH.Pairs,683,1308,8167,-30.02,-26.97,-26.99,Export,2021,Qtr 1,January,1
345,OTHER MANUFACTURES GROUP,FOOTWEAR,CANVAS FOOTWEAR,TH.Pairs,0,0,0,-100,-100,-100,Export,2021,Qtr 1,January,1
346,OTHER MANUFACTURES GROUP,FOOTWEAR,OTHER FOOTWEAR,TH.Pairs,940,373,2329,25.84,16.2,16.1,Export,2021,Qtr 1,January,1
347,OTHER MANUFACTURES GROUP,,SURGICAL GOODS & MEDICAL INSTRUMENTS,,,5943,37108,,4.23,4.17,Export,2021,Qtr 1,January,1
348,OTHER MANUFACTURES GROUP,,CUTLERY,,,1734,10827,,8.58,8.51,Export,2021,Qtr 1,January,1
349,OTHER MANUFACTURES GROUP,,ONYX MANUFACTURED,M.T,183,79,493,40.77,14.49,14.65,Export,2021,Qtr 1,January,1
351,OTHER MANUFACTURES GROUP,CHEMICALS AND PHARM PRODUCTS,FERTILIZER MANUFACTURED,M.T,0,0,0,0,0,0,Export,2021,Qtr 1,January,1
352,OTHER MANUFACTURES GROUP,CHEMICALS AND PHARM PRODUCTS,PLASTIC MATERIALS,M.T,23854,3441,21486,17.15,18.98,18.94,Export,2021,Qtr 1,January,1
353,OTHER MANUFACTURES GROUP,CHEMICALS AND PHARM PRODUCTS,PHARMACEUTICAL PRODUCTS,M.T,1601,3611,22547,-11.4,-9.2,-9.25,Export,2021,Qtr 1,January,1
354,OTHER MANUFACTURES GROUP,CHEMICALS AND PHARM PRODUCTS,OTHER CHEMICALS,,,4220,26350,,-44.17,-44.19,Export,2021,Qtr 1,January,1
356,OTHER MANUFACTURES GROUP,ENGINEERING GOODS,ELECTRIC FANS,TH.NOS,155,438,2735,56.57,61.03,60.69,Export,2021,Qtr 1,January,1
357,OTHER MANUFACTURES GROUP,ENGINEERING GOODS,TRANSPORT EQUIPMENT,,,241,1505,,20.5,20.59,Export,2021,Qtr 1,January,1
358,OTHER MANUFACTURES GROUP,ENGINEERING GOODS,OTHER ELECTRICAL MACHINERY,,,622,3884,,0.48,0.39,Export,2021,Qtr 1,January,1
360,OTHER MANUFACTURES GROUP,ENGINEERING GOODS,MACHINERY SPECIALIZED FOR PARTICULAR INDUSTRIES,,,946,5907,,2.38,2.36,Export,2021,Qtr 1,January,1
361,OTHER MANUFACTURES GROUP,ENGINEERING GOODS,AUTO PARTS & ACCESSORIES,,,249,1555,,-11.7,-11.85,Export,2021,Qtr 1,January,1
362,OTHER MANUFACTURES GROUP,ENGINEERING GOODS,OTHER MACHINERY,,,755,4714,,-35.58,-35.6,Export,2021,Qtr 1,January,1
363,OTHER MANUFACTURES GROUP,,GEMS,K.G,213,44,275,-81.48,-82.26,-82.28,Export,2021,Qtr 1,January,1
364,OTHER MANUFACTURES GROUP,,JEWELLERY,,,11,69,,-95.47,-95.45,Export,2021,Qtr 1,January,1
365,OTHER MANUFACTURES GROUP,,FURNITURE,,,43,268,,-24.56,-24.29,Export,2021,Qtr 1,January,1
366,OTHER MANUFACTURES GROUP,,MOLASSES,M.T,143,2,12,100,100,100,Export,2021,Qtr 1,January,1
367,OTHER MANUFACTURES GROUP,,HANDICRAFTS,,,0,0,,0,0,Export,2021,Qtr 1,January,1
368,OTHER MANUFACTURES GROUP,,CEMENT,M.T,607441,3323,20749,2.4,7.82,7.78,Export,2021,Qtr 1,January,1
369,OTHER MANUFACTURES GROUP,,GUAR AND GUAR PRODUCTS,M.T,1906,398,2485,-25.02,-19.76,-19.81,Export,2021,Qtr 1,January,1
370,OTHER MANUFACTURES GROUP,,ALL OTHER ITEMS,,,23253,145189,,-9.08,-9.12,Export,2021,Qtr 1,January,1
374,FOOD GROUP,RICE,BASMATI,M.T,70715,9785,61309,3.91,0.26,-1.9,Export,2021,Qtr 3,July,1
375,FOOD GROUP,RICE,OTHERS,M.T,155677,12510,78383,-37.53,-34.89,-36.29,Export,2021,Qtr 3,July,1
376,FOOD GROUP,,FISH & FISH PREPARATIONS,M.T,6759,2253,14116,-49.24,-53.97,-54.96,Export,2021,Qtr 3,July,1
377,FOOD GROUP,,FRUITS,M.T,53812,7736,48471,-41.8,-34.49,-35.9,Export,2021,Qtr 3,July,1
378,FOOD GROUP,,VEGETABLES,M.T,53404,2749,17224,-31.14,-26.18,-27.78,Export,2021,Qtr 3,July,1
379,FOOD GROUP,,LEGUMINOUS VEGETABLES (PULSES),M.T,0,0,0,-100,-100,-100,Export,2021,Qtr 3,July,1
380,FOOD GROUP,,TOBACCO,M.T,280,149,934,-81.88,-82.22,-82.59,Export,2021,Qtr 3,July,1
381,FOOD GROUP,,WHEAT,M.T,0,0,0,0,0,0,Export,2021,Qtr 3,July,1
382,FOOD GROUP,,SPICES,M.T,1396,883,5533,-41.12,-43.14,-44.35,Export,2021,Qtr 3,July,1
383,FOOD GROUP,,"OIL SEEDS, NUTS AND KERNALS",M.T,2930,688,4311,-44.53,-21.82,-23.46,Export,2021,Qtr 3,July,1
384,FOOD GROUP,,SUGAR,M.T,0,0,0,0,0,0,Export,2021,Qtr 3,July,1
385,FOOD GROUP,,MEAT AND MEAT PREPARATIONS,M.T,5899,3938,24674,-13.15,-2.65,-4.74,Export,2021,Qtr 3,July,1
386,FOOD GROUP,,ALL OTHER FOOD ITEMS,,,13216,82806,,22.7,20.05,Export,2021,Qtr 3,July,1
388,TEXTILE GROUP,,RAW COTTON,M.T,0,0,0,-100,-100,-100,Export,2021,Qtr 3,July,1
389,TEXTILE GROUP,,COTTON YARN,M.T,28777,14344,89874,-27,-24.05,-25.68,Export,2021,Qtr 3,July,1
390,TEXTILE GROUP,,COTTON CLOTH,M.T,41504,28639,179441,-11.06,-10.45,-12.38,Export,2021,Qtr 3,July,1
391,TEXTILE GROUP,,COTTON CARDED OR COMBED,M.T,306,62,388,100,100,100,Export,2021,Qtr 3,July,1
392,TEXTILE GROUP,,YARN OTHER THAN COTTON YARN,M.T,1140,457,2863,-32.78,-34.34,-35.76,Export,2021,Qtr 3,July,1
393,TEXTILE GROUP,,KNITWEAR,TH.DOZ,16061,62681,392734,-23.8,-2.07,-4.18,Export,2021,Qtr 3,July,1
394,TEXTILE GROUP,,BED WEAR,M.T,40634,42030,263343,-20.89,-9.99,-11.93,Export,2021,Qtr 3,July,1
395,TEXTILE GROUP,,TOWELS,M.T,16295,12420,77819,-26.68,-19.69,-21.42,Export,2021,Qtr 3,July,1
396,TEXTILE GROUP,,"TENTS,CANVAS & TARPULIN",M.T,2134,1055,6610,-28.12,-22.65,-24.34,Export,2021,Qtr 3,July,1
397,TEXTILE GROUP,,READYMADE GARMENTS,,,48070,301188,,-5.55,-7.59,Export,2021,Qtr 3,July,1
398,TEXTILE GROUP,,"ART,SILK & SYNTHETIC TEXTILE",M.T,7052,5165,32362,-32.5,-25.29,-26.89,Export,2021,Qtr 3,July,1
399,TEXTILE GROUP,,MADEUP ARTICLES(EXCL TOWELS & BEDWEAR,,19623,10707,67086,,-13.35,-15.22,Export,2021,Qtr 3,July,1
400,TEXTILE GROUP,,OTHER TEXTILE MATERIALS,,40532,9183,57537,,-6.13,-8.16,Export,2021,Qtr 3,July,1
402,PETROLEUM GROUP & COAL,,PETROLEUM CRUDE,M.T,49272,4514,28283,7.69,27.01,24.28,Export,2021,Qtr 3,July,1
403,PETROLEUM GROUP & COAL,,PETROLEUM PRODUCTS(EXCL TOP NAPHTA),M.T,800,179,1122,-93.6,-88.71,-88.95,Export,2021,Qtr 3,July,1
404,PETROLEUM GROUP & COAL,,PETROLEUM TOP NAPHTA,M.T,0,0,0,0,0,0,Export,2021,Qtr 3,July,1
405,PETROLEUM GROUP & COAL,,SOLID FUELS (COAL),M.T,0,0,0,0,0,0,Export,2021,Qtr 3,July,1
407,OTHER MANUFACTURES GROUP,,"CARPETS, RUGS & MATS",TH.SQM,115,882,5526,-22.82,-23.37,-25.05,Export,2021,Qtr 3,July,1
409,OTHER MANUFACTURES GROUP,SPORTS GOODS,FOOTBALLS,TH.DOZ,225,1906,11942,-18.48,-14.49,-16.33,Export,2021,Qtr 3,July,1
410,OTHER MANUFACTURES GROUP,SPORTS GOODS,GLOVES,TH.DOZ,200,951,5959,-18.37,-14.71,-16.54,Export,2021,Qtr 3,July,1
411,OTHER MANUFACTURES GROUP,SPORTS GOODS,OTHERS,,123,1350,8459,,-1.82,-3.95,Export,2021,Qtr 3,July,1
412,OTHER MANUFACTURES GROUP,,LEATHER TANNED,M.T,2275,2551,15984,43.9,-2.34,-4.44,Export,2021,Qtr 3,July,1
414,OTHER MANUFACTURES GROUP,LEATHER MANUFACTURES,LEATHER GARMENTS,TH.DOZ,160,5527,34630,8.84,16.26,13.76,Export,2021,Qtr 3,July,1
415,OTHER MANUFACTURES GROUP,LEATHER MANUFACTURES,LEATHER GLOVES,TH.DOZ,870,4193,26272,-5.23,-0.31,-2.45,Export,2021,Qtr 3,July,1
416,OTHER MANUFACTURES GROUP,LEATHER MANUFACTURES,OTHER LEATHER MANUFACTURES,,340,262,1642,,-7.75,-9.68,Export,2021,Qtr 3,July,1
418,OTHER MANUFACTURES GROUP,FOOTWEAR,LEATHER FOOTWEAR,TH.Pairs,635,1631,10219,-32.01,-33.13,-34.57,Export,2021,Qtr 3,July,1
419,OTHER MANUFACTURES GROUP,FOOTWEAR,CANVAS FOOTWEAR,TH.Pairs,2,1,6,-60,-66.67,100,Export,2021,Qtr 3,July,1
420,OTHER MANUFACTURES GROUP,FOOTWEAR,OTHER FOOTWEAR,TH.Pairs,735,463,2901,-22.47,2.43,0.28,Export,2021,Qtr 3,July,1
421,OTHER MANUFACTURES GROUP,,SURGICAL GOODS & MEDICAL INSTRUMENTS,,29234,6051,37913,,-0.64,-2.79,Export,2021,Qtr 3,July,1
422,OTHER MANUFACTURES GROUP,,CUTLERY,,50210,1529,9580,,-16.86,-18.65,Export,2021,Qtr 3,July,1
423,OTHER MANUFACTURES GROUP,,ONYX MANUFACTURED,M.T,300,100,627,10.7,25,21.75,Export,2021,Qtr 3,July,1
425,OTHER MANUFACTURES GROUP,CHEMICALS AND PHARM PRODUCTS,FERTILIZER MANUFACTURED,M.T,0,0,0,0,0,0,Export,2021,Qtr 3,July,1
426,OTHER MANUFACTURES GROUP,CHEMICALS AND PHARM PRODUCTS,PLASTIC MATERIALS,M.T,21172,4804,30100,-42.73,-40.49,-41.77,Export,2021,Qtr 3,July,1
427,OTHER MANUFACTURES GROUP,CHEMICALS AND PHARM PRODUCTS,PHARMACEUTICAL PRODUCTS,M.T,2150,3877,24292,-29.51,-15.79,-17.6,Export,2021,Qtr 3,July,1
428,OTHER MANUFACTURES GROUP,CHEMICALS AND PHARM PRODUCTS,OTHER CHEMICALS,,91373,10655,66760,,17.7,15.16,Export,2021,Qtr 3,July,1
430,OTHER MANUFACTURES GROUP,ENGINEERING GOODS,ELECTRIC FANS,TH.NOS,130,369,2312,-55.02,-48.32,-49.45,Export,2021,Qtr 3,July,1
431,OTHER MANUFACTURES GROUP,ENGINEERING GOODS,TRANSPORT EQUIPMENT,,,137,858,,-59.82,-60.75,Export,2021,Qtr 3,July,1
432,OTHER MANUFACTURES GROUP,ENGINEERING GOODS,OTHER ELECTRICAL MACHINERY,,,393,2462,,-42.71,-43.97,Export,2021,Qtr 3,July,1
434,OTHER MANUFACTURES GROUP,ENGINEERING GOODS,MACHINERY SPECIALIZED FOR PARTICULAR INDUSTRIES,,,794,4975,,-15.26,-17.1,Export,2021,Qtr 3,July,1
435,OTHER MANUFACTURES GROUP,ENGINEERING GOODS,AUTO PARTS & ACCESSORIES,,,334,2093,,-9.24,-11.2,Export,2021,Qtr 3,July,1
436,OTHER MANUFACTURES GROUP,ENGINEERING GOODS,OTHER MACHINERY,,,1203,7538,,12.75,10.35,Export,2021,Qtr 3,July,1
437,OTHER MANUFACTURES GROUP,,GEMS,K.G,254,37,232,11.89,-13.95,-15.64,Export,2021,Qtr 3,July,1
438,OTHER MANUFACTURES GROUP,,JEWELLERY,,,69,432,,-31,-32.81,Export,2021,Qtr 3,July,1
439,OTHER MANUFACTURES GROUP,,FURNITURE,,,73,457,,-33.64,-35.27,Export,2021,Qtr 3,July,1
440,OTHER MANUFACTURES GROUP,,MOLASSES,M.T,0,0,0,-100,-100,-100,Export,2021,Qtr 3,July,1
441,OTHER MANUFACTURES GROUP,,HANDICRAFTS,,,0,0,,0,0,Export,2021,Qtr 3,July,1
442,OTHER MANUFACTURES GROUP,,CEMENT,M.T,299605,1910,11967,-19.59,-14.62,-16.46,Export,2021,Qtr 3,July,1
443,OTHER MANUFACTURES GROUP,,GUAR AND GUAR PRODUCTS,M.T,2047,419,2625,-32.69,-27.13,-28.75,Export,2021,Qtr 3,July,1
444,OTHER MANUFACTURES GROUP,,ALL OTHER ITEMS,,,27546,172590,,-25.24,-26.84,Export,2021,Qtr 3,July,1
448,FOOD GROUP,RICE,BASMATI,M.T,77696,10722,68659,82.03,90.04,86.56,Export,2021,Qtr 2,June,1
449,FOOD GROUP,RICE,OTHERS,M.T,246100,18190,116480,83.07,71.07,67.93,Export,2021,Qtr 2,June,1
450,FOOD GROUP,,FISH & FISH PREPARATIONS,M.T,13168,4830,30929,-1.99,0.77,-1.08,Export,2021,Qtr 2,June,1
451,FOOD GROUP,,FRUITS,M.T,99569,11792,75510,413.45,598.58,585.89,Export,2021,Qtr 2,June,1
452,FOOD GROUP,,VEGETABLES,M.T,77911,3783,24225,19.6,33.02,30.56,Export,2021,Qtr 2,June,1
453,FOOD GROUP,,LEGUMINOUS VEGETABLES (PULSES),M.T,0,0,0,0,0,0,Export,2021,Qtr 2,June,1
454,FOOD GROUP,,TOBACCO,M.T,1903,838,5366,118.74,95.79,91.99,Export,2021,Qtr 2,June,1
455,FOOD GROUP,,WHEAT,M.T,0,0,0,0,0,0,Export,2021,Qtr 2,June,1
456,FOOD GROUP,,SPICES,M.T,2485,1555,9957,95.21,73.36,70.09,Export,2021,Qtr 2,June,1
457,FOOD GROUP,,"OIL SEEDS, NUTS AND KERNALS",M.T,5076,882,5648,13.33,47.25,44.6,Export,2021,Qtr 2,June,1
458,FOOD GROUP,,SUGAR,M.T,0,0,0,0,0,0,Export,2021,Qtr 2,June,1
459,FOOD GROUP,,MEAT AND MEAT PREPARATIONS,M.T,7135,4324,27689,-2.19,6.66,4.7,Export,2021,Qtr 2,June,1
460,FOOD GROUP,,ALL OTHER FOOD ITEMS,,,10787,69075,,92.08,88.53,Export,2021,Qtr 2,June,1
462,TEXTILE GROUP,,RAW COTTON,M.T,95,33,211,0,0,0,Export,2021,Qtr 2,June,1
463,TEXTILE GROUP,,COTTON YARN,M.T,38943,18885,120931,64.82,70.9,67.76,Export,2021,Qtr 2,June,1
464,TEXTILE GROUP,,COTTON CLOTH,M.T,46667,31980,204785,55.48,54.93,52.08,Export,2021,Qtr 2,June,1
465,TEXTILE GROUP,,COTTON CARDED OR COMBED,M.T,0,0,0,0,0,0,Export,2021,Qtr 2,June,1
466,TEXTILE GROUP,,YARN OTHER THAN COTTON YARN,M.T,1793,696,4457,106.33,136.73,132.74,Export,2021,Qtr 2,June,1
467,TEXTILE GROUP,,KNITWEAR,TH.DOZ,23154,64187,411024,39.84,47.45,44.74,Export,2021,Qtr 2,June,1
468,TEXTILE GROUP,,BED WEAR,M.T,46587,46694,299007,52.61,68.29,65.2,Export,2021,Qtr 2,June,1
469,TEXTILE GROUP,,TOWELS,M.T,21238,15465,99031,59.77,63.25,60.26,Export,2021,Qtr 2,June,1
470,TEXTILE GROUP,,"TENTS,CANVAS & TARPULIN",M.T,2926,1364,8734,46.45,50.22,47.36,Export,2021,Qtr 2,June,1
471,TEXTILE GROUP,,READYMADE GARMENTS,,,50895,325908,,70.4,67.27,Export,2021,Qtr 2,June,1
472,TEXTILE GROUP,,"ART,SILK & SYNTHETIC TEXTILE",M.T,9387,6913,44268,67.03,84,80.6,Export,2021,Qtr 2,June,1
473,TEXTILE GROUP,,MADEUP ARTICLES(EXCL TOWELS & BEDWEAR,,,12342,79032,,62.29,59.3,Export,2021,Qtr 2,June,1
474,TEXTILE GROUP,,OTHER TEXTILE MATERIALS,,,9784,62652,,53.35,50.52,Export,2021,Qtr 2,June,1
476,PETROLEUM GROUP & COAL,,PETROLEUM CRUDE,M.T,45753,3554,22758,100,100,100,Export,2021,Qtr 2,June,1
477,PETROLEUM GROUP & COAL,,PETROLEUM PRODUCTS(EXCL TOP NAPHTA),M.T,12436,1585,10150,161.37,163.73,159.13,Export,2021,Qtr 2,June,1
478,PETROLEUM GROUP & COAL,,PETROLEUM TOP NAPHTA,M.T,0,0,0,0,0,0,Export,2021,Qtr 2,June,1
479,PETROLEUM GROUP & COAL,,SOLID FUELS (COAL),M.T,0,0,0,0,0,0,Export,2021,Qtr 2,June,1
481,OTHER MANUFACTURES GROUP,,"CARPETS, RUGS & MATS",TH.SQM,150,1151,7370,-5.66,8.58,6.55,Export,2021,Qtr 2,June,1
483,OTHER MANUFACTURES GROUP,SPORTS GOODS,FOOTBALLS,TH.DOZ,271,2229,14273,60.36,61.76,58.78,Export,2021,Qtr 2,June,1
484,OTHER MANUFACTURES GROUP,SPORTS GOODS,GLOVES,TH.DOZ,189,1109,7102,-27.03,-22.07,-23.51,Export,2021,Qtr 2,June,1
485,OTHER MANUFACTURES GROUP,SPORTS GOODS,OTHERS,,,1259,8062,,-0.63,-2.48,Export,2021,Qtr 2,June,1
486,OTHER MANUFACTURES GROUP,,LEATHER TANNED,M.T,2112,2612,16726,54.61,8.7,6.7,Export,2021,Qtr 2,June,1
488,OTHER MANUFACTURES GROUP,LEATHER MANUFACTURES,LEATHER GARMENTS,TH.DOZ,166,4746,30391,84.44,86.56,83.1,Export,2021,Qtr 2,June,1
489,OTHER MANUFACTURES GROUP,LEATHER MANUFACTURES,LEATHER GLOVES,TH.DOZ,987,4272,27356,43.88,65.71,62.7,Export,2021,Qtr 2,June,1
490,OTHER MANUFACTURES GROUP,LEATHER MANUFACTURES,OTHER LEATHER MANUFACTURES,,,284,1819,,61.36,58.45,Export,2021,Qtr 2,June,1
492,OTHER MANUFACTURES GROUP,FOOTWEAR,LEATHER FOOTWEAR,TH.Pairs,1061,2439,15618,369.47,232.29,226.33,Export,2021,Qtr 2,June,1
493,OTHER MANUFACTURES GROUP,FOOTWEAR,CANVAS FOOTWEAR,TH.Pairs,2,3,19,-50,-40,-38.71,Export,2021,Qtr 2,June,1
494,OTHER MANUFACTURES GROUP,FOOTWEAR,OTHER FOOTWEAR,TH.Pairs,900,452,2894,134.99,149.72,145.05,Export,2021,Qtr 2,June,1
495,OTHER MANUFACTURES GROUP,,SURGICAL GOODS & MEDICAL INSTRUMENTS,,,6073,38889,,36.78,34.25,Export,2021,Qtr 2,June,1
496,OTHER MANUFACTURES GROUP,,CUTLERY,,,1839,11776,,55.58,52.72,Export,2021,Qtr 2,June,1
497,OTHER MANUFACTURES GROUP,,ONYX MANUFACTURED,M.T,271,80,512,-5.9,-51.22,-52.06,Export,2021,Qtr 2,June,1
499,OTHER MANUFACTURES GROUP,CHEMICALS AND PHARM PRODUCTS,FERTILIZER MANUFACTURED,M.T,0,0,0,0,0,0,Export,2021,Qtr 2,June,1
500,OTHER MANUFACTURES GROUP,CHEMICALS AND PHARM PRODUCTS,PLASTIC MATERIALS,M.T,38207,8073,51696,204.46,189.15,183.78,Export,2021,Qtr 2,June,1
501,OTHER MANUFACTURES GROUP,CHEMICALS AND PHARM PRODUCTS,PHARMACEUTICAL PRODUCTS,M.T,2897,4585,29360,102.59,111.78,107.9,Export,2021,Qtr 2,June,1
502,OTHER MANUFACTURES GROUP,CHEMICALS AND PHARM PRODUCTS,OTHER CHEMICALS,,,9050,57952,,124.34,120.2,Export,2021,Qtr 2,June,1
504,OTHER MANUFACTURES GROUP,ENGINEERING GOODS,ELECTRIC FANS,TH.NOS,280,714,4572,89.19,94.02,90.42,Export,2021,Qtr 2,June,1
505,OTHER MANUFACTURES GROUP,ENGINEERING GOODS,TRANSPORT EQUIPMENT,,,351,2248,,61.75,58.65,Export,2021,Qtr 2,June,1
506,OTHER MANUFACTURES GROUP,ENGINEERING GOODS,OTHER ELECTRICAL MACHINERY,,,698,4470,,86.63,83.35,Export,2021,Qtr 2,June,1
508,OTHER MANUFACTURES GROUP,ENGINEERING GOODS,MACHINERY SPECIALIZED FOR PARTICULAR INDUSTRIES,,,915,5859,,-8.13,-9.82,Export,2021,Qtr 2,June,1
509,OTHER MANUFACTURES GROUP,ENGINEERING GOODS,AUTO PARTS & ACCESSORIES,,,381,2440,,74.77,71.83,Export,2021,Qtr 2,June,1
510,OTHER MANUFACTURES GROUP,ENGINEERING GOODS,OTHER MACHINERY,,,1072,6865,,74.31,71.24,Export,2021,Qtr 2,June,1
511,OTHER MANUFACTURES GROUP,,GEMS,K.G,227,43,275,44.59,0,-2.14,Export,2021,Qtr 2,June,1
512,OTHER MANUFACTURES GROUP,,JEWELLERY,,,100,640,,29.87,26.98,Export,2021,Qtr 2,June,1
513,OTHER MANUFACTURES GROUP,,FURNITURE,,,110,704,,197.3,194.56,Export,2021,Qtr 2,June,1
514,OTHER MANUFACTURES GROUP,,MOLASSES,M.T,76,1,6,0,0,0,Export,2021,Qtr 2,June,1
515,OTHER MANUFACTURES GROUP,,HANDICRAFTS,,,0,0,,0,0,Export,2021,Qtr 2,June,1
516,OTHER MANUFACTURES GROUP,,CEMENT,M.T,372580,2237,14325,-54.48,-48.85,-49.79,Export,2021,Qtr 2,June,1
517,OTHER MANUFACTURES GROUP,,GUAR AND GUAR PRODUCTS,M.T,3041,575,3682,44.33,44.11,41.34,Export,2021,Qtr 2,June,1
518,OTHER MANUFACTURES GROUP,,ALL OTHER ITEMS,,,36592,234325,,75.81,72.6,Export,2021,Qtr 2,June,1
522,FOOD GROUP,RICE,BASMATI,M.T,87413,13112,84035,68.09,69.89,73.28,Export,2021,Qtr 1,March,1
523,FOOD GROUP,RICE,OTHERS,M.T,298565,21606,138474,11.6,3.02,5.07,Export,2021,Qtr 1,March,1
524,FOOD GROUP,,FISH & FISH PREPARATIONS,M.T,23975,8177,52407,70.06,66.81,70.14,Export,2021,Qtr 1,March,1
525,FOOD GROUP,,FRUITS,M.T,92683,6000,38454,-32.21,-28.66,-27.24,Export,2021,Qtr 1,March,1
526,FOOD GROUP,,VEGETABLES,M.T,165487,7437,47664,3.32,-1.5,0.46,Export,2021,Qtr 1,March,1
527,FOOD GROUP,,LEGUMINOUS VEGETABLES (PULSES),M.T,0,0,0,0,0,0,Export,2021,Qtr 1,March,1
528,FOOD GROUP,,TOBACCO,M.T,1029,385,2467,130.72,121.26,125.09,Export,2021,Qtr 1,March,1
529,FOOD GROUP,,WHEAT,M.T,0,0,0,0,0,0,Export,2021,Qtr 1,March,1
530,FOOD GROUP,,SPICES,M.T,1985,1290,8268,-12.56,-12.48,-10.71,Export,2021,Qtr 1,March,1
531,FOOD GROUP,,"OIL SEEDS, NUTS AND KERNALS",M.T,12716,2551,16349,-7.88,7.05,9.17,Export,2021,Qtr 1,March,1
532,FOOD GROUP,,SUGAR,M.T,0,0,0,0,0,0,Export,2021,Qtr 1,March,1
533,FOOD GROUP,,MEAT AND MEAT PREPARATIONS,M.T,9889,5187,33244,27.32,24.66,27.14,Export,2021,Qtr 1,March,1
534,FOOD GROUP,,ALL OTHER FOOD ITEMS,,,8935,57265,,17.18,19.52,Export,2021,Qtr 1,March,1
536,TEXTILE GROUP,,RAW COTTON,M.T,0,0,0,0,0,0,Export,2021,Qtr 1,March,1
537,TEXTILE GROUP,,COTTON YARN,M.T,39063,17869,114523,-12.43,-6.63,-4.77,Export,2021,Qtr 1,March,1
538,TEXTILE GROUP,,COTTON CLOTH,M.T,42127,28691,183882,21.95,21.03,23.44,Export,2021,Qtr 1,March,1
539,TEXTILE GROUP,,COTTON CARDED OR COMBED,M.T,49,10,64,100,100,100,Export,2021,Qtr 1,March,1
540,TEXTILE GROUP,,YARN OTHER THAN COTTON YARN,M.T,1609,504,3230,21.16,-3.82,-1.85,Export,2021,Qtr 1,March,1
541,TEXTILE GROUP,,KNITWEAR,TH.DOZ,15235,48974,313876,2.34,5.4,7.5,Export,2021,Qtr 1,March,1
542,TEXTILE GROUP,,BED WEAR,M.T,38344,36726,235378,16.15,13.48,15.74,Export,2021,Qtr 1,March,1
543,TEXTILE GROUP,,TOWELS,M.T,18131,12705,81427,5.33,3.05,5.1,Export,2021,Qtr 1,March,1
544,TEXTILE GROUP,,"TENTS,CANVAS & TARPULIN",M.T,2326,1081,6928,-23.61,-18.48,-16.89,Export,2021,Qtr 1,March,1
545,TEXTILE GROUP,,READYMADE GARMENTS,,,40088,256925,,5.64,7.75,Export,2021,Qtr 1,March,1
546,TEXTILE GROUP,,"ART,SILK & SYNTHETIC TEXTILE",M.T,9059,6141,39358,28.81,32.35,34.98,Export,2021,Qtr 1,March,1
547,TEXTILE GROUP,,MADEUP ARTICLES(EXCL TOWELS & BEDWEAR,,,9285,59508,,-1.3,0.67,Export,2021,Qtr 1,March,1
548,TEXTILE GROUP,,OTHER TEXTILE MATERIALS,,,9435,60469,,10.57,12.77,Export,2021,Qtr 1,March,1
550,PETROLEUM GROUP & COAL,,PETROLEUM CRUDE,M.T,0,0,0,-100,-100,-100,Export,2021,Qtr 1,March,1
551,PETROLEUM GROUP & COAL,,PETROLEUM PRODUCTS(EXCL TOP NAPHTA),M.T,422,86,551,-8.46,13.16,16,Export,2021,Qtr 1,March,1
552,PETROLEUM GROUP & COAL,,PETROLEUM TOP NAPHTA,M.T,0,0,0,-100,-100,-100,Export,2021,Qtr 1,March,1
553,PETROLEUM GROUP & COAL,,SOLID FUELS (COAL),M.T,0,0,0,0,0,0,Export,2021,Qtr 1,March,1
555,OTHER MANUFACTURES GROUP,,"CARPETS, RUGS & MATS",TH.SQM,137,1057,6774,15.13,17.58,19.89,Export,2021,Qtr 1,March,1
557,OTHER MANUFACTURES GROUP,SPORTS GOODS,FOOTBALLS,TH.DOZ,220,1778,11395,24.29,25.04,27.5,Export,2021,Qtr 1,March,1
558,OTHER MANUFACTURES GROUP,SPORTS GOODS,GLOVES,TH.DOZ,155,894,5730,1.97,10.37,12.53,Export,2021,Qtr 1,March,1
559,OTHER MANUFACTURES GROUP,SPORTS GOODS,OTHERS,,,1041,6672,,36.44,39.14,Export,2021,Qtr 1,March,1
560,OTHER MANUFACTURES GROUP,,LEATHER TANNED,M.T,1542,2480,15894,81.2,24.75,27.24,Export,2021,Qtr 1,March,1
562,OTHER MANUFACTURES GROUP,LEATHER MANUFACTURES,LEATHER GARMENTS,TH.DOZ,78,3091,19810,-25,-11.31,-9.54,Export,2021,Qtr 1,March,1
563,OTHER MANUFACTURES GROUP,LEATHER MANUFACTURES,LEATHER GLOVES,TH.DOZ,864,3836,24585,31.91,29.99,32.56,Export,2021,Qtr 1,March,1
564,OTHER MANUFACTURES GROUP,LEATHER MANUFACTURES,OTHER LEATHER MANUFACTURES,,,205,1314,,14.53,16.9,Export,2021,Qtr 1,March,1
566,OTHER MANUFACTURES GROUP,FOOTWEAR,LEATHER FOOTWEAR,TH.Pairs,780,1248,7998,13.21,-26.02,-24.55,Export,2021,Qtr 1,March,1
567,OTHER MANUFACTURES GROUP,FOOTWEAR,CANVAS FOOTWEAR,TH.Pairs,21,16,103,40,128.57,134.09,Export,2021,Qtr 1,March,1
568,OTHER MANUFACTURES GROUP,FOOTWEAR,OTHER FOOTWEAR,TH.Pairs,1395,443,2839,80,31.45,33.85,Export,2021,Qtr 1,March,1
569,OTHER MANUFACTURES GROUP,,SURGICAL GOODS & MEDICAL INSTRUMENTS,,,6152,39428,,12.55,14.78,Export,2021,Qtr 1,March,1
570,OTHER MANUFACTURES GROUP,,CUTLERY,,,1622,10395,,-4.25,-2.34,Export,2021,Qtr 1,March,1
571,OTHER MANUFACTURES GROUP,,ONYX MANUFACTURED,M.T,107,50,320,-59.93,-44.44,-43.66,Export,2021,Qtr 1,March,1
573,OTHER MANUFACTURES GROUP,CHEMICALS AND PHARM PRODUCTS,FERTILIZER MANUFACTURED,M.T,0,0,0,0,0,0,Export,2021,Qtr 1,March,1
574,OTHER MANUFACTURES GROUP,CHEMICALS AND PHARM PRODUCTS,PLASTIC MATERIALS,M.T,19530,3733,23925,-12.63,-0.67,1.3,Export,2021,Qtr 1,March,1
575,OTHER MANUFACTURES GROUP,CHEMICALS AND PHARM PRODUCTS,PHARMACEUTICAL PRODUCTS,M.T,3185,3561,22823,-6.16,-1.9,0.05,Export,2021,Qtr 1,March,1
576,OTHER MANUFACTURES GROUP,CHEMICALS AND PHARM PRODUCTS,OTHER CHEMICALS,,,15735,100846,,250.13,257.12,Export,2021,Qtr 1,March,1
578,OTHER MANUFACTURES GROUP,ENGINEERING GOODS,ELECTRIC FANS,TH.NOS,220,657,4211,58.27,65.08,68.24,Export,2021,Qtr 1,March,1
579,OTHER MANUFACTURES GROUP,ENGINEERING GOODS,TRANSPORT EQUIPMENT,,,238,1525,,110.62,114.19,Export,2021,Qtr 1,March,1
580,OTHER MANUFACTURES GROUP,ENGINEERING GOODS,OTHER ELECTRICAL MACHINERY,,,664,4256,,84.44,87.9,Export,2021,Qtr 1,March,1
582,OTHER MANUFACTURES GROUP,ENGINEERING GOODS,MACHINERY SPECIALIZED FOR PARTICULAR INDUSTRIES,,,1162,7447,,4.68,6.72,Export,2021,Qtr 1,March,1
583,OTHER MANUFACTURES GROUP,ENGINEERING GOODS,AUTO PARTS & ACCESSORIES,,,361,2314,,44.4,47.29,Export,2021,Qtr 1,March,1
584,OTHER MANUFACTURES GROUP,ENGINEERING GOODS,OTHER MACHINERY,,,800,5127,,35.36,38.01,Export,2021,Qtr 1,March,1
585,OTHER MANUFACTURES GROUP,,GEMS,K.G,295,61,391,-72.3,-73.25,-72.75,Export,2021,Qtr 1,March,1
586,OTHER MANUFACTURES GROUP,,JEWELLERY,,,81,519,,170,171.73,Export,2021,Qtr 1,March,1
587,OTHER MANUFACTURES GROUP,,FURNITURE,,,99,634,,-33.11,-31.9,Export,2021,Qtr 1,March,1
588,OTHER MANUFACTURES GROUP,,MOLASSES,M.T,86,1,6,6.17,0,0,Export,2021,Qtr 1,March,1
589,OTHER MANUFACTURES GROUP,,HANDICRAFTS,,,0,0,,0,0,Export,2021,Qtr 1,March,1
590,OTHER MANUFACTURES GROUP,,CEMENT,M.T,776934,4189,26847,44.56,34.82,37.5,Export,2021,Qtr 1,March,1
591,OTHER MANUFACTURES GROUP,,GUAR AND GUAR PRODUCTS,M.T,2664,478,3064,30.59,16.59,18.94,Export,2021,Qtr 1,March,1
592,OTHER MANUFACTURES GROUP,,ALL OTHER ITEMS,,,26968,172842,,13.6,15.86,Export,2021,Qtr 1,March,1
596,FOOD GROUP,RICE,BASMATI,M.T,48575,6264,40863,-31.36,-34.08,-34.17,Export,2021,Qtr 2,May,1
597,FOOD GROUP,RICE,OTHERS,M.T,131559,10001,65241,-44.44,-48.77,-48.85,Export,2021,Qtr 2,May,1
598,FOOD GROUP,,FISH & FISH PREPARATIONS,M.T,13414,4766,31091,-37.43,-35.43,-35.52,Export,2021,Qtr 2,May,1
599,FOOD GROUP,,FRUITS,M.T,19171,1702,11103,-43.52,-25.06,-25.16,Export,2021,Qtr 2,May,1
600,FOOD GROUP,,VEGETABLES,M.T,64939,2882,18801,-39.4,-39.97,-40.05,Export,2021,Qtr 2,May,1
601,FOOD GROUP,,LEGUMINOUS VEGETABLES (PULSES),M.T,0,0,0,0,0,0,Export,2021,Qtr 2,May,1
602,FOOD GROUP,,TOBACCO,M.T,887,428,2792,-21.78,-8.74,-8.85,Export,2021,Qtr 2,May,1
603,FOOD GROUP,,WHEAT,M.T,0,0,0,0,0,0,Export,2021,Qtr 2,May,1
604,FOOD GROUP,,SPICES,M.T,1028,844,5506,-46.4,-17.25,-17.36,Export,2021,Qtr 2,May,1
605,FOOD GROUP,,"OIL SEEDS, NUTS AND KERNALS",M.T,2927,599,3908,-65.44,-52.54,-52.61,Export,2021,Qtr 2,May,1
606,FOOD GROUP,,SUGAR,M.T,0,0,0,0,0,0,Export,2021,Qtr 2,May,1
607,FOOD GROUP,,MEAT AND MEAT PREPARATIONS,M.T,7250,4059,26479,-20.28,-17.85,-17.97,Export,2021,Qtr 2,May,1
608,FOOD GROUP,,ALL OTHER FOOD ITEMS,,,5654,36884,,-28.68,-28.78,Export,2021,Qtr 2,May,1
610,TEXTILE GROUP,,RAW COTTON,M.T,0,0,0,0,0,0,Export,2021,Qtr 2,May,1
611,TEXTILE GROUP,,COTTON YARN,M.T,23560,11050,72084,-31.43,-29.73,-29.84,Export,2021,Qtr 2,May,1
612,TEXTILE GROUP,,COTTON CLOTH,M.T,30015,20641,134651,-18.84,-16.96,-17.08,Export,2021,Qtr 2,May,1
613,TEXTILE GROUP,,COTTON CARDED OR COMBED,M.T,0,0,0,0,0,0,Export,2021,Qtr 2,May,1
614,TEXTILE GROUP,,YARN OTHER THAN COTTON YARN,M.T,832,294,1918,-35.55,-44.11,-44.2,Export,2021,Qtr 2,May,1
615,TEXTILE GROUP,,KNITWEAR,TH.DOZ,11863,44936,293138,-5.47,-13.73,-13.85,Export,2021,Qtr 2,May,1
616,TEXTILE GROUP,,BED WEAR,M.T,28547,27746,181000,-27.9,-24.33,-24.43,Export,2021,Qtr 2,May,1
617,TEXTILE GROUP,,TOWELS,M.T,13387,9473,61797,-28.48,-26.85,-26.95,Export,2021,Qtr 2,May,1
618,TEXTILE GROUP,,"TENTS,CANVAS & TARPULIN",M.T,1740,908,5923,-27.14,-9.65,-9.79,Export,2021,Qtr 2,May,1
619,TEXTILE GROUP,,READYMADE GARMENTS,,,29864,194817,,-19.94,-20.05,Export,2021,Qtr 2,May,1
620,TEXTILE GROUP,,"ART,SILK & SYNTHETIC TEXTILE",M.T,5416,3757,24509,-30.72,-24.35,-24.45,Export,2021,Qtr 2,May,1
621,TEXTILE GROUP,,MADEUP ARTICLES(EXCL TOWELS & BEDWEAR,,,7460,48665,,-21.43,-21.54,Export,2021,Qtr 2,May,1
622,TEXTILE GROUP,,OTHER TEXTILE MATERIALS,,,6381,41626,,-24.3,-24.41,Export,2021,Qtr 2,May,1
624,PETROLEUM GROUP & COAL,,PETROLEUM CRUDE,M.T,0,0,0,-100,-100,-100,Export,2021,Qtr 2,May,1
625,PETROLEUM GROUP & COAL,,PETROLEUM PRODUCTS(EXCL TOP NAPHTA),M.T,4002,601,3921,-53.09,-49.5,-49.54,Export,2021,Qtr 2,May,1
626,PETROLEUM GROUP & COAL,,PETROLEUM TOP NAPHTA,M.T,0,0,0,-100,-100,-100,Export,2021,Qtr 2,May,1
627,PETROLEUM GROUP & COAL,,SOLID FUELS (COAL),M.T,0,0,0,0,0,0,Export,2021,Qtr 2,May,1
629,OTHER MANUFACTURES GROUP,,"CARPETS, RUGS & MATS",TH.SQM,160,1060,6915,34.45,23.83,23.7,Export,2021,Qtr 2,May,1
631,OTHER MANUFACTURES GROUP,SPORTS GOODS,FOOTBALLS,TH.DOZ,169,1378,8989,-36.7,-34.07,-34.17,Export,2021,Qtr 2,May,1
632,OTHER MANUFACTURES GROUP,SPORTS GOODS,GLOVES,TH.DOZ,115,740,4827,-49.78,-38.08,-38.16,Export,2021,Qtr 2,May,1
633,OTHER MANUFACTURES GROUP,SPORTS GOODS,OTHERS,,,880,5741,,-29.03,-29.13,Export,2021,Qtr 2,May,1
634,OTHER MANUFACTURES GROUP,,LEATHER TANNED,M.T,1600,2403,15676,34.91,-3.18,-3.34,Export,2021,Qtr 2,May,1
636,OTHER MANUFACTURES GROUP,LEATHER MANUFACTURES,LEATHER GARMENTS,TH.DOZ,94,2540,16570,-24.8,-14.99,-15.13,Export,2021,Qtr 2,May,1
637,OTHER MANUFACTURES GROUP,LEATHER MANUFACTURES,LEATHER GLOVES,TH.DOZ,360,2453,16002,-35.83,-20.25,-20.36,Export,2021,Qtr 2,May,1
638,OTHER MANUFACTURES GROUP,LEATHER MANUFACTURES,OTHER LEATHER MANUFACTURES,,,137,894,,-33.17,-33.18,Export,2021,Qtr 2,May,1
640,OTHER MANUFACTURES GROUP,FOOTWEAR,LEATHER FOOTWEAR,TH.Pairs,360,683,4456,-12.41,-27.65,-27.71,Export,2021,Qtr 2,May,1
641,OTHER MANUFACTURES GROUP,FOOTWEAR,CANVAS FOOTWEAR,TH.Pairs,4,5,33,-33.33,-44.44,-44.07,Export,2021,Qtr 2,May,1
642,OTHER MANUFACTURES GROUP,FOOTWEAR,OTHER FOOTWEAR,TH.Pairs,408,231,1507,-48.94,-31.25,-31.38,Export,2021,Qtr 2,May,1
643,OTHER MANUFACTURES GROUP,,SURGICAL GOODS & MEDICAL INSTRUMENTS,,,4436,28938,,-19.18,-19.31,Export,2021,Qtr 2,May,1
644,OTHER MANUFACTURES GROUP,,CUTLERY,,,1182,7711,,-7.87,-8.02,Export,2021,Qtr 2,May,1
645,OTHER MANUFACTURES GROUP,,ONYX MANUFACTURED,M.T,159,81,528,45.87,30.65,30.37,Export,2021,Qtr 2,May,1
647,OTHER MANUFACTURES GROUP,CHEMICALS AND PHARM PRODUCTS,FERTILIZER MANUFACTURED,M.T,0,0,0,0,0,0,Export,2021,Qtr 2,May,1
648,OTHER MANUFACTURES GROUP,CHEMICALS AND PHARM PRODUCTS,PLASTIC MATERIALS,M.T,13197,2792,18214,-1.93,-5.68,-5.82,Export,2021,Qtr 2,May,1
649,OTHER MANUFACTURES GROUP,CHEMICALS AND PHARM PRODUCTS,PHARMACEUTICAL PRODUCTS,M.T,1220,2235,14580,-28.15,-24.7,-24.81,Export,2021,Qtr 2,May,1
650,OTHER MANUFACTURES GROUP,CHEMICALS AND PHARM PRODUCTS,OTHER CHEMICALS,,,4031,26296,,-61.5,-61.55,Export,2021,Qtr 2,May,1
652,OTHER MANUFACTURES GROUP,ENGINEERING GOODS,ELECTRIC FANS,TH.NOS,135,368,2401,-53.29,-43.82,-43.91,Export,2021,Qtr 2,May,1
653,OTHER MANUFACTURES GROUP,ENGINEERING GOODS,TRANSPORT EQUIPMENT,,,217,1416,,11.86,11.94,Export,2021,Qtr 2,May,1
654,OTHER MANUFACTURES GROUP,ENGINEERING GOODS,OTHER ELECTRICAL MACHINERY,,,375,2446,,16.82,16.7,Export,2021,Qtr 2,May,1
656,OTHER MANUFACTURES GROUP,ENGINEERING GOODS,MACHINERY SPECIALIZED FOR PARTICULAR INDUSTRIES,,,1021,6660,,10.86,10.69,Export,2021,Qtr 2,May,1
657,OTHER MANUFACTURES GROUP,ENGINEERING GOODS,AUTO PARTS & ACCESSORIES,,,200,1305,,-29.82,-29.88,Export,2021,Qtr 2,May,1
658,OTHER MANUFACTURES GROUP,ENGINEERING GOODS,OTHER MACHINERY,,,613,3999,,89.2,88.99,Export,2021,Qtr 2,May,1
659,OTHER MANUFACTURES GROUP,,GEMS,K.G,157,43,281,-25.59,0,1.08,Export,2021,Qtr 2,May,1
660,OTHER MANUFACTURES GROUP,,JEWELLERY,,,77,502,,-91.68,-91.69,Export,2021,Qtr 2,May,1
661,OTHER MANUFACTURES GROUP,,FURNITURE,,,37,241,,-72.79,-72.86,Export,2021,Qtr 2,May,1
662,OTHER MANUFACTURES GROUP,,MOLASSES,M.T,0,0,0,0,0,0,Export,2021,Qtr 2,May,1
663,OTHER MANUFACTURES GROUP,,HANDICRAFTS,,,0,0,,0,0,Export,2021,Qtr 2,May,1
664,OTHER MANUFACTURES GROUP,,CEMENT,M.T,818471,4373,28527,117.09,90.3,90.03,Export,2021,Qtr 2,May,1
665,OTHER MANUFACTURES GROUP,,GUAR AND GUAR PRODUCTS,M.T,2105,399,2603,-26.48,-20.2,-20.28,Export,2021,Qtr 2,May,1
666,OTHER MANUFACTURES GROUP,,ALL OTHER ITEMS,,,20815,135782,,-21.85,-21.96,Export,2021,Qtr 2,May,1
670,FOOD GROUP,RICE,BASMATI,M.T,64405,10872,62837,25.06,41.18,40.09,Export,2021,Qtr 4,November,1
671,FOOD GROUP,RICE,OTHERS,M.T,408738,29203,168778,37.36,34.4,33.37,Export,2021,Qtr 4,November,1
672,FOOD GROUP,,FISH & FISH PREPARATIONS,M.T,20653,9364,54118,42.01,38.33,37.27,Export,2021,Qtr 4,November,1
673,FOOD GROUP,,FRUITS,M.T,35450,5831,33700,-15.64,16.13,15.25,Export,2021,Qtr 4,November,1
674,FOOD GROUP,,VEGETABLES,M.T,79323,5756,33268,72.44,85.51,84.09,Export,2021,Qtr 4,November,1
675,FOOD GROUP,,LEGUMINOUS VEGETABLES (PULSES),M.T,0,0,0,0,0,0,Export,2021,Qtr 4,November,1
676,FOOD GROUP,,TOBACCO,M.T,1865,824,4760,59.66,36.35,35.23,Export,2021,Qtr 4,November,1
677,FOOD GROUP,,WHEAT,M.T,0,0,0,0,0,0,Export,2021,Qtr 4,November,1
678,FOOD GROUP,,SPICES,M.T,2098,1635,9447,-1.87,18.45,17.54,Export,2021,Qtr 4,November,1
679,FOOD GROUP,,"OIL SEEDS, NUTS AND KERNALS",M.T,29478,7819,45191,-3.44,13.32,12.45,Export,2021,Qtr 4,November,1
680,FOOD GROUP,,SUGAR,M.T,0,0,0,0,0,0,Export,2021,Qtr 4,November,1
681,FOOD GROUP,,MEAT AND MEAT PREPARATIONS,M.T,6620,5045,29156,16.95,11.83,10.96,Export,2021,Qtr 4,November,1
682,FOOD GROUP,,ALL OTHER FOOD ITEMS,,,12707,73442,,-3.72,-4.46,Export,2021,Qtr 4,November,1
684,TEXTILE GROUP,,RAW COTTON,M.T,0,0,0,0,0,0,Export,2021,Qtr 4,November,1
685,TEXTILE GROUP,,COTTON YARN,M.T,30921,18883,109133,-6.9,3.61,2.81,Export,2021,Qtr 4,November,1
686,TEXTILE GROUP,,COTTON CLOTH,M.T,36528,35444,204850,3.08,12.42,11.56,Export,2021,Qtr 4,November,1
687,TEXTILE GROUP,,COTTON CARDED OR COMBED,M.T,45,11,62,-11.76,-10.53,-10.14,Export,2021,Qtr 4,November,1
688,TEXTILE GROUP,,YARN OTHER THAN COTTON YARN,M.T,2110,1011,5840,21.18,22.34,21.31,Export,2021,Qtr 4,November,1
689,TEXTILE GROUP,,KNITWEAR,TH.DOZ,15407,79221,457855,24.91,0.92,0.15,Export,2021,Qtr 4,November,1
690,TEXTILE GROUP,,BED WEAR,M.T,45293,54516,315076,-2.95,10.3,9.45,Export,2021,Qtr 4,November,1
691,TEXTILE GROUP,,TOWELS,M.T,21249,18217,105283,24.96,29.27,28.27,Export,2021,Qtr 4,November,1
692,TEXTILE GROUP,,"TENTS,CANVAS & TARPULIN",M.T,3600,2072,11973,-5.35,25.25,24.29,Export,2021,Qtr 4,November,1
693,TEXTILE GROUP,,READYMADE GARMENTS,,,56877,328717,,11.37,10.52,Export,2021,Qtr 4,November,1
694,TEXTILE GROUP,,"ART,SILK & SYNTHETIC TEXTILE",M.T,10825,7111,41095,33.51,17.08,16.18,Export,2021,Qtr 4,November,1
695,TEXTILE GROUP,,MADEUP ARTICLES(EXCL TOWELS & BEDWEAR,,,14560,84151,,19.18,18.26,Export,2021,Qtr 4,November,1
696,TEXTILE GROUP,,OTHER TEXTILE MATERIALS,,,12491,72194,,11.01,10.15,Export,2021,Qtr 4,November,1
698,PETROLEUM GROUP & COAL,,PETROLEUM CRUDE,M.T,45753,5014,28976,100,100,100,Export,2021,Qtr 4,November,1
699,PETROLEUM GROUP & COAL,,PETROLEUM PRODUCTS(EXCL TOP NAPHTA),M.T,3718,743,4295,-24.19,108.18,106.69,Export,2021,Qtr 4,November,1
700,PETROLEUM GROUP & COAL,,PETROLEUM TOP NAPHTA,M.T,0,0,0,0,0,0,Export,2021,Qtr 4,November,1
701,PETROLEUM GROUP & COAL,,SOLID FUELS (COAL),M.T,0,0,0,0,0,0,Export,2021,Qtr 4,November,1
703,OTHER MANUFACTURES GROUP,,"CARPETS, RUGS & MATS",TH.SQM,327,1447,8364,38.08,13.51,12.68,Export,2021,Qtr 4,November,1
705,OTHER MANUFACTURES GROUP,SPORTS GOODS,FOOTBALLS,TH.DOZ,249,2340,13523,-0.04,4.92,4.11,Export,2021,Qtr 4,November,1
706,OTHER MANUFACTURES GROUP,SPORTS GOODS,GLOVES,TH.DOZ,324,1233,7124,0.49,10.16,9.3,Export,2021,Qtr 4,November,1
707,OTHER MANUFACTURES GROUP,SPORTS GOODS,OTHERS,,,1550,8957,,15.74,14.83,Export,2021,Qtr 4,November,1
708,OTHER MANUFACTURES GROUP,,LEATHER TANNED,M.T,1454,2958,17094,24.59,-1.28,-2.05,Export,2021,Qtr 4,November,1
710,OTHER MANUFACTURES GROUP,LEATHER MANUFACTURES,LEATHER GARMENTS,TH.DOZ,180,5512,31855,10.43,19.98,19.04,Export,2021,Qtr 4,November,1
711,OTHER MANUFACTURES GROUP,LEATHER MANUFACTURES,LEATHER GLOVES,TH.DOZ,591,4479,25886,-23.15,7.54,6.71,Export,2021,Qtr 4,November,1
712,OTHER MANUFACTURES GROUP,LEATHER MANUFACTURES,OTHER LEATHER MANUFACTURES,,,332,1917,,29.59,28.4,Export,2021,Qtr 4,November,1
714,OTHER MANUFACTURES GROUP,FOOTWEAR,LEATHER FOOTWEAR,TH.Pairs,576,1453,8398,47.35,25.48,24.53,Export,2021,Qtr 4,November,1
715,OTHER MANUFACTURES GROUP,FOOTWEAR,CANVAS FOOTWEAR,TH.Pairs,35,28,160,400,360.21,370.59,Export,2021,Qtr 4,November,1
716,OTHER MANUFACTURES GROUP,FOOTWEAR,OTHER FOOTWEAR,TH.Pairs,707,429,2477,-17.99,4.51,3.64,Export,2021,Qtr 4,November,1
717,OTHER MANUFACTURES GROUP,,SURGICAL GOODS & MEDICAL INSTRUMENTS,,,6350,36702,,0.26,-0.52,Export,2021,Qtr 4,November,1
718,OTHER MANUFACTURES GROUP,,CUTLERY,,,1814,10483,,-0.88,-1.62,Export,2021,Qtr 4,November,1
719,OTHER MANUFACTURES GROUP,,ONYX MANUFACTURED,M.T,141,63,366,-51.03,-36.06,-36.79,Export,2021,Qtr 4,November,1
721,OTHER MANUFACTURES GROUP,CHEMICALS AND PHARM PRODUCTS,FERTILIZER MANUFACTURED,M.T,0,0,0,0,0,0,Export,2021,Qtr 4,November,1
722,OTHER MANUFACTURES GROUP,CHEMICALS AND PHARM PRODUCTS,PLASTIC MATERIALS,M.T,25945,7003,40474,55.82,50.47,49.32,Export,2021,Qtr 4,November,1
723,OTHER MANUFACTURES GROUP,CHEMICALS AND PHARM PRODUCTS,PHARMACEUTICAL PRODUCTS,M.T,1754,4140,23929,34.41,50.61,49.46,Export,2021,Qtr 4,November,1
724,OTHER MANUFACTURES GROUP,CHEMICALS AND PHARM PRODUCTS,OTHER CHEMICALS,,,12584,72730,,195.89,193.62,Export,2021,Qtr 4,November,1
726,OTHER MANUFACTURES GROUP,ENGINEERING GOODS,ELECTRIC FANS,TH.NOS,63,218,1258,-8.7,-6.96,-7.7,Export,2021,Qtr 4,November,1
727,OTHER MANUFACTURES GROUP,ENGINEERING GOODS,TRANSPORT EQUIPMENT,,,128,742,,56.53,56.21,Export,2021,Qtr 4,November,1
728,OTHER MANUFACTURES GROUP,ENGINEERING GOODS,OTHER ELECTRICAL MACHINERY,,,611,3529,,10.22,9.46,Export,2021,Qtr 4,November,1
730,OTHER MANUFACTURES GROUP,ENGINEERING GOODS,MACHINERY SPECIALIZED FOR PARTICULAR INDUSTRIES,,,1088,6290,,36.2,35.09,Export,2021,Qtr 4,November,1
731,OTHER MANUFACTURES GROUP,ENGINEERING GOODS,AUTO PARTS & ACCESSORIES,,,572,3304,,35.77,34.64,Export,2021,Qtr 4,November,1
732,OTHER MANUFACTURES GROUP,ENGINEERING GOODS,OTHER MACHINERY,,,1475,8526,,101.25,99.72,Export,2021,Qtr 4,November,1
733,OTHER MANUFACTURES GROUP,,GEMS,K.G,788,167,967,51.83,53.53,52.52,Export,2021,Qtr 4,November,1
734,OTHER MANUFACTURES GROUP,,JEWELLERY,,,163,941,,-32.14,-32.79,Export,2021,Qtr 4,November,1
735,OTHER MANUFACTURES GROUP,,FURNITURE,TH.NOS,80,149,863,8.11,22.39,21.04,Export,2021,Qtr 4,November,1
736,OTHER MANUFACTURES GROUP,,MOLASSES,M.T,0,0,0,-100,-100,-100,Export,2021,Qtr 4,November,1
737,OTHER MANUFACTURES GROUP,,HANDICRAFTS,,,0,0,,0,0,Export,2021,Qtr 4,November,1
738,OTHER MANUFACTURES GROUP,,CEMENT,M.T,1400141,8745,50542,462.68,396.88,393.14,Export,2021,Qtr 4,November,1
739,OTHER MANUFACTURES GROUP,,GUAR AND GUAR PRODUCTS,M.T,1730,545,3149,-2.45,3.79,2.91,Export,2021,Qtr 4,November,1
740,OTHER MANUFACTURES GROUP,,ALL OTHER ITEMS,,,39576,228733,,24.16,23.22,Export,2021,Qtr 4,November,1
744,FOOD GROUP,RICE,BASMATI,M.T,56883,8987,52341,-7.49,3.52,1.33,Export,2021,Qtr 4,October,1
745,FOOD GROUP,RICE,OTHERS,M.T,282539,20431,118994,41.29,33.19,30.37,Export,2021,Qtr 4,October,1
746,FOOD GROUP,,FISH & FISH PREPARATIONS,M.T,14630,6769,39425,40.46,25.82,23.16,Export,2021,Qtr 4,October,1
747,FOOD GROUP,,FRUITS,M.T,38226,4957,28869,-3.19,9.78,7.46,Export,2021,Qtr 4,October,1
748,FOOD GROUP,,VEGETABLES,M.T,46065,3140,18290,49.63,50.83,47.61,Export,2021,Qtr 4,October,1
749,FOOD GROUP,,LEGUMINOUS VEGETABLES (PULSES),M.T,0,0,0,0,0,0,Export,2021,Qtr 4,October,1
750,FOOD GROUP,,TOBACCO,M.T,1213,604,3520,22.98,32.82,30.13,Export,2021,Qtr 4,October,1
751,FOOD GROUP,,WHEAT,M.T,0,0,0,0,0,0,Export,2021,Qtr 4,October,1
752,FOOD GROUP,,SPICES,M.T,2319,1413,8228,-18.08,-11.1,-12.97,Export,2021,Qtr 4,October,1
753,FOOD GROUP,,"OIL SEEDS, NUTS AND KERNALS",M.T,29527,6893,40146,10.65,23.97,21.35,Export,2021,Qtr 4,October,1
754,FOOD GROUP,,SUGAR,M.T,0,0,0,0,0,0,Export,2021,Qtr 4,October,1
755,FOOD GROUP,,MEAT AND MEAT PREPARATIONS,M.T,5814,4511,26275,-15.65,-6.58,-8.56,Export,2021,Qtr 4,October,1
756,FOOD GROUP,,ALL OTHER FOOD ITEMS,,,13501,78632,,12.9,10.51,Export,2021,Qtr 4,October,1
758,TEXTILE GROUP,,RAW COTTON,M.T,0,0,0,0,0,0,Export,2021,Qtr 4,October,1
759,TEXTILE GROUP,,COTTON YARN,M.T,31991,18225,106148,10.71,13.88,11.47,Export,2021,Qtr 4,October,1
760,TEXTILE GROUP,,COTTON CLOTH,M.T,31165,31528,183630,-17.17,-0.98,-3.08,Export,2021,Qtr 4,October,1
761,TEXTILE GROUP,,COTTON CARDED OR COMBED,M.T,51,12,69,-89.4,-89.96,-90.18,Export,2021,Qtr 4,October,1
762,TEXTILE GROUP,,YARN OTHER THAN COTTON YARN,M.T,1759,826,4814,5.14,5.68,3.39,Export,2021,Qtr 4,October,1
763,TEXTILE GROUP,,KNITWEAR,TH.DOZ,12181,78497,457191,11.72,20.36,17.81,Export,2021,Qtr 4,October,1
764,TEXTILE GROUP,,BED WEAR,M.T,42835,49425,287865,-10.78,6.89,4.62,Export,2021,Qtr 4,October,1
765,TEXTILE GROUP,,TOWELS,M.T,16692,14092,82078,-1.62,3.92,1.72,Export,2021,Qtr 4,October,1
766,TEXTILE GROUP,,"TENTS,CANVAS & TARPULIN",M.T,3057,1654,9633,2.08,10.27,7.91,Export,2021,Qtr 4,October,1
767,TEXTILE GROUP,,READYMADE GARMENTS,,,51068,297435,,10.01,7.68,Export,2021,Qtr 4,October,1
768,TEXTILE GROUP,,"ART,SILK & SYNTHETIC TEXTILE",M.T,7902,6073,35373,-16.19,-6.72,-8.7,Export,2021,Qtr 4,October,1
769,TEXTILE GROUP,,MADEUP ARTICLES(EXCL TOWELS & BEDWEAR,,22454,12217,71155,,13.46,11.05,Export,2021,Qtr 4,October,1
770,TEXTILE GROUP,,OTHER TEXTILE MATERIALS,,48791,11253,65543,,2.67,0.5,Export,2021,Qtr 4,October,1
772,PETROLEUM GROUP & COAL,,PETROLEUM CRUDE,M.T,0,0,0,-100,-100,-100,Export,2021,Qtr 4,October,1
773,PETROLEUM GROUP & COAL,,PETROLEUM PRODUCTS(EXCL TOP NAPHTA),M.T,4905,357,2078,177.75,-32.8,-34.26,Export,2021,Qtr 4,October,1
774,PETROLEUM GROUP & COAL,,PETROLEUM TOP NAPHTA,M.T,0,0,0,0,0,0,Export,2021,Qtr 4,October,1
775,PETROLEUM GROUP & COAL,,SOLID FUELS (COAL),M.T,0,0,0,0,0,0,Export,2021,Qtr 4,October,1
777,OTHER MANUFACTURES GROUP,,"CARPETS, RUGS & MATS",TH.SQM,421,1275,7586,94.93,12.72,12.77,Export,2021,Qtr 4,October,1
779,OTHER MANUFACTURES GROUP,SPORTS GOODS,FOOTBALLS,TH.DOZ,250,2230,12989,-2.57,-6.45,-8.44,Export,2021,Qtr 4,October,1
780,OTHER MANUFACTURES GROUP,SPORTS GOODS,GLOVES,TH.DOZ,300,1119,6518,4.9,11.68,9.27,Export,2021,Qtr 4,October,1
781,OTHER MANUFACTURES GROUP,SPORTS GOODS,OTHERS,,,1326,7721,,9.83,7.47,Export,2021,Qtr 4,October,1
782,OTHER MANUFACTURES GROUP,,LEATHER TANNED,M.T,1608,2996,17451,22.63,12.9,10.51,Export,2021,Qtr 4,October,1
784,OTHER MANUFACTURES GROUP,LEATHER MANUFACTURES,LEATHER GARMENTS,TH.DOZ,130,4594,26759,9.24,16.31,13.85,Export,2021,Qtr 4,October,1
785,OTHER MANUFACTURES GROUP,LEATHER MANUFACTURES,LEATHER GLOVES,TH.DOZ,796,4165,24258,-12.04,7.46,5.18,Export,2021,Qtr 4,October,1
786,OTHER MANUFACTURES GROUP,LEATHER MANUFACTURES,OTHER LEATHER MANUFACTURES,,342,256,1493,,-1,-3.11,Export,2021,Qtr 4,October,1
788,OTHER MANUFACTURES GROUP,FOOTWEAR,LEATHER FOOTWEAR,TH.Pairs,478,1158,6744,-12.22,-26.35,-27.89,Export,2021,Qtr 4,October,1
789,OTHER MANUFACTURES GROUP,FOOTWEAR,CANVAS FOOTWEAR,TH.Pairs,4,6,34,78.5,95.4,112.5,Export,2021,Qtr 4,October,1
790,OTHER MANUFACTURES GROUP,FOOTWEAR,OTHER FOOTWEAR,TH.Pairs,751,410,2390,-13.78,2.57,0.42,Export,2021,Qtr 4,October,1
791,OTHER MANUFACTURES GROUP,,SURGICAL GOODS & MEDICAL INSTRUMENTS,,,6318,36796,,27.48,24.78,Export,2021,Qtr 4,October,1
792,OTHER MANUFACTURES GROUP,,CUTLERY,,,1830,10656,,20.13,17.62,Export,2021,Qtr 4,October,1
793,OTHER MANUFACTURES GROUP,,ONYX MANUFACTURED,M.T,287,99,579,43.61,50.67,46.58,Export,2021,Qtr 4,October,1
795,OTHER MANUFACTURES GROUP,CHEMICALS AND PHARM PRODUCTS,FERTILIZER MANUFACTURED,M.T,0,0,0,0,0,0,Export,2021,Qtr 4,October,1
796,OTHER MANUFACTURES GROUP,CHEMICALS AND PHARM PRODUCTS,PLASTIC MATERIALS,M.T,17263,4654,27105,1.19,2.64,0.47,Export,2021,Qtr 4,October,1
797,OTHER MANUFACTURES GROUP,CHEMICALS AND PHARM PRODUCTS,PHARMACEUTICAL PRODUCTS,M.T,1242,2740,15957,-55.74,-38.47,-39.78,Export,2021,Qtr 4,October,1
798,OTHER MANUFACTURES GROUP,CHEMICALS AND PHARM PRODUCTS,OTHER CHEMICALS,,26213,4249,24747,,-65.77,-66.49,Export,2021,Qtr 4,October,1
800,OTHER MANUFACTURES GROUP,ENGINEERING GOODS,ELECTRIC FANS,TH.NOS,69,234,1363,11.38,10.41,8.26,Export,2021,Qtr 4,October,1
801,OTHER MANUFACTURES GROUP,ENGINEERING GOODS,TRANSPORT EQUIPMENT,,,82,478,,-20.32,-22.28,Export,2021,Qtr 4,October,1
802,OTHER MANUFACTURES GROUP,ENGINEERING GOODS,OTHER ELECTRICAL MACHINERY,,,571,3328,,107.76,103.17,Export,2021,Qtr 4,October,1
804,OTHER MANUFACTURES GROUP,ENGINEERING GOODS,MACHINERY SPECIALIZED FOR PARTICULAR INDUSTRIES,,,778,4534,,-10.32,-12.23,Export,2021,Qtr 4,October,1
805,OTHER MANUFACTURES GROUP,ENGINEERING GOODS,AUTO PARTS & ACCESSORIES,,,424,2469,,30.05,27.14,Export,2021,Qtr 4,October,1
806,OTHER MANUFACTURES GROUP,ENGINEERING GOODS,OTHER MACHINERY,,,844,4916,,12.25,9.81,Export,2021,Qtr 4,October,1
807,OTHER MANUFACTURES GROUP,,GEMS,K.G,519,109,634,-4.24,-0.18,-2.01,Export,2021,Qtr 4,October,1
808,OTHER MANUFACTURES GROUP,,JEWELLERY,,,241,1403,,730.56,706.32,Export,2021,Qtr 4,October,1
809,OTHER MANUFACTURES GROUP,,FURNITURE,,,122,713,,-17.79,-19.71,Export,2021,Qtr 4,October,1
810,OTHER MANUFACTURES GROUP,,MOLASSES,M.T,22,1,3,-64.08,-41.36,-40,Export,2021,Qtr 4,October,1
811,OTHER MANUFACTURES GROUP,,HANDICRAFTS,,,0,0,,0,0,Export,2021,Qtr 4,October,1
812,OTHER MANUFACTURES GROUP,,CEMENT,M.T,248833,1760,10249,-75.62,-69.04,-69.69,Export,2021,Qtr 4,October,1
813,OTHER MANUFACTURES GROUP,,GUAR AND GUAR PRODUCTS,M.T,1773,525,3060,-13.1,15.96,13.63,Export,2021,Qtr 4,October,1
814,OTHER MANUFACTURES GROUP,,ALL OTHER ITEMS,,,31821,185170,,-8.08,-10.1,Export,2021,Qtr 4,October,1
818,FOOD GROUP,RICE,BASMATI,M.T,53253,8612,51244,15.02,21.86,18.99,Export,2021,Qtr 3,September,1
819,FOOD GROUP,RICE,OTHERS,M.T,200315,15409,91689,-1.65,-3.61,-5.88,Export,2021,Qtr 3,September,1
820,FOOD GROUP,,FISH & FISH PREPARATIONS,M.T,10510,5380,32010,142.94,206,198.71,Export,2021,Qtr 3,September,1
821,FOOD GROUP,,FRUITS,M.T,39415,4515,26867,-18.49,-29.15,-30.82,Export,2021,Qtr 3,September,1
822,FOOD GROUP,,VEGETABLES,M.T,30900,2082,12391,-55.07,-39.1,-40.53,Export,2021,Qtr 3,September,1
823,FOOD GROUP,,LEGUMINOUS VEGETABLES (PULSES),M.T,0,0,0,0,0,0,Export,2021,Qtr 3,September,1
824,FOOD GROUP,,TOBACCO,M.T,1039,455,2705,-36.63,-34.77,-36.34,Export,2021,Qtr 3,September,1
825,FOOD GROUP,,WHEAT,M.T,0,0,0,0,0,0,Export,2021,Qtr 3,September,1
826,FOOD GROUP,,SPICES,M.T,2945,1589,9454,43.05,20.83,17.95,Export,2021,Qtr 3,September,1
827,FOOD GROUP,,"OIL SEEDS, NUTS AND KERNALS",M.T,25700,5560,33083,330.42,361.02,350.29,Export,2021,Qtr 3,September,1
828,FOOD GROUP,,SUGAR,M.T,0,0,0,0,0,0,Export,2021,Qtr 3,September,1
829,FOOD GROUP,,MEAT AND MEAT PREPARATIONS,M.T,6642,4829,28736,9.83,15.48,12.77,Export,2021,Qtr 3,September,1
830,FOOD GROUP,,ALL OTHER FOOD ITEMS,,,11958,71154,,6.55,4.04,Export,2021,Qtr 3,September,1
832,TEXTILE GROUP,,RAW COTTON,M.T,0,0,0,0,0,0,Export,2021,Qtr 3,September,1
833,TEXTILE GROUP,,COTTON YARN,M.T,28912,16004,95228,-12.07,-5.79,-8.01,Export,2021,Qtr 3,September,1
834,TEXTILE GROUP,,COTTON CLOTH,M.T,37623,31839,189457,-18.51,3.11,0.68,Export,2021,Qtr 3,September,1
835,TEXTILE GROUP,,COTTON CARDED OR COMBED,M.T,518,118,703,70.96,87.64,84.03,Export,2021,Qtr 3,September,1
836,TEXTILE GROUP,,YARN OTHER THAN COTTON YARN,M.T,1673,782,4656,-6.72,-2.81,-5.12,Export,2021,Qtr 3,September,1
837,TEXTILE GROUP,,KNITWEAR,TH.DOZ,12547,65215,388053,20.89,9.24,6.66,Export,2021,Qtr 3,September,1
838,TEXTILE GROUP,,BED WEAR,M.T,40464,46241,275150,-13.31,6.43,3.92,Export,2021,Qtr 3,September,1
839,TEXTILE GROUP,,TOWELS,M.T,16384,13561,80693,-16.11,-0.19,-2.54,Export,2021,Qtr 3,September,1
840,TEXTILE GROUP,,"TENTS,CANVAS & TARPULIN",M.T,2514,1500,8926,17.25,62.18,58.35,Export,2021,Qtr 3,September,1
841,TEXTILE GROUP,,READYMADE GARMENTS,,,46424,276240,,-0.31,-2.66,Export,2021,Qtr 3,September,1
842,TEXTILE GROUP,,"ART,SILK & SYNTHETIC TEXTILE",M.T,9428,6511,38744,-1.55,7.7,5.16,Export,2021,Qtr 3,September,1
843,TEXTILE GROUP,,MADEUP ARTICLES(EXCL TOWELS & BEDWEAR,,,10768,64071,,-0.96,-3.29,Export,2021,Qtr 3,September,1
844,TEXTILE GROUP,,OTHER TEXTILE MATERIALS,,,10976,65311,,8.45,5.89,Export,2021,Qtr 3,September,1
846,PETROLEUM GROUP & COAL,,PETROLEUM CRUDE,M.T,45753,4045,24071,100,100,100,Export,2021,Qtr 3,September,1
847,PETROLEUM GROUP & COAL,,PETROLEUM PRODUCTS(EXCL TOP NAPHTA),M.T,2098,531,3161,78.55,83.2,78.69,Export,2021,Qtr 3,September,1
848,PETROLEUM GROUP & COAL,,PETROLEUM TOP NAPHTA,M.T,0,0,0,0,0,0,Export,2021,Qtr 3,September,1
849,PETROLEUM GROUP & COAL,,SOLID FUELS (COAL),M.T,0,0,0,0,0,0,Export,2021,Qtr 3,September,1
851,OTHER MANUFACTURES GROUP,,"CARPETS, RUGS & MATS",TH.SQM,155,1131,6727,-9.31,18.88,16.12,Export,2021,Qtr 3,September,1
853,OTHER MANUFACTURES GROUP,SPORTS GOODS,FOOTBALLS,TH.DOZ,257,2384,14186,17.95,31.71,28.59,Export,2021,Qtr 3,September,1
854,OTHER MANUFACTURES GROUP,SPORTS GOODS,GLOVES,TH.DOZ,298,1002,5965,-8.31,-0.06,-2.42,Export,2021,Qtr 3,September,1
855,OTHER MANUFACTURES GROUP,SPORTS GOODS,OTHERS,,115,1207,7184,,4.26,1.8,Export,2021,Qtr 3,September,1
856,OTHER MANUFACTURES GROUP,,LEATHER TANNED,M.T,1860,2654,15792,70.05,27.78,24.77,Export,2021,Qtr 3,September,1
858,OTHER MANUFACTURES GROUP,LEATHER MANUFACTURES,LEATHER GARMENTS,TH.DOZ,120,3950,23504,-10.45,5.67,3.19,Export,2021,Qtr 3,September,1
859,OTHER MANUFACTURES GROUP,LEATHER MANUFACTURES,LEATHER GLOVES,TH.DOZ,1250,3879,23079,18.6,17.96,15.17,Export,2021,Qtr 3,September,1
860,OTHER MANUFACTURES GROUP,LEATHER MANUFACTURES,OTHER LEATHER MANUFACTURES,,,261,1556,,14.66,12.02,Export,2021,Qtr 3,September,1
862,OTHER MANUFACTURES GROUP,FOOTWEAR,LEATHER FOOTWEAR,TH.Pairs,633,1572,9353,-15.18,-20.13,-22.01,Export,2021,Qtr 3,September,1
863,OTHER MANUFACTURES GROUP,FOOTWEAR,CANVAS FOOTWEAR,TH.Pairs,3,3,16,100,100,100,Export,2021,Qtr 3,September,1
864,OTHER MANUFACTURES GROUP,FOOTWEAR,OTHER FOOTWEAR,TH.Pairs,683,400,2380,23.09,47.58,43.98,Export,2021,Qtr 3,September,1
865,OTHER MANUFACTURES GROUP,,SURGICAL GOODS & MEDICAL INSTRUMENTS,,,4956,29488,,-1.59,-3.91,Export,2021,Qtr 3,September,1
866,OTHER MANUFACTURES GROUP,,CUTLERY,,,1523,9060,,0.57,-1.8,Export,2021,Qtr 3,September,1
867,OTHER MANUFACTURES GROUP,,ONYX MANUFACTURED,M.T,130,66,395,-38.15,3.81,2.07,Export,2021,Qtr 3,September,1
869,OTHER MANUFACTURES GROUP,CHEMICALS AND PHARM PRODUCTS,FERTILIZER MANUFACTURED,M.T,0,0,0,0,0,0,Export,2021,Qtr 3,September,1
870,OTHER MANUFACTURES GROUP,CHEMICALS AND PHARM PRODUCTS,PLASTIC MATERIALS,M.T,17071,4534,26979,-15.53,-7.52,-9.7,Export,2021,Qtr 3,September,1
871,OTHER MANUFACTURES GROUP,CHEMICALS AND PHARM PRODUCTS,PHARMACEUTICAL PRODUCTS,M.T,2458,4452,26488,-3.83,19.92,17.09,Export,2021,Qtr 3,September,1
872,OTHER MANUFACTURES GROUP,CHEMICALS AND PHARM PRODUCTS,OTHER CHEMICALS,,,12411,73851,,23.02,20.11,Export,2021,Qtr 3,September,1
874,OTHER MANUFACTURES GROUP,ENGINEERING GOODS,ELECTRIC FANS,TH.NOS,62,212,1259,-43.87,-39.2,-40.56,Export,2021,Qtr 3,September,1
875,OTHER MANUFACTURES GROUP,ENGINEERING GOODS,TRANSPORT EQUIPMENT,,,121,718,,-9.27,-11.14,Export,2021,Qtr 3,September,1
876,OTHER MANUFACTURES GROUP,ENGINEERING GOODS,OTHER ELECTRICAL MACHINERY,,,275,1638,,-43.46,-44.76,Export,2021,Qtr 3,September,1
878,OTHER MANUFACTURES GROUP,ENGINEERING GOODS,MACHINERY SPECIALIZED FOR PARTICULAR INDUSTRIES,,,857,5098,,-0.03,-2.36,Export,2021,Qtr 3,September,1
879,OTHER MANUFACTURES GROUP,ENGINEERING GOODS,AUTO PARTS & ACCESSORIES,,,355,2115,,1.84,-0.66,Export,2021,Qtr 3,September,1
880,OTHER MANUFACTURES GROUP,ENGINEERING GOODS,OTHER MACHINERY,,,730,4344,,-2.66,-5.01,Export,2021,Qtr 3,September,1
881,OTHER MANUFACTURES GROUP,,GEMS,K.G,542,109,647,56.2,64.76,62.16,Export,2021,Qtr 3,September,1
882,OTHER MANUFACTURES GROUP,,JEWELLERY,,,29,174,,-85.48,-85.87,Export,2021,Qtr 3,September,1
883,OTHER MANUFACTURES GROUP,,FURNITURE,,,149,888,,25.45,22.48,Export,2021,Qtr 3,September,1
884,OTHER MANUFACTURES GROUP,,MOLASSES,M.T,33,1,5,-19.51,-15.54,25,Export,2021,Qtr 3,September,1
885,OTHER MANUFACTURES GROUP,,HANDICRAFTS,,,0,0,,0,0,Export,2021,Qtr 3,September,1
886,OTHER MANUFACTURES GROUP,,CEMENT,M.T,1020644,5683,33813,333.94,267.56,258.83,Export,2021,Qtr 3,September,1
887,OTHER MANUFACTURES GROUP,,GUAR AND GUAR PRODUCTS,M.T,2039,453,2693,-2.35,-1.41,-3.68,Export,2021,Qtr 3,September,1
888,OTHER MANUFACTURES GROUP,,ALL OTHER ITEMS,,,34687,206405,,23.15,20.25,Export,2021,Qtr 3,September,1
892,FOOD GROUP,RICE,BASMATI,M.T,86473,15198,82384,45.99,42.76,39,Export,2022,Qtr 2,April,1
893,FOOD GROUP,RICE,OTHERS,M.T,375040,32704,177277,-17.13,-4.91,-7.42,Export,2022,Qtr 2,April,1
894,FOOD GROUP,,FISH & FISH PREPARATIONS,M.T,15442,7438,40318,-4.56,0.27,-2.37,Export,2022,Qtr 2,April,1
895,FOOD GROUP,,FRUITS,M.T,26538,3275,17753,-49.21,-40.62,-42.18,Export,2022,Qtr 2,April,1
896,FOOD GROUP,,VEGETABLES,M.T,141770,7018,38042,13.58,14.85,11.82,Export,2022,Qtr 2,April,1
897,FOOD GROUP,,LEGUMINOUS VEGETABLES (PULSES),M.T,0,0,0,0,0,0,Export,2022,Qtr 2,April,1
898,FOOD GROUP,,TOBACCO,M.T,1998,876,4747,56.71,48.5,44.58,Export,2022,Qtr 2,April,1
899,FOOD GROUP,,WHEAT,M.T,0,0,0,0,0,0,Export,2022,Qtr 2,April,1
900,FOOD GROUP,,SPICES,M.T,2246,1222,6621,3.07,-12.96,-15.26,Export,2022,Qtr 2,April,1
901,FOOD GROUP,,"OIL SEEDS, NUTS AND KERNALS",M.T,5337,1573,8526,-3.07,12.31,9.35,Export,2022,Qtr 2,April,1
902,FOOD GROUP,,SUGAR,M.T,0,0,0,0,0,0,Export,2022,Qtr 2,April,1
903,FOOD GROUP,,MEAT AND MEAT PREPARATIONS,M.T,7716,6567,35597,20.83,25.82,22.5,Export,2022,Qtr 2,April,1
904,FOOD GROUP,,ALL OTHER FOOD ITEMS,,,20788,112681,,7.13,4.31,Export,2022,Qtr 2,April,1
906,TEXTILE GROUP,,RAW COTTON,M.T,0,0,0,0,0,0,Export,2022,Qtr 2,April,1
907,TEXTILE GROUP,,COTTON YARN,M.T,24386,18016,97655,6.94,8.57,5.7,Export,2022,Qtr 2,April,1
908,TEXTILE GROUP,,COTTON CLOTH,M.T,32892,38763,210120,-3.12,2.73,0.02,Export,2022,Qtr 2,April,1
909,TEXTILE GROUP,,COTTON CARDED OR COMBED,M.T,0,0,0,-100,-100,-100,Export,2022,Qtr 2,April,1
910,TEXTILE GROUP,,YARN OTHER THAN COTTON YARN,M.T,1471,1075,5828,-21.21,-5.63,-8.12,Export,2022,Qtr 2,April,1
911,TEXTILE GROUP,,KNITWEAR,TH.DOZ,15552,90096,488377,27.91,18.01,14.89,Export,2022,Qtr 2,April,1
912,TEXTILE GROUP,,BED WEAR,M.T,39628,51398,278606,7.04,9.66,6.77,Export,2022,Qtr 2,April,1
913,TEXTILE GROUP,,TOWELS,M.T,19991,19974,108270,8.1,8.07,5.22,Export,2022,Qtr 2,April,1
914,TEXTILE GROUP,,"TENTS,CANVAS & TARPULIN",M.T,2261,1690,9163,-13.57,-7.16,-9.61,Export,2022,Qtr 2,April,1
915,TEXTILE GROUP,,READYMADE GARMENTS,TH.DOZ,6321,64669,350545,7.74,4.41,1.66,Export,2022,Qtr 2,April,1
916,TEXTILE GROUP,,"ART,SILK & SYNTHETIC TEXTILE",M.T,8021,7693,41700,8.82,14.18,11.17,Export,2022,Qtr 2,April,1
917,TEXTILE GROUP,,MADEUP ARTICLES(EXCL TOWELS & BEDWEAR,,,15277,82810,,20.59,17.41,Export,2022,Qtr 2,April,1
918,TEXTILE GROUP,,OTHER TEXTILE MATERIALS,,,12208,66177,,5.35,2.58,Export,2022,Qtr 2,April,1
920,PETROLEUM GROUP & COAL,,PETROLEUM CRUDE,M.T,45753,7108,38528,-26.14,-12.77,-15.07,Export,2022,Qtr 2,April,1
921,PETROLEUM GROUP & COAL,,PETROLEUM PRODUCTS(EXCL TOP NAPHTA),M.T,6590,1228,6657,112.99,11.09,8.15,Export,2022,Qtr 2,April,1
922,PETROLEUM GROUP & COAL,,PETROLEUM TOP NAPHTA,M.T,0,0,0,0,0,0,Export,2022,Qtr 2,April,1
923,PETROLEUM GROUP & COAL,,SOLID FUELS (COAL),M.T,0,0,0,0,0,0,Export,2022,Qtr 2,April,1
925,OTHER MANUFACTURES GROUP,,"CARPETS, RUGS & MATS",TH.SQM,288,1414,7664,98.62,40.95,37.23,Export,2022,Qtr 2,April,1
927,OTHER MANUFACTURES GROUP,SPORTS GOODS,FOOTBALLS,TH.DOZ,346,3544,19210,-6.99,7.15,4.32,Export,2022,Qtr 2,April,1
928,OTHER MANUFACTURES GROUP,SPORTS GOODS,GLOVES,TH.DOZ,228,1236,6702,-2.98,13.08,10.1,Export,2022,Qtr 2,April,1
929,OTHER MANUFACTURES GROUP,SPORTS GOODS,OTHERS,,,1848,10016,,46.9,43.02,Export,2022,Qtr 2,April,1
930,OTHER MANUFACTURES GROUP,,LEATHER TANNED,M.T,1856,3364,18236,24.06,-7.35,-9.79,Export,2022,Qtr 2,April,1
932,OTHER MANUFACTURES GROUP,LEATHER MANUFACTURES,LEATHER GARMENTS,TH.DOZ,160,4621,25051,37.93,39.04,35.37,Export,2022,Qtr 2,April,1
933,OTHER MANUFACTURES GROUP,LEATHER MANUFACTURES,LEATHER GLOVES,TH.DOZ,809,4519,24495,27.2,16.08,13.02,Export,2022,Qtr 2,April,1
934,OTHER MANUFACTURES GROUP,LEATHER MANUFACTURES,OTHER LEATHER MANUFACTURES,,,368,1996,,52,47.99,Export,2022,Qtr 2,April,1
936,OTHER MANUFACTURES GROUP,FOOTWEAR,LEATHER FOOTWEAR,TH.Pairs,768,1845,10002,7.41,7.42,4.58,Export,2022,Qtr 2,April,1
937,OTHER MANUFACTURES GROUP,FOOTWEAR,CANVAS FOOTWEAR,TH.Pairs,41,49,266,1950,1627.79,1584.82,Export,2022,Qtr 2,April,1
938,OTHER MANUFACTURES GROUP,FOOTWEAR,OTHER FOOTWEAR,TH.Pairs,1110,576,3122,-2.03,-5.29,-7.79,Export,2022,Qtr 2,April,1
939,OTHER MANUFACTURES GROUP,,SURGICAL GOODS & MEDICAL INSTRUMENTS,,,8067,43730,,39.63,35.94,Export,2022,Qtr 2,April,1
940,OTHER MANUFACTURES GROUP,,CUTLERY,,,1033,5598,,0.61,-2.04,Export,2022,Qtr 2,April,1
941,OTHER MANUFACTURES GROUP,,ONYX MANUFACTURED,M.T,215,96,522,102.83,91.77,86.74,Export,2022,Qtr 2,April,1
943,OTHER MANUFACTURES GROUP,CHEMICALS AND PHARM PRODUCTS,FERTILIZER MANUFACTURED,M.T,,0,0,0,0,0,Export,2022,Qtr 2,April,1
944,OTHER MANUFACTURES GROUP,CHEMICALS AND PHARM PRODUCTS,PLASTIC MATERIALS,M.T,19033,6525,35372,-4.8,0.04,-2.6,Export,2022,Qtr 2,April,1
945,OTHER MANUFACTURES GROUP,CHEMICALS AND PHARM PRODUCTS,PHARMACEUTICAL PRODUCTS,M.T,1800,4572,24783,12.78,15.88,12.83,Export,2022,Qtr 2,April,1
946,OTHER MANUFACTURES GROUP,CHEMICALS AND PHARM PRODUCTS,OTHER CHEMICALS,,,17105,92722,,28.33,24.95,Export,2022,Qtr 2,April,1
948,OTHER MANUFACTURES GROUP,ENGINEERING GOODS,ELECTRIC FANS,TH.NOS,210,762,4133,-20.75,-18.28,-20.43,Export,2022,Qtr 2,April,1
949,OTHER MANUFACTURES GROUP,ENGINEERING GOODS,TRANSPORT EQUIPMENT,,,246,1333,,152.32,145.59,Export,2022,Qtr 2,April,1
950,OTHER MANUFACTURES GROUP,ENGINEERING GOODS,OTHER ELECTRICAL MACHINERY,,,872,4726,,91.27,86.23,Export,2022,Qtr 2,April,1
952,OTHER MANUFACTURES GROUP,ENGINEERING GOODS,MACHINERY SPECIALIZED FOR PARTICULAR INDUSTRIES,,,995,5394,,-7.82,-10.25,Export,2022,Qtr 2,April,1
953,OTHER MANUFACTURES GROUP,ENGINEERING GOODS,AUTO PARTS & ACCESSORIES,,,588,3188,,52.6,48.59,Export,2022,Qtr 2,April,1
954,OTHER MANUFACTURES GROUP,ENGINEERING GOODS,OTHER MACHINERY,,,695,3765,,9.72,6.83,Export,2022,Qtr 2,April,1
955,OTHER MANUFACTURES GROUP,,GEMS,K.G,378,88,476,20,48.02,44.07,Export,2022,Qtr 2,April,1
956,OTHER MANUFACTURES GROUP,,JEWELLERY,,,341,1850,,-59.27,-60.34,Export,2022,Qtr 2,April,1
957,OTHER MANUFACTURES GROUP,,FURNITURE,TH.NOS,120,177,958,-2.44,1.83,-0.87,Export,2022,Qtr 2,April,1
958,OTHER MANUFACTURES GROUP,,MOLASSES,M.T,0,0,0,-100,-100,-100,Export,2022,Qtr 2,April,1
959,OTHER MANUFACTURES GROUP,,HANDICRAFTS,,,0,0,,0,0,Export,2022,Qtr 2,April,1
960,OTHER MANUFACTURES GROUP,,CEMENT,M.T,85108,823,4464,-82.22,-76.87,-77.47,Export,2022,Qtr 2,April,1
961,OTHER MANUFACTURES GROUP,,GUAR AND GUAR PRODUCTS,M.T,3169,1130,6128,7.42,6.35,3.55,Export,2022,Qtr 2,April,1
962,OTHER MANUFACTURES GROUP,,ALL OTHER ITEMS,,,41158,223104,,-6.21,-8.68,Export,2022,Qtr 2,April,1
966,FOOD GROUP,RICE,BASMATI,M.T,36645,9179,41556,-18.84,-8.17,-8.77,Export,2022,Qtr 3,August,1
967,FOOD GROUP,RICE,OTHERS,M.T,184094,22569,102174,6.83,10.56,9.83,Export,2022,Qtr 3,August,1
968,FOOD GROUP,,FISH & FISH PREPARATIONS,M.T,7806,4293,19435,-3.13,5.71,5.02,Export,2022,Qtr 3,August,1
969,FOOD GROUP,,FRUITS,M.T,34125,6391,28935,-9.95,-14.57,-15.13,Export,2022,Qtr 3,August,1
970,FOOD GROUP,,VEGETABLES,M.T,48442,3024,13691,-51.34,-68.7,-68.9,Export,2022,Qtr 3,August,1
971,FOOD GROUP,,LEGUMINOUS VEGETABLES (PULSES),M.T,48,10,47,100,100,100,Export,2022,Qtr 3,August,1
972,FOOD GROUP,,TOBACCO,M.T,2532,1189,5381,63.99,11.18,10.45,Export,2022,Qtr 3,August,1
973,FOOD GROUP,,WHEAT,M.T,0,0,0,0,0,0,Export,2022,Qtr 3,August,1
974,FOOD GROUP,,SPICES,M.T,1950,1479,6695,28.12,32.4,31.53,Export,2022,Qtr 3,August,1
975,FOOD GROUP,,"OIL SEEDS, NUTS AND KERNALS",M.T,3736,1286,5824,593.14,429.37,426.11,Export,2022,Qtr 3,August,1
976,FOOD GROUP,,SUGAR,M.T,0,0,0,0,0,0,Export,2022,Qtr 3,August,1
977,FOOD GROUP,,MEAT AND MEAT PREPARATIONS,M.T,6589,8789,39792,10.68,54.28,53.27,Export,2022,Qtr 3,August,1
978,FOOD GROUP,,ALL OTHER FOOD ITEMS,,,22843,103415,,21.27,20.47,Export,2022,Qtr 3,August,1
980,TEXTILE GROUP,,RAW COTTON,M.T,1923,987,4469,322.64,311.28,308.5,Export,2022,Qtr 3,August,1
981,TEXTILE GROUP,,COTTON YARN,M.T,23081,19679,89089,26.9,25.66,24.84,Export,2022,Qtr 3,August,1
982,TEXTILE GROUP,,COTTON CLOTH,M.T,30217,43159,195390,5.22,8.08,7.37,Export,2022,Qtr 3,August,1
983,TEXTILE GROUP,,COTTON CARDED OR COMBED,M.T,45,18,80,100,100,100,Export,2022,Qtr 3,August,1
984,TEXTILE GROUP,,YARN OTHER THAN COTTON YARN,M.T,1274,958,4335,54.99,29.41,28.56,Export,2022,Qtr 3,August,1
985,TEXTILE GROUP,,KNITWEAR,TH.DOZ,18190,99362,449833,9.66,4.11,3.43,Export,2022,Qtr 3,August,1
986,TEXTILE GROUP,,BED WEAR,M.T,36345,57055,258300,-1.92,2.37,1.7,Export,2022,Qtr 3,August,1
987,TEXTILE GROUP,,TOWELS,M.T,13549,16574,75036,-6.07,0.76,0.09,Export,2022,Qtr 3,August,1
988,TEXTILE GROUP,,"TENTS,CANVAS & TARPULIN",M.T,2836,2313,10474,20.58,20.68,19.89,Export,2022,Qtr 3,August,1
989,TEXTILE GROUP,,READYMADE GARMENTS,TH.DOZ,5845,72897,330021,8.87,9.07,8.35,Export,2022,Qtr 3,August,1
990,TEXTILE GROUP,,"ART,SILK & SYNTHETIC TEXTILE",M.T,7479,8763,39671,22.57,27.92,27.09,Export,2022,Qtr 3,August,1
991,TEXTILE GROUP,,MADEUP ARTICLES(EXCL TOWELS & BEDWEAR,,,13355,60461,,11.22,10.49,Export,2022,Qtr 3,August,1
992,TEXTILE GROUP,,OTHER TEXTILE MATERIALS,,,12857,58207,,-2.47,-3.11,Export,2022,Qtr 3,August,1
994,PETROLEUM GROUP & COAL,,PETROLEUM CRUDE,M.T,59830,12056,54580,10778.18,13004.29,12926.25,Export,2022,Qtr 3,August,1
995,PETROLEUM GROUP & COAL,,PETROLEUM PRODUCTS(EXCL TOP NAPHTA),M.T,4626,233,1055,36.18,-69.7,-69.89,Export,2022,Qtr 3,August,1
996,PETROLEUM GROUP & COAL,,PETROLEUM TOP NAPHTA,M.T,0,0,0,0,0,0,Export,2022,Qtr 3,August,1
997,PETROLEUM GROUP & COAL,,SOLID FUELS (COAL),M.T,0,0,0,0,0,0,Export,2022,Qtr 3,August,1
999,OTHER MANUFACTURES GROUP,,"CARPETS, RUGS & MATS",TH.SQM,160,1373,6216,-20,-16.54,-17.08,Export,2022,Qtr 3,August,1
1001,OTHER MANUFACTURES GROUP,SPORTS GOODS,FOOTBALLS,TH.DOZ,362,4452,20156,14.2,28.38,27.54,Export,2022,Qtr 3,August,1
1002,OTHER MANUFACTURES GROUP,SPORTS GOODS,GLOVES,TH.DOZ,265,1340,6065,6,11.83,11.1,Export,2022,Qtr 3,August,1
1003,OTHER MANUFACTURES GROUP,SPORTS GOODS,OTHERS,,,1832,8295,,4.81,4.13,Export,2022,Qtr 3,August,1
1004,OTHER MANUFACTURES GROUP,,LEATHER TANNED,M.T,1217,3498,15838,-18.65,4.84,4.15,Export,2022,Qtr 3,August,1
1006,OTHER MANUFACTURES GROUP,LEATHER MANUFACTURES,LEATHER GARMENTS,TH.DOZ,176,5896,26692,-4.86,1.81,1.14,Export,2022,Qtr 3,August,1
1007,OTHER MANUFACTURES GROUP,LEATHER MANUFACTURES,LEATHER GLOVES,TH.DOZ,809,5667,25655,10.52,14.99,14.24,Export,2022,Qtr 3,August,1
1008,OTHER MANUFACTURES GROUP,LEATHER MANUFACTURES,OTHER LEATHER MANUFACTURES,,,241,1090,,-25.48,-25.95,Export,2022,Qtr 3,August,1
1010,OTHER MANUFACTURES GROUP,FOOTWEAR,LEATHER FOOTWEAR,TH.Pairs,836,3020,13672,-18.76,-3.79,-4.43,Export,2022,Qtr 3,August,1
1011,OTHER MANUFACTURES GROUP,FOOTWEAR,CANVAS FOOTWEAR,TH.Pairs,0,0,0,-100,-100,-100,Export,2022,Qtr 3,August,1
1012,OTHER MANUFACTURES GROUP,FOOTWEAR,OTHER FOOTWEAR,TH.Pairs,1000,418,1892,-19.81,-19.49,-20,Export,2022,Qtr 3,August,1
1013,OTHER MANUFACTURES GROUP,,SURGICAL GOODS & MEDICAL INSTRUMENTS,,,7537,34120,,4.26,3.57,Export,2022,Qtr 3,August,1
1014,OTHER MANUFACTURES GROUP,,CUTLERY,,,1017,4603,,-1.85,-2.5,Export,2022,Qtr 3,August,1
1015,OTHER MANUFACTURES GROUP,,ONYX MANUFACTURED,M.T,110,72,326,-17.29,4.39,3.82,Export,2022,Qtr 3,August,1
1017,OTHER MANUFACTURES GROUP,CHEMICALS AND PHARM PRODUCTS,FERTILIZER MANUFACTURED,M.T,0,0,0,0,0,0,Export,2022,Qtr 3,August,1
1018,OTHER MANUFACTURES GROUP,CHEMICALS AND PHARM PRODUCTS,PLASTIC MATERIALS,M.T,16834,6453,29214,108.65,124.14,122.67,Export,2022,Qtr 3,August,1
1019,OTHER MANUFACTURES GROUP,CHEMICALS AND PHARM PRODUCTS,PHARMACEUTICAL PRODUCTS,M.T,3900,6600,29881,24.8,25.48,24.66,Export,2022,Qtr 3,August,1
1020,OTHER MANUFACTURES GROUP,CHEMICALS AND PHARM PRODUCTS,OTHER CHEMICALS,,,18895,85543,,91.25,89.99,Export,2022,Qtr 3,August,1
1022,OTHER MANUFACTURES GROUP,ENGINEERING GOODS,ELECTRIC FANS,TH.NOS,189,698,3159,18.13,18.46,17.7,Export,2022,Qtr 3,August,1
1023,OTHER MANUFACTURES GROUP,ENGINEERING GOODS,TRANSPORT EQUIPMENT,,,121,546,,-55.46,-55.79,Export,2022,Qtr 3,August,1
1024,OTHER MANUFACTURES GROUP,ENGINEERING GOODS,OTHER ELECTRICAL MACHINERY,,,955,4325,,38.27,37.35,Export,2022,Qtr 3,August,1
1026,OTHER MANUFACTURES GROUP,ENGINEERING GOODS,MACHINERY SPECIALIZED FOR PARTICULAR INDUSTRIES,,,1233,5584,,46.32,45.34,Export,2022,Qtr 3,August,1
1027,OTHER MANUFACTURES GROUP,ENGINEERING GOODS,AUTO PARTS & ACCESSORIES,,,589,2666,,10.05,9.35,Export,2022,Qtr 3,August,1
1028,OTHER MANUFACTURES GROUP,ENGINEERING GOODS,OTHER MACHINERY,,,2323,10519,,99.26,97.95,Export,2022,Qtr 3,August,1
1029,OTHER MANUFACTURES GROUP,,GEMS,K.G,150,53,241,-81.25,-81.63,-81.77,Export,2022,Qtr 3,August,1
1030,OTHER MANUFACTURES GROUP,,JEWELLERY,,,137,620,,-38.01,-38.43,Export,2022,Qtr 3,August,1
1031,OTHER MANUFACTURES GROUP,,FURNITURE,TH.NOS,226,414,1873,36.14,40.72,39.78,Export,2022,Qtr 3,August,1
1032,OTHER MANUFACTURES GROUP,,MOLASSES,M.T,154,5,25,-99.54,-99.54,-99.53,Export,2022,Qtr 3,August,1
1033,OTHER MANUFACTURES GROUP,,HANDICRAFTS,,,24,111,,100,100,Export,2022,Qtr 3,August,1
1034,OTHER MANUFACTURES GROUP,,CEMENT,M.T,223987,2560,11589,113.03,107.28,105.92,Export,2022,Qtr 3,August,1
1035,OTHER MANUFACTURES GROUP,,GUAR AND GUAR PRODUCTS,M.T,1729,734,3321,-23.9,-22.61,-23.13,Export,2022,Qtr 3,August,1
1036,OTHER MANUFACTURES GROUP,,ALL OTHER ITEMS,,,28850,130607,,-2.37,-3.02,Export,2022,Qtr 3,August,1
1040,FOOD GROUP,RICE,BASMATI,M.T,46514,11495,51144,18.03,12.12,10.9,Export,2022,Qtr 4,December,1
1041,FOOD GROUP,RICE,OTHERS,M.T,269025,28623,127346,-28.98,-18.01,-18.9,Export,2022,Qtr 4,December,1
1042,FOOD GROUP,,FISH & FISH PREPARATIONS,M.T,16880,8812,39206,-18.71,-22.58,-23.42,Export,2022,Qtr 4,December,1
1043,FOOD GROUP,,FRUITS,M.T,140118,10236,45541,260.93,198.14,194.88,Export,2022,Qtr 4,December,1
1044,FOOD GROUP,,VEGETABLES,M.T,54660,3355,14926,23.12,8.54,7.36,Export,2022,Qtr 4,December,1
1045,FOOD GROUP,,LEGUMINOUS VEGETABLES (PULSES),M.T,0,0,0,0,0,0,Export,2022,Qtr 4,December,1
1046,FOOD GROUP,,TOBACCO,M.T,1253,733,3263,-60.6,-48.84,-49.4,Export,2022,Qtr 4,December,1
1047,FOOD GROUP,,WHEAT,M.T,0,0,0,0,0,0,Export,2022,Qtr 4,December,1
1048,FOOD GROUP,,SPICES,M.T,2410,2103,9358,-4.14,-3.83,-4.88,Export,2022,Qtr 4,December,1
1049,FOOD GROUP,,"OIL SEEDS, NUTS AND KERNALS",M.T,5538,2387,10622,-44.94,-40.38,-41.02,Export,2022,Qtr 4,December,1
1050,FOOD GROUP,,SUGAR,M.T,0,0,0,0,0,0,Export,2022,Qtr 4,December,1
1051,FOOD GROUP,,MEAT AND MEAT PREPARATIONS,M.T,7780,7154,31829,0.07,-1.2,-2.28,Export,2022,Qtr 4,December,1
1052,FOOD GROUP,,ALL OTHER FOOD ITEMS,,,14675,65292,,-21.21,-22.07,Export,2022,Qtr 4,December,1
1054,TEXTILE GROUP,,RAW COTTON,M.T,0,0,0,-100,-100,-100,Export,2022,Qtr 4,December,1
1055,TEXTILE GROUP,,COTTON YARN,M.T,17341,11991,53349,39.16,25.78,24.41,Export,2022,Qtr 4,December,1
1056,TEXTILE GROUP,,COTTON CLOTH,M.T,27389,36563,162675,6.4,7.1,5.93,Export,2022,Qtr 4,December,1
1057,TEXTILE GROUP,,COTTON CARDED OR COMBED,M.T,181,75,332,45.99,27.48,25.76,Export,2022,Qtr 4,December,1
1058,TEXTILE GROUP,,YARN OTHER THAN COTTON YARN,M.T,1017,731,3253,-20.78,-30.4,-31.15,Export,2022,Qtr 4,December,1
1059,TEXTILE GROUP,,KNITWEAR,TH.DOZ,15014,79492,353671,-11.17,-10.66,-11.63,Export,2022,Qtr 4,December,1
1060,TEXTILE GROUP,,BED WEAR,M.T,30501,46846,208422,-7.81,-5.28,-6.31,Export,2022,Qtr 4,December,1
1061,TEXTILE GROUP,,TOWELS,M.T,16326,18472,82186,-11.62,-10.31,-11.29,Export,2022,Qtr 4,December,1
1062,TEXTILE GROUP,,"TENTS,CANVAS & TARPULIN",M.T,3073,2320,10324,-22.48,-26.29,-27.09,Export,2022,Qtr 4,December,1
1063,TEXTILE GROUP,,READYMADE GARMENTS,TH.DOZ,5114,71729,319134,-10.92,-1.23,-2.3,Export,2022,Qtr 4,December,1
1064,TEXTILE GROUP,,"ART,SILK & SYNTHETIC TEXTILE",M.T,6182,6720,29897,-5.89,-8.55,-9.55,Export,2022,Qtr 4,December,1
1065,TEXTILE GROUP,,MADEUP ARTICLES(EXCL TOWELS & BEDWEAR,,,16019,71270,,3.86,2.72,Export,2022,Qtr 4,December,1
1066,TEXTILE GROUP,,OTHER TEXTILE MATERIALS,,,13834,61548,,4.6,3.46,Export,2022,Qtr 4,December,1
1068,PETROLEUM GROUP & COAL,,PETROLEUM CRUDE,M.T,63350,9642,42900,100,100,100,Export,2022,Qtr 4,December,1
1069,PETROLEUM GROUP & COAL,,PETROLEUM PRODUCTS(EXCL TOP NAPHTA),M.T,1513,226,1008,-87.92,-85.87,-86.02,Export,2022,Qtr 4,December,1
1070,PETROLEUM GROUP & COAL,,PETROLEUM TOP NAPHTA,M.T,0,0,0,0,0,0,Export,2022,Qtr 4,December,1
1071,PETROLEUM GROUP & COAL,,SOLID FUELS (COAL),M.T,0,0,0,-100,-100,-100,Export,2022,Qtr 4,December,1
1073,OTHER MANUFACTURES GROUP,,"CARPETS, RUGS & MATS",TH.SQM,186,1178,5243,-37.08,-45.41,-46,Export,2022,Qtr 4,December,1
1075,OTHER MANUFACTURES GROUP,SPORTS GOODS,FOOTBALLS,TH.DOZ,350,4252,18917,-7.34,-7.27,-8.28,Export,2022,Qtr 4,December,1
1076,OTHER MANUFACTURES GROUP,SPORTS GOODS,GLOVES,TH.DOZ,258,1539,6847,12.17,13,11.77,Export,2022,Qtr 4,December,1
1077,OTHER MANUFACTURES GROUP,SPORTS GOODS,OTHERS,,,1843,8199,,-4.8,-5.83,Export,2022,Qtr 4,December,1
1078,OTHER MANUFACTURES GROUP,,LEATHER TANNED,M.T,1122,2782,12379,1.02,-19.48,-20.36,Export,2022,Qtr 4,December,1
1080,OTHER MANUFACTURES GROUP,LEATHER MANUFACTURES,LEATHER GARMENTS,TH.DOZ,168,5995,26674,15.07,15.33,14.07,Export,2022,Qtr 4,December,1
1081,OTHER MANUFACTURES GROUP,LEATHER MANUFACTURES,LEATHER GLOVES,TH.DOZ,740,5682,25278,4.23,4.76,3.62,Export,2022,Qtr 4,December,1
1082,OTHER MANUFACTURES GROUP,LEATHER MANUFACTURES,OTHER LEATHER MANUFACTURES,,,363,1614,,29.59,28.2,Export,2022,Qtr 4,December,1
1084,OTHER MANUFACTURES GROUP,FOOTWEAR,LEATHER FOOTWEAR,TH.Pairs,1088,3170,14102,37.77,42.99,41.43,Export,2022,Qtr 4,December,1
1085,OTHER MANUFACTURES GROUP,FOOTWEAR,CANVAS FOOTWEAR,TH.Pairs,5,6,27,161.7,69.06,68.75,Export,2022,Qtr 4,December,1
1086,OTHER MANUFACTURES GROUP,FOOTWEAR,OTHER FOOTWEAR,TH.Pairs,1401,557,2479,-17.83,-5.31,-6.35,Export,2022,Qtr 4,December,1
1087,OTHER MANUFACTURES GROUP,,SURGICAL GOODS & MEDICAL INSTRUMENTS,,,8680,38617,,4.04,2.9,Export,2022,Qtr 4,December,1
1088,OTHER MANUFACTURES GROUP,,CUTLERY,,,1200,5340,,14,12.75,Export,2022,Qtr 4,December,1
1089,OTHER MANUFACTURES GROUP,,ONYX MANUFACTURED,M.T,110,70,313,57.05,48.42,46.95,Export,2022,Qtr 4,December,1
1091,OTHER MANUFACTURES GROUP,CHEMICALS AND PHARM PRODUCTS,FERTILIZER MANUFACTURED,M.T,0,0,0,0,0,0,Export,2022,Qtr 4,December,1
1092,OTHER MANUFACTURES GROUP,CHEMICALS AND PHARM PRODUCTS,PLASTIC MATERIALS,M.T,12085,3028,13473,-12.43,-24.62,-25.45,Export,2022,Qtr 4,December,1
1093,OTHER MANUFACTURES GROUP,CHEMICALS AND PHARM PRODUCTS,PHARMACEUTICAL PRODUCTS,M.T,6250,7007,31176,1.56,-1.36,-2.43,Export,2022,Qtr 4,December,1
1094,OTHER MANUFACTURES GROUP,CHEMICALS AND PHARM PRODUCTS,OTHER CHEMICALS,,,15796,70278,,5.93,4.78,Export,2022,Qtr 4,December,1
1096,OTHER MANUFACTURES GROUP,ENGINEERING GOODS,ELECTRIC FANS,TH.NOS,80,306,1362,105.13,106.02,103.89,Export,2022,Qtr 4,December,1
1097,OTHER MANUFACTURES GROUP,ENGINEERING GOODS,TRANSPORT EQUIPMENT,,,51,227,,-79.35,-79.55,Export,2022,Qtr 4,December,1
1098,OTHER MANUFACTURES GROUP,ENGINEERING GOODS,OTHER ELECTRICAL MACHINERY,,,835,3714,,-17.77,-18.66,Export,2022,Qtr 4,December,1
1100,OTHER MANUFACTURES GROUP,ENGINEERING GOODS,MACHINERY SPECIALIZED FOR PARTICULAR INDUSTRIES,,,836,3721,,30.24,28.8,Export,2022,Qtr 4,December,1
1101,OTHER MANUFACTURES GROUP,ENGINEERING GOODS,AUTO PARTS & ACCESSORIES,,,429,1910,,1.45,0.37,Export,2022,Qtr 4,December,1
1102,OTHER MANUFACTURES GROUP,ENGINEERING GOODS,OTHER MACHINERY,,,1753,7798,,-36.07,-36.77,Export,2022,Qtr 4,December,1
1103,OTHER MANUFACTURES GROUP,,GEMS,K.G,300,116,515,87.5,46.98,45.48,Export,2022,Qtr 4,December,1
1104,OTHER MANUFACTURES GROUP,,JEWELLERY,,,115,513,,0.63,-0.58,Export,2022,Qtr 4,December,1
1105,OTHER MANUFACTURES GROUP,,FURNITURE,TH.NOS,96,204,906,-36,-34.41,-35.15,Export,2022,Qtr 4,December,1
1106,OTHER MANUFACTURES GROUP,,MOLASSES,M.T,0,0,0,-100,-100,-100,Export,2022,Qtr 4,December,1
1107,OTHER MANUFACTURES GROUP,,HANDICRAFTS,,,18,80,,100,100,Export,2022,Qtr 4,December,1
1108,OTHER MANUFACTURES GROUP,,CEMENT,M.T,165791,1963,8732,-25.69,-16.77,-17.68,Export,2022,Qtr 4,December,1
1109,OTHER MANUFACTURES GROUP,,GUAR AND GUAR PRODUCTS,M.T,2068,728,3238,11.97,8.39,7.22,Export,2022,Qtr 4,December,1
1110,OTHER MANUFACTURES GROUP,,ALL OTHER ITEMS,,,45081,200572,,0.13,-0.96,Export,2022,Qtr 4,December,1
1114,FOOD GROUP,RICE,BASMATI,M.T,80145,12903,48498,36.41,32.87,50.75,Export,2022,Qtr 1,February,1
1115,FOOD GROUP,RICE,OTHERS,M.T,378177,31688,131790,-6.28,8.93,36.24,Export,2022,Qtr 1,February,1
1116,FOOD GROUP,,FISH & FISH PREPARATIONS,M.T,14300,6336,30803,27.63,15.51,16.55,Export,2022,Qtr 1,February,1
1117,FOOD GROUP,,FRUITS,M.T,68045,7594,52847,-21.41,-41.04,-18.58,Export,2022,Qtr 1,February,1
1118,FOOD GROUP,,VEGETABLES,M.T,101532,6749,47444,13.74,9.24,-19.4,Export,2022,Qtr 1,February,1
1119,FOOD GROUP,,LEGUMINOUS VEGETABLES (PULSES),M.T,0,0,0,-100,-100,0,Export,2022,Qtr 1,February,1
1120,FOOD GROUP,,TOBACCO,M.T,1748,618,1096,-6.43,-28.64,219.53,Export,2022,Qtr 1,February,1
1121,FOOD GROUP,,WHEAT,M.T,0,0,0,0,0,0,Export,2022,Qtr 1,February,1
1122,FOOD GROUP,,SPICES,M.T,2117,1724,9260,-14.19,-20.43,5.51,Export,2022,Qtr 1,February,1
1123,FOOD GROUP,,"OIL SEEDS, NUTS AND KERNALS",M.T,3467,1068,14976,-34.33,-16.53,-59.58,Export,2022,Qtr 1,February,1
1124,FOOD GROUP,,SUGAR,M.T,0,0,0,0,0,0,Export,2022,Qtr 1,February,1
1125,FOOD GROUP,,MEAT AND MEAT PREPARATIONS,M.T,6650,5102,26147,6.86,0.89,10.56,Export,2022,Qtr 1,February,1
1126,FOOD GROUP,,ALL OTHER FOOD ITEMS,,,11279,47914,,9.6,33.39,Export,2022,Qtr 1,February,1
1128,TEXTILE GROUP,,RAW COTTON,M.T,559,236,0,-62.02,-61.47,100,Export,2022,Qtr 1,February,1
1129,TEXTILE GROUP,,COTTON YARN,M.T,33202,22505,120261,69.38,64.85,6.03,Export,2022,Qtr 1,February,1
1130,TEXTILE GROUP,,COTTON CLOTH,M.T,37815,41038,148968,1.93,7.32,56.09,Export,2022,Qtr 1,February,1
1131,TEXTILE GROUP,,COTTON CARDED OR COMBED,M.T,0,0,0,0,0,0,Export,2022,Qtr 1,February,1
1132,TEXTILE GROUP,,YARN OTHER THAN COTTON YARN,M.T,2187,1371,3291,25.85,35.23,136.1,Export,2022,Qtr 1,February,1
1133,TEXTILE GROUP,,KNITWEAR,TH.DOZ,20616,73131,291987,9.92,7.02,41.92,Export,2022,Qtr 1,February,1
1134,TEXTILE GROUP,,BED WEAR,M.T,37349,46308,203372,-4.62,-0.65,29.02,Export,2022,Qtr 1,February,1
1135,TEXTILE GROUP,,TOWELS,M.T,18708,17782,77479,8.13,10.75,30.05,Export,2022,Qtr 1,February,1
1136,TEXTILE GROUP,,"TENTS,CANVAS & TARPULIN",M.T,2130,1170,8336,-36.35,-22.81,-20.45,Export,2022,Qtr 1,February,1
1137,TEXTILE GROUP,,READYMADE GARMENTS,TH.DOZ,4100,62500,238456,8.15,7.16,48.52,Export,2022,Qtr 1,February,1
1138,TEXTILE GROUP,,"ART,SILK & SYNTHETIC TEXTILE",M.T,8536,7644,29158,1.48,15.09,48.55,Export,2022,Qtr 1,February,1
1139,TEXTILE GROUP,,MADEUP ARTICLES(EXCL TOWELS & BEDWEAR,,,11474,59112,,-5.45,9.99,Export,2022,Qtr 1,February,1
1140,TEXTILE GROUP,,OTHER TEXTILE MATERIALS,,,10410,53620,,-0.67,10.01,Export,2022,Qtr 1,February,1
1142,PETROLEUM GROUP & COAL,,PETROLEUM CRUDE,M.T,0,0,19035,-100,-100,100,Export,2022,Qtr 1,February,1
1143,PETROLEUM GROUP & COAL,,PETROLEUM PRODUCTS(EXCL TOP NAPHTA),M.T,50000,5127,475,532.03,369.52,6016.21,Export,2022,Qtr 1,February,1
1144,PETROLEUM GROUP & COAL,,PETROLEUM TOP NAPHTA,M.T,0,0,233,0,0,-100,Export,2022,Qtr 1,February,1
1145,PETROLEUM GROUP & COAL,,SOLID FUELS (COAL),M.T,0,0,0,0,0,0,Export,2022,Qtr 1,February,1
1147,OTHER MANUFACTURES GROUP,,"CARPETS, RUGS & MATS",TH.SQM,160,1101,5650,-28.89,-26.27,10.39,Export,2022,Qtr 1,February,1
1149,OTHER MANUFACTURES GROUP,SPORTS GOODS,FOOTBALLS,TH.DOZ,405,3747,8937,50.67,46.9,137.6,Export,2022,Qtr 1,February,1
1150,OTHER MANUFACTURES GROUP,SPORTS GOODS,GLOVES,TH.DOZ,220,1053,5092,-23.34,-15.62,17.18,Export,2022,Qtr 1,February,1
1151,OTHER MANUFACTURES GROUP,SPORTS GOODS,OTHERS,,,1432,4795,,7.8,69.18,Export,2022,Qtr 1,February,1
1152,OTHER MANUFACTURES GROUP,,LEATHER TANNED,M.T,1891,3776,12491,56.04,28.42,71.27,Export,2022,Qtr 1,February,1
1154,OTHER MANUFACTURES GROUP,LEATHER MANUFACTURES,LEATHER GARMENTS,TH.DOZ,143,4099,21900,-0.42,-15.73,6.05,Export,2022,Qtr 1,February,1
1155,OTHER MANUFACTURES GROUP,LEATHER MANUFACTURES,LEATHER GLOVES,TH.DOZ,773,4643,18547,-4.14,18.22,41.86,Export,2022,Qtr 1,February,1
1156,OTHER MANUFACTURES GROUP,LEATHER MANUFACTURES,OTHER LEATHER MANUFACTURES,,,227,1124,,-29.51,14.41,Export,2022,Qtr 1,February,1
1158,OTHER MANUFACTURES GROUP,FOOTWEAR,LEATHER FOOTWEAR,TH.Pairs,1087,2540,10601,69.12,52.4,35.79,Export,2022,Qtr 1,February,1
1159,OTHER MANUFACTURES GROUP,FOOTWEAR,CANVAS FOOTWEAR,TH.Pairs,22,60,44,-0.66,122.41,672.73,Export,2022,Qtr 1,February,1
1160,OTHER MANUFACTURES GROUP,FOOTWEAR,OTHER FOOTWEAR,TH.Pairs,1130,616,2121,14.29,14.67,64.5,Export,2022,Qtr 1,February,1
1161,OTHER MANUFACTURES GROUP,,SURGICAL GOODS & MEDICAL INSTRUMENTS,,,5988,34352,,-4.29,-1.23,Export,2022,Qtr 1,February,1
1162,OTHER MANUFACTURES GROUP,,CUTLERY,,,998,10644,,-34.39,-46.87,Export,2022,Qtr 1,February,1
1163,OTHER MANUFACTURES GROUP,,ONYX MANUFACTURED,M.T,151,106,568,-7.93,47.24,5.81,Export,2022,Qtr 1,February,1
1165,OTHER MANUFACTURES GROUP,CHEMICALS AND PHARM PRODUCTS,FERTILIZER MANUFACTURED,M.T,0,0,0,0,0,0,Export,2022,Qtr 1,February,1
1166,OTHER MANUFACTURES GROUP,CHEMICALS AND PHARM PRODUCTS,PLASTIC MATERIALS,M.T,27682,8247,23617,47,40.3,97.87,Export,2022,Qtr 1,February,1
1167,OTHER MANUFACTURES GROUP,CHEMICALS AND PHARM PRODUCTS,PHARMACEUTICAL PRODUCTS,M.T,3522,4138,22811,131.56,38.1,2.78,Export,2022,Qtr 1,February,1
1168,OTHER MANUFACTURES GROUP,CHEMICALS AND PHARM PRODUCTS,OTHER CHEMICALS,,,17559,28239,,60.86,252.34,Export,2022,Qtr 1,February,1
1170,OTHER MANUFACTURES GROUP,ENGINEERING GOODS,ELECTRIC FANS,TH.NOS,140,423,2503,-23.5,-21.29,-4.16,Export,2022,Qtr 1,February,1
1171,OTHER MANUFACTURES GROUP,ENGINEERING GOODS,TRANSPORT EQUIPMENT,,,74,712,,-77.03,-41.15,Export,2022,Qtr 1,February,1
1172,OTHER MANUFACTURES GROUP,ENGINEERING GOODS,OTHER ELECTRICAL MACHINERY,,,271,2265,,-59.49,-32.19,Export,2022,Qtr 1,February,1
1174,OTHER MANUFACTURES GROUP,ENGINEERING GOODS,MACHINERY SPECIALIZED FOR PARTICULAR INDUSTRIES,,,915,6978,,6.94,-25.67,Export,2022,Qtr 1,February,1
1175,OTHER MANUFACTURES GROUP,ENGINEERING GOODS,AUTO PARTS & ACCESSORIES,,,456,1571,,2.94,64.48,Export,2022,Qtr 1,February,1
1176,OTHER MANUFACTURES GROUP,ENGINEERING GOODS,OTHER MACHINERY,,,567,3715,,-59.08,-13.51,Export,2022,Qtr 1,February,1
1177,OTHER MANUFACTURES GROUP,,GEMS,K.G,233,56,1435,-61.99,-63.28,-77.84,Export,2022,Qtr 1,February,1
1178,OTHER MANUFACTURES GROUP,,JEWELLERY,,,23,191,,-57.96,-31.41,Export,2022,Qtr 1,February,1
1179,OTHER MANUFACTURES GROUP,,FURNITURE,TH.NOS,138,191,931,7.09,1.66,16.33,Export,2022,Qtr 1,February,1
1180,OTHER MANUFACTURES GROUP,,MOLASSES,M.T,35179,957,6,100,100,90266.67,Export,2022,Qtr 1,February,1
1181,OTHER MANUFACTURES GROUP,,HANDICRAFTS,,,0,0,,0,0,Export,2022,Qtr 1,February,1
1182,OTHER MANUFACTURES GROUP,,CEMENT,M.T,433780,3269,19525,10.21,8.06,-5.14,Export,2022,Qtr 1,February,1
1183,OTHER MANUFACTURES GROUP,,GUAR AND GUAR PRODUCTS,M.T,1817,624,2576,-11.14,-9.57,37.27,Export,2022,Qtr 1,February,1
1184,OTHER MANUFACTURES GROUP,,ALL OTHER ITEMS,,,43359,149185,,5.89,65.93,Export,2022,Qtr 1,February,1
1188,FOOD GROUP,RICE,BASMATI,M.T,62734,10241,58086,10.48,17.58,18.15,Export,2022,Qtr 1,January,1
1189,FOOD GROUP,RICE,OTHERS,M.T,371548,28561,161992,-21.89,-15.65,-15.23,Export,2022,Qtr 1,January,1
1190,FOOD GROUP,,FISH & FISH PREPARATIONS,M.T,11201,5485,31111,-37.41,-38.05,-37.74,Export,2022,Qtr 1,January,1
1191,FOOD GROUP,,FRUITS,M.T,73804,12900,73166,-19.98,4.78,5.29,Export,2022,Qtr 1,January,1
1192,FOOD GROUP,,VEGETABLES,M.T,89381,6204,35190,17.78,9.31,9.85,Export,2022,Qtr 1,January,1
1193,FOOD GROUP,,LEGUMINOUS VEGETABLES (PULSES),M.T,25,4,22,-50,-43.46,-47.62,Export,2022,Qtr 1,January,1
1194,FOOD GROUP,,TOBACCO,M.T,1842,866,4913,-50.11,-57.56,-57.35,Export,2022,Qtr 1,January,1
1195,FOOD GROUP,,WHEAT,M.T,0,0,0,0,0,0,Export,2022,Qtr 1,January,1
1196,FOOD GROUP,,SPICES,M.T,2306,2119,12017,-13.24,-0.53,-0.02,Export,2022,Qtr 1,January,1
1197,FOOD GROUP,,"OIL SEEDS, NUTS AND KERNALS",M.T,4368,1292,7327,-74.97,-71.72,-71.58,Export,2022,Qtr 1,January,1
1198,FOOD GROUP,,SUGAR,M.T,0,0,0,0,0,0,Export,2022,Qtr 1,January,1
1199,FOOD GROUP,,MEAT AND MEAT PREPARATIONS,M.T,6223,5057,28683,-6.63,-3.43,-2.97,Export,2022,Qtr 1,January,1
1200,FOOD GROUP,,ALL OTHER FOOD ITEMS,,,10401,58993,,-6.65,-6.19,Export,2022,Qtr 1,January,1
1202,TEXTILE GROUP,,RAW COTTON,M.T,1473,612,3470,104.3,96.08,96.82,Export,2022,Qtr 1,January,1
1203,TEXTILE GROUP,,COTTON YARN,M.T,19393,13652,77430,-32.33,-27.67,-27.32,Export,2022,Qtr 1,January,1
1204,TEXTILE GROUP,,COTTON CLOTH,M.T,36847,38239,216887,8.4,14.14,14.7,Export,2022,Qtr 1,January,1
1205,TEXTILE GROUP,,COTTON CARDED OR COMBED,M.T,0,0,0,-100,-100,-100,Export,2022,Qtr 1,January,1
1206,TEXTILE GROUP,,YARN OTHER THAN COTTON YARN,M.T,1785,1014,5751,0.22,10.1,10.6,Export,2022,Qtr 1,January,1
1207,TEXTILE GROUP,,KNITWEAR,TH.DOZ,11545,68297,387368,-4.15,-12.3,-11.87,Export,2022,Qtr 1,January,1
1208,TEXTILE GROUP,,BED WEAR,M.T,37042,46617,264403,-6.17,3.81,4.32,Export,2022,Qtr 1,January,1
1209,TEXTILE GROUP,,TOWELS,M.T,17222,16056,91067,-9.18,-5.22,-4.76,Export,2022,Qtr 1,January,1
1210,TEXTILE GROUP,,"TENTS,CANVAS & TARPULIN",M.T,2729,1516,8597,-44.91,-38.71,-38.41,Export,2022,Qtr 1,January,1
1211,TEXTILE GROUP,,READYMADE GARMENTS,TH.DOZ,4325,58390,331177,6.13,-4.91,-4.44,Export,2022,Qtr 1,January,1
1212,TEXTILE GROUP,,"ART,SILK & SYNTHETIC TEXTILE",M.T,7598,6639,37658,-18.58,-7.32,-6.86,Export,2022,Qtr 1,January,1
1213,TEXTILE GROUP,,MADEUP ARTICLES(EXCL TOWELS & BEDWEAR,,,12135,68829,,-1.11,-0.63,Export,2022,Qtr 1,January,1
1214,TEXTILE GROUP,,OTHER TEXTILE MATERIALS,,,10519,59660,,-4.22,-3.75,Export,2022,Qtr 1,January,1
1216,PETROLEUM GROUP & COAL,,PETROLEUM CRUDE,M.T,45753,4681,26551,8.33,3.71,4.22,Export,2022,Qtr 1,January,1
1217,PETROLEUM GROUP & COAL,,PETROLEUM PRODUCTS(EXCL TOP NAPHTA),M.T,7902,1092,6193,116.14,88.26,89.16,Export,2022,Qtr 1,January,1
1218,PETROLEUM GROUP & COAL,,PETROLEUM TOP NAPHTA,M.T,0,0,0,0,0,0,Export,2022,Qtr 1,January,1
1219,PETROLEUM GROUP & COAL,,SOLID FUELS (COAL),M.T,0,0,0,0,0,0,Export,2022,Qtr 1,January,1
1221,OTHER MANUFACTURES GROUP,,"CARPETS, RUGS & MATS",TH.SQM,235,1493,8466,23.68,23.25,23.9,Export,2022,Qtr 1,January,1
1223,OTHER MANUFACTURES GROUP,SPORTS GOODS,FOOTBALLS,TH.DOZ,273,2551,14469,-6.19,-4.31,-3.83,Export,2022,Qtr 1,January,1
1224,OTHER MANUFACTURES GROUP,SPORTS GOODS,GLOVES,TH.DOZ,290,1239,7025,16.47,20.26,20.87,Export,2022,Qtr 1,January,1
1225,OTHER MANUFACTURES GROUP,SPORTS GOODS,OTHERS,,247,1303,7388,,-7.02,-6.54,Export,2022,Qtr 1,January,1
1226,OTHER MANUFACTURES GROUP,,LEATHER TANNED,M.T,1309,2940,16674,19.11,-3.29,-2.82,Export,2022,Qtr 1,January,1
1228,OTHER MANUFACTURES GROUP,LEATHER MANUFACTURES,LEATHER GARMENTS,TH.DOZ,140,4862,27576,-19.54,-3.72,-3.26,Export,2022,Qtr 1,January,1
1229,OTHER MANUFACTURES GROUP,LEATHER MANUFACTURES,LEATHER GLOVES,TH.DOZ,800,3928,22278,-13.14,-3.7,-3.23,Export,2022,Qtr 1,January,1
1230,OTHER MANUFACTURES GROUP,LEATHER MANUFACTURES,OTHER LEATHER MANUFACTURES,,,320,1817,,27.65,28.41,Export,2022,Qtr 1,January,1
1232,OTHER MANUFACTURES GROUP,FOOTWEAR,LEATHER FOOTWEAR,TH.Pairs,643,1667,9454,-18.19,-19.08,-18.68,Export,2022,Qtr 1,January,1
1233,OTHER MANUFACTURES GROUP,FOOTWEAR,CANVAS FOOTWEAR,TH.Pairs,13,27,151,1200,2564.68,2057.14,Export,2022,Qtr 1,January,1
1234,OTHER MANUFACTURES GROUP,FOOTWEAR,OTHER FOOTWEAR,TH.Pairs,980,537,3043,10.24,26.84,27.54,Export,2022,Qtr 1,January,1
1235,OTHER MANUFACTURES GROUP,,SURGICAL GOODS & MEDICAL INSTRUMENTS,,,6254,35471,,3.41,3.91,Export,2022,Qtr 1,January,1
1236,OTHER MANUFACTURES GROUP,,CUTLERY,,,1520,8622,,-14.64,-14.2,Export,2022,Qtr 1,January,1
1237,OTHER MANUFACTURES GROUP,,ONYX MANUFACTURED,M.T,164,72,408,-34.4,-23.54,-22.73,Export,2022,Qtr 1,January,1
1239,OTHER MANUFACTURES GROUP,CHEMICALS AND PHARM PRODUCTS,FERTILIZER MANUFACTURED,M.T,0,0,0,0,0,0,Export,2022,Qtr 1,January,1
1240,OTHER MANUFACTURES GROUP,CHEMICALS AND PHARM PRODUCTS,PLASTIC MATERIALS,M.T,19468,5878,33338,0.11,3.54,4.04,Export,2022,Qtr 1,January,1
1241,OTHER MANUFACTURES GROUP,CHEMICALS AND PHARM PRODUCTS,PHARMACEUTICAL PRODUCTS,M.T,1407,2996,16991,-50.42,-31.21,-30.88,Export,2022,Qtr 1,January,1
1242,OTHER MANUFACTURES GROUP,CHEMICALS AND PHARM PRODUCTS,OTHER CHEMICALS,,,10915,61906,,13.86,14.42,Export,2022,Qtr 1,January,1
1244,OTHER MANUFACTURES GROUP,ENGINEERING GOODS,ELECTRIC FANS,TH.NOS,170,538,3052,68.32,70.29,71.08,Export,2022,Qtr 1,January,1
1245,OTHER MANUFACTURES GROUP,ENGINEERING GOODS,TRANSPORT EQUIPMENT,,,299,1697,,157.95,159.48,Export,2022,Qtr 1,January,1
1246,OTHER MANUFACTURES GROUP,ENGINEERING GOODS,OTHER ELECTRICAL MACHINERY,,,673,3816,,50.19,51.07,Export,2022,Qtr 1,January,1
1248,OTHER MANUFACTURES GROUP,ENGINEERING GOODS,MACHINERY SPECIALIZED FOR PARTICULAR INDUSTRIES,,,857,4863,,24.26,24.85,Export,2022,Qtr 1,January,1
1249,OTHER MANUFACTURES GROUP,ENGINEERING GOODS,AUTO PARTS & ACCESSORIES,,,409,2319,,35.38,36.17,Export,2022,Qtr 1,January,1
1250,OTHER MANUFACTURES GROUP,ENGINEERING GOODS,OTHER MACHINERY,,,1349,7648,,49.17,49.93,Export,2022,Qtr 1,January,1
1251,OTHER MANUFACTURES GROUP,,GEMS,K.G,613,153,867,-37,-28.55,-28.11,Export,2022,Qtr 1,January,1
1252,OTHER MANUFACTURES GROUP,,JEWELLERY,,,55,311,,-58.79,-58.48,Export,2022,Qtr 1,January,1
1253,OTHER MANUFACTURES GROUP,,FURNITURE,TH.NOS,100,189,1072,194.12,204.78,204.55,Export,2022,Qtr 1,January,1
1254,OTHER MANUFACTURES GROUP,,MOLASSES,M.T,24265,641,3638,100,100,100,Export,2022,Qtr 1,January,1
1255,OTHER MANUFACTURES GROUP,,HANDICRAFTS,,,0,0,,0,0,Export,2022,Qtr 1,January,1
1256,OTHER MANUFACTURES GROUP,,CEMENT,M.T,393347,3025,17159,-44.02,-38.52,-38.22,Export,2022,Qtr 1,January,1
1257,OTHER MANUFACTURES GROUP,,GUAR AND GUAR PRODUCTS,M.T,2045,690,3912,-21.26,-21.25,-20.86,Export,2022,Qtr 1,January,1
1258,OTHER MANUFACTURES GROUP,,ALL OTHER ITEMS,,,41683,236421,,-6.63,-6.18,Export,2022,Qtr 1,January,1
1262,FOOD GROUP,RICE,BASMATI,M.T,45154,9996,45553,-24.69,-22.14,-27.48,Export,2022,Qtr 3,July,1
1263,FOOD GROUP,RICE,OTHERS,M.T,172327,20414,93029,-49.9,-42.12,-46.09,Export,2022,Qtr 3,July,1
1264,FOOD GROUP,,FISH & FISH PREPARATIONS,M.T,8058,4061,18506,-54.95,-51.07,-54.43,Export,2022,Qtr 3,July,1
1265,FOOD GROUP,,FRUITS,M.T,37895,7481,34092,-28.17,-22.87,-28.17,Export,2022,Qtr 3,July,1
1266,FOOD GROUP,,VEGETABLES,M.T,99542,9661,44026,55,157.49,139.81,Export,2022,Qtr 3,July,1
1267,FOOD GROUP,,LEGUMINOUS VEGETABLES (PULSES),M.T,0,0,0,0,0,0,Export,2022,Qtr 3,July,1
1268,FOOD GROUP,,TOBACCO,M.T,1544,1069,4872,-33.71,-24.13,-29.33,Export,2022,Qtr 3,July,1
1269,FOOD GROUP,,WHEAT,M.T,0,0,0,0,0,0,Export,2022,Qtr 3,July,1
1270,FOOD GROUP,,SPICES,M.T,1522,1117,5090,-43.63,-41.33,-45.37,Export,2022,Qtr 3,July,1
1271,FOOD GROUP,,"OIL SEEDS, NUTS AND KERNALS",M.T,539,243,1107,-31.42,-42,-46,Export,2022,Qtr 3,July,1
1272,FOOD GROUP,,SUGAR,M.T,0,0,0,0,0,0,Export,2022,Qtr 3,July,1
1273,FOOD GROUP,,MEAT AND MEAT PREPARATIONS,M.T,5953,5697,25962,-14.98,-8.79,-15.05,Export,2022,Qtr 3,July,1
1274,FOOD GROUP,,ALL OTHER FOOD ITEMS,,,18837,85842,,-15.07,-20.9,Export,2022,Qtr 3,July,1
1276,TEXTILE GROUP,,RAW COTTON,M.T,455,240,1094,100,100,100,Export,2022,Qtr 3,July,1
1277,TEXTILE GROUP,,COTTON YARN,M.T,18189,15660,71364,-22.4,-18.59,-24.18,Export,2022,Qtr 3,July,1
1278,TEXTILE GROUP,,COTTON CLOTH,M.T,28718,39934,181984,-6.56,-2.79,-9.47,Export,2022,Qtr 3,July,1
1279,TEXTILE GROUP,,COTTON CARDED OR COMBED,M.T,0,0,0,0,0,0,Export,2022,Qtr 3,July,1
1280,TEXTILE GROUP,,YARN OTHER THAN COTTON YARN,M.T,822,740,3372,-49.35,-34.92,-39.4,Export,2022,Qtr 3,July,1
1281,TEXTILE GROUP,,KNITWEAR,TH.DOZ,16588,95439,434926,-8.86,-1.67,-8.43,Export,2022,Qtr 3,July,1
1282,TEXTILE GROUP,,BED WEAR,M.T,37056,55735,253991,-6.61,-3.99,-10.58,Export,2022,Qtr 3,July,1
1283,TEXTILE GROUP,,TOWELS,M.T,14424,16450,74965,-14.49,-11.76,-17.82,Export,2022,Qtr 3,July,1
1284,TEXTILE GROUP,,"TENTS,CANVAS & TARPULIN",M.T,2352,1917,8736,-8.84,-14.34,-20.23,Export,2022,Qtr 3,July,1
1285,TEXTILE GROUP,,READYMADE GARMENTS,TH.DOZ,5369,66835,304575,-7.19,-11.3,-17.39,Export,2022,Qtr 3,July,1
1286,TEXTILE GROUP,,"ART,SILK & SYNTHETIC TEXTILE",M.T,6102,6850,31216,-10.34,-12.26,-18.28,Export,2022,Qtr 3,July,1
1287,TEXTILE GROUP,,MADEUP ARTICLES(EXCL TOWELS & BEDWEAR,,,12008,54722,,-14.77,-20.62,Export,2022,Qtr 3,July,1
1288,TEXTILE GROUP,,OTHER TEXTILE MATERIALS,,,13183,60076,,-6.02,-12.48,Export,2022,Qtr 3,July,1
1290,PETROLEUM GROUP & COAL,,PETROLEUM CRUDE,M.T,550,92,419,-98.88,-98.9,-98.97,Export,2022,Qtr 3,July,1
1291,PETROLEUM GROUP & COAL,,PETROLEUM PRODUCTS(EXCL TOP NAPHTA),M.T,3397,769,3504,-1.71,19.78,11.56,Export,2022,Qtr 3,July,1
1292,PETROLEUM GROUP & COAL,,PETROLEUM TOP NAPHTA,M.T,0,0,0,0,0,0,Export,2022,Qtr 3,July,1
1293,PETROLEUM GROUP & COAL,,SOLID FUELS (COAL),M.T,0,0,0,0,0,0,Export,2022,Qtr 3,July,1
1295,OTHER MANUFACTURES GROUP,,"CARPETS, RUGS & MATS",TH.SQM,200,1645,7496,1.52,1.42,-5.56,Export,2022,Qtr 3,July,1
1297,OTHER MANUFACTURES GROUP,SPORTS GOODS,FOOTBALLS,TH.DOZ,317,3468,15804,-20.75,-19.33,-24.87,Export,2022,Qtr 3,July,1
1298,OTHER MANUFACTURES GROUP,SPORTS GOODS,GLOVES,TH.DOZ,250,1198,5459,0,-9.86,-16.05,Export,2022,Qtr 3,July,1
1299,OTHER MANUFACTURES GROUP,SPORTS GOODS,OTHERS,,387,1748,7966,,-2.02,-8.74,Export,2022,Qtr 3,July,1
1300,OTHER MANUFACTURES GROUP,,LEATHER TANNED,M.T,1496,3337,15207,-3.11,-4.19,-10.77,Export,2022,Qtr 3,July,1
1302,OTHER MANUFACTURES GROUP,LEATHER MANUFACTURES,LEATHER GARMENTS,TH.DOZ,185,5791,26390,12.12,-1.23,-8.01,Export,2022,Qtr 3,July,1
1303,OTHER MANUFACTURES GROUP,LEATHER MANUFACTURES,LEATHER GLOVES,TH.DOZ,732,4928,22457,-20.17,-0.3,-7.15,Export,2022,Qtr 3,July,1
1304,OTHER MANUFACTURES GROUP,LEATHER MANUFACTURES,OTHER LEATHER MANUFACTURES,,,323,1472,,14.54,6.67,Export,2022,Qtr 3,July,1
1306,OTHER MANUFACTURES GROUP,FOOTWEAR,LEATHER FOOTWEAR,TH.Pairs,1029,3139,14305,14.08,24.17,15.64,Export,2022,Qtr 3,July,1
1307,OTHER MANUFACTURES GROUP,FOOTWEAR,CANVAS FOOTWEAR,TH.Pairs,16,35,159,100,150,130.43,Export,2022,Qtr 3,July,1
1308,OTHER MANUFACTURES GROUP,FOOTWEAR,OTHER FOOTWEAR,TH.Pairs,1247,519,2365,18.88,-1.89,-8.62,Export,2022,Qtr 3,July,1
1309,OTHER MANUFACTURES GROUP,,SURGICAL GOODS & MEDICAL INSTRUMENTS,,,7229,32943,,-8.9,-15.15,Export,2022,Qtr 3,July,1
1310,OTHER MANUFACTURES GROUP,,CUTLERY,,,1036,4721,,-8.8,-15.07,Export,2022,Qtr 3,July,1
1311,OTHER MANUFACTURES GROUP,,ONYX MANUFACTURED,M.T,133,69,314,-32.14,-33.01,-37.7,Export,2022,Qtr 3,July,1
1313,OTHER MANUFACTURES GROUP,CHEMICALS AND PHARM PRODUCTS,FERTILIZER MANUFACTURED,M.T,,0,0,0,0,0,Export,2022,Qtr 3,July,1
1314,OTHER MANUFACTURES GROUP,CHEMICALS AND PHARM PRODUCTS,PLASTIC MATERIALS,M.T,8068,2879,13120,-63.52,-67.07,-69.33,Export,2022,Qtr 3,July,1
1315,OTHER MANUFACTURES GROUP,CHEMICALS AND PHARM PRODUCTS,PHARMACEUTICAL PRODUCTS,M.T,3125,5260,23970,8.58,6.26,-1.04,Export,2022,Qtr 3,July,1
1316,OTHER MANUFACTURES GROUP,CHEMICALS AND PHARM PRODUCTS,OTHER CHEMICALS,,,9880,45024,,-63.72,-66.22,Export,2022,Qtr 3,July,1
1318,OTHER MANUFACTURES GROUP,ENGINEERING GOODS,ELECTRIC FANS,TH.NOS,160,589,2684,-20,-24.2,-29.41,Export,2022,Qtr 3,July,1
1319,OTHER MANUFACTURES GROUP,ENGINEERING GOODS,TRANSPORT EQUIPMENT,,,271,1235,,-6.23,-12.66,Export,2022,Qtr 3,July,1
1320,OTHER MANUFACTURES GROUP,ENGINEERING GOODS,OTHER ELECTRICAL MACHINERY,,,691,3149,,-13.19,-19.15,Export,2022,Qtr 3,July,1
1322,OTHER MANUFACTURES GROUP,ENGINEERING GOODS,MACHINERY SPECIALIZED FOR PARTICULAR INDUSTRIES,,,843,3842,,-31.3,-36.01,Export,2022,Qtr 3,July,1
1323,OTHER MANUFACTURES GROUP,ENGINEERING GOODS,AUTO PARTS & ACCESSORIES,,,535,2438,,22.71,14.3,Export,2022,Qtr 3,July,1
1324,OTHER MANUFACTURES GROUP,ENGINEERING GOODS,OTHER MACHINERY,,,1166,5314,,-12.13,-18.16,Export,2022,Qtr 3,July,1
1325,OTHER MANUFACTURES GROUP,,GEMS,K.G,800,290,1322,23.08,31.22,22.29,Export,2022,Qtr 3,July,1
1326,OTHER MANUFACTURES GROUP,,JEWELLERY,,,221,1007,,-34.81,-39.3,Export,2022,Qtr 3,July,1
1327,OTHER MANUFACTURES GROUP,,FURNITURE,TH.NOS,166,294,1340,268.89,320,290.67,Export,2022,Qtr 3,July,1
1328,OTHER MANUFACTURES GROUP,,MOLASSES,M.T,33812,1174,5350,-54.94,-53.43,-56.63,Export,2022,Qtr 3,July,1
1329,OTHER MANUFACTURES GROUP,,HANDICRAFTS,,0,0,0,,0,0,Export,2022,Qtr 3,July,1
1330,OTHER MANUFACTURES GROUP,,CEMENT,M.T,105141,1235,5628,-60.76,-52.79,-56.03,Export,2022,Qtr 3,July,1
1331,OTHER MANUFACTURES GROUP,,GUAR AND GUAR PRODUCTS,M.T,2272,948,4320,-15.44,-13.74,-19.67,Export,2022,Qtr 3,July,1
1332,OTHER MANUFACTURES GROUP,,ALL OTHER ITEMS,,,29551,134672,,-38.71,-42.92,Export,2022,Qtr 3,July,1
1336,FOOD GROUP,RICE,BASMATI,M.T,59955,12838,62818,-2.77,8.17,3.48,Export,2022,Qtr 2,June,1
1337,FOOD GROUP,RICE,OTHERS,M.T,343962,35268,172572,-5.55,9.99,5.22,Export,2022,Qtr 2,June,1
1338,FOOD GROUP,,FISH & FISH PREPARATIONS,M.T,17888,8299,40608,7.73,4.51,-0.02,Export,2022,Qtr 2,June,1
1339,FOOD GROUP,,FRUITS,M.T,52759,9699,47459,112.88,174.56,162.65,Export,2022,Qtr 2,June,1
1340,FOOD GROUP,,VEGETABLES,M.T,64222,3752,18359,-29.59,-16.93,-20.54,Export,2022,Qtr 2,June,1
1341,FOOD GROUP,,LEGUMINOUS VEGETABLES (PULSES),M.T,0,0,0,0,0,0,Export,2022,Qtr 2,June,1
1342,FOOD GROUP,,TOBACCO,M.T,2329,1409,6894,83.24,125.55,115.77,Export,2022,Qtr 2,June,1
1343,FOOD GROUP,,WHEAT,M.T,0,0,0,0,0,0,Export,2022,Qtr 2,June,1
1344,FOOD GROUP,,SPICES,M.T,2700,1904,9317,1.96,26.03,20.58,Export,2022,Qtr 2,June,1
1345,FOOD GROUP,,"OIL SEEDS, NUTS AND KERNALS",M.T,786,419,2050,-78.72,-61.54,-63.21,Export,2022,Qtr 2,June,1
1346,FOOD GROUP,,SUGAR,M.T,0,0,0,0,0,0,Export,2022,Qtr 2,June,1
1347,FOOD GROUP,,MEAT AND MEAT PREPARATIONS,M.T,7002,6246,30563,10.01,16.06,11.03,Export,2022,Qtr 2,June,1
1348,FOOD GROUP,,ALL OTHER FOOD ITEMS,,,22180,108530,,2.01,-2.41,Export,2022,Qtr 2,June,1
1350,TEXTILE GROUP,,RAW COTTON,M.T,0,0,0,0,0,0,Export,2022,Qtr 2,June,1
1351,TEXTILE GROUP,,COTTON YARN,M.T,23440,19236,94125,-13.36,-7.67,-11.68,Export,2022,Qtr 2,June,1
1352,TEXTILE GROUP,,COTTON CLOTH,M.T,30735,41082,201020,-15.53,-9.14,-13.08,Export,2022,Qtr 2,June,1
1353,TEXTILE GROUP,,COTTON CARDED OR COMBED,M.T,0,0,0,0,0,0,Export,2022,Qtr 2,June,1
1354,TEXTILE GROUP,,YARN OTHER THAN COTTON YARN,M.T,1623,1137,5564,-17.99,-11.99,-15.8,Export,2022,Qtr 2,June,1
1355,TEXTILE GROUP,,KNITWEAR,TH.DOZ,18200,97063,474944,27.72,15.93,10.9,Export,2022,Qtr 2,June,1
1356,TEXTILE GROUP,,BED WEAR,M.T,39679,58049,284042,-0.6,5.53,0.95,Export,2022,Qtr 2,June,1
1357,TEXTILE GROUP,,TOWELS,M.T,16868,18643,91223,-5.14,3.37,-1.12,Export,2022,Qtr 2,June,1
1358,TEXTILE GROUP,,"TENTS,CANVAS & TARPULIN",M.T,2580,2238,10951,34.59,40.37,34.29,Export,2022,Qtr 2,June,1
1359,TEXTILE GROUP,,READYMADE GARMENTS,TH.DOZ,5785,75350,368699,-6.92,19.82,14.62,Export,2022,Qtr 2,June,1
1360,TEXTILE GROUP,,"ART,SILK & SYNTHETIC TEXTILE",M.T,6806,7807,38201,-3.69,9.2,4.46,Export,2022,Qtr 2,June,1
1361,TEXTILE GROUP,,MADEUP ARTICLES(EXCL TOWELS & BEDWEAR,,,14089,68940,,2.42,-2.02,Export,2022,Qtr 2,June,1
1362,TEXTILE GROUP,,OTHER TEXTILE MATERIALS,,,14028,68641,,22.06,16.77,Export,2022,Qtr 2,June,1
1364,PETROLEUM GROUP & COAL,,PETROLEUM CRUDE,M.T,49272,8341,40814,4379.27,4426.86,4232.7,Export,2022,Qtr 2,June,1
1365,PETROLEUM GROUP & COAL,,PETROLEUM PRODUCTS(EXCL TOP NAPHTA),M.T,3456,642,3141,-70.46,-57.59,-59.44,Export,2022,Qtr 2,June,1
1366,PETROLEUM GROUP & COAL,,PETROLEUM TOP NAPHTA,M.T,0,0,0,0,0,0,Export,2022,Qtr 2,June,1
1367,PETROLEUM GROUP & COAL,,SOLID FUELS (COAL),M.T,0,0,0,0,0,0,Export,2022,Qtr 2,June,1
1369,OTHER MANUFACTURES GROUP,,"CARPETS, RUGS & MATS",TH.SQM,197,1622,7937,31.33,23.37,18.02,Export,2022,Qtr 2,June,1
1371,OTHER MANUFACTURES GROUP,SPORTS GOODS,FOOTBALLS,TH.DOZ,400,4299,21036,21.21,25.74,20.29,Export,2022,Qtr 2,June,1
1372,OTHER MANUFACTURES GROUP,SPORTS GOODS,GLOVES,TH.DOZ,250,1329,6503,12.61,6.68,2.06,Export,2022,Qtr 2,June,1
1373,OTHER MANUFACTURES GROUP,SPORTS GOODS,OTHERS,,,1784,8729,,1.67,-2.74,Export,2022,Qtr 2,June,1
1374,OTHER MANUFACTURES GROUP,,LEATHER TANNED,M.T,1544,3483,17043,-14.22,-2.69,-6.9,Export,2022,Qtr 2,June,1
1376,OTHER MANUFACTURES GROUP,LEATHER MANUFACTURES,LEATHER GARMENTS,TH.DOZ,165,5863,28689,21.32,22.88,17.55,Export,2022,Qtr 2,June,1
1377,OTHER MANUFACTURES GROUP,LEATHER MANUFACTURES,LEATHER GLOVES,TH.DOZ,917,4943,24187,3.73,-1.07,-5.36,Export,2022,Qtr 2,June,1
1378,OTHER MANUFACTURES GROUP,LEATHER MANUFACTURES,OTHER LEATHER MANUFACTURES,,,282,1380,,2.04,-2.4,Export,2022,Qtr 2,June,1
1380,OTHER MANUFACTURES GROUP,FOOTWEAR,LEATHER FOOTWEAR,TH.Pairs,902,2528,12370,36.87,37.73,31.75,Export,2022,Qtr 2,June,1
1381,OTHER MANUFACTURES GROUP,FOOTWEAR,CANVAS FOOTWEAR,TH.Pairs,8,14,69,-77.14,-79.3,-80.06,Export,2022,Qtr 2,June,1
1382,OTHER MANUFACTURES GROUP,FOOTWEAR,OTHER FOOTWEAR,TH.Pairs,1049,529,2588,54.72,27.04,21.5,Export,2022,Qtr 2,June,1
1383,OTHER MANUFACTURES GROUP,,SURGICAL GOODS & MEDICAL INSTRUMENTS,,,7935,38827,,25.82,20.36,Export,2022,Qtr 2,June,1
1384,OTHER MANUFACTURES GROUP,,CUTLERY,,,1136,5559,,1.11,-3.27,Export,2022,Qtr 2,June,1
1385,OTHER MANUFACTURES GROUP,,ONYX MANUFACTURED,M.T,196,103,504,-21.6,10.64,5.88,Export,2022,Qtr 2,June,1
1387,OTHER MANUFACTURES GROUP,CHEMICALS AND PHARM PRODUCTS,FERTILIZER MANUFACTURED,M.T,0,0,0,0,0,0,Export,2022,Qtr 2,June,1
1388,OTHER MANUFACTURES GROUP,CHEMICALS AND PHARM PRODUCTS,PLASTIC MATERIALS,M.T,22118,8743,42781,-8.18,-4.96,-9.08,Export,2022,Qtr 2,June,1
1389,OTHER MANUFACTURES GROUP,CHEMICALS AND PHARM PRODUCTS,PHARMACEUTICAL PRODUCTS,M.T,2878,4950,24221,25.13,30.52,24.85,Export,2022,Qtr 2,June,1
1390,OTHER MANUFACTURES GROUP,CHEMICALS AND PHARM PRODUCTS,OTHER CHEMICALS,,,27236,133270,,149.74,138.91,Export,2022,Qtr 2,June,1
1392,OTHER MANUFACTURES GROUP,ENGINEERING GOODS,ELECTRIC FANS,TH.NOS,200,777,3802,0,9.02,4.28,Export,2022,Qtr 2,June,1
1393,OTHER MANUFACTURES GROUP,ENGINEERING GOODS,TRANSPORT EQUIPMENT,,,289,1414,,-23.88,-27.19,Export,2022,Qtr 2,June,1
1394,OTHER MANUFACTURES GROUP,ENGINEERING GOODS,OTHER ELECTRICAL MACHINERY,,,796,3895,,86.83,78.75,Export,2022,Qtr 2,June,1
1396,OTHER MANUFACTURES GROUP,ENGINEERING GOODS,MACHINERY SPECIALIZED FOR PARTICULAR INDUSTRIES,,,1227,6004,,18.18,13.05,Export,2022,Qtr 2,June,1
1397,OTHER MANUFACTURES GROUP,ENGINEERING GOODS,AUTO PARTS & ACCESSORIES,,,436,2133,,14.8,9.78,Export,2022,Qtr 2,June,1
1398,OTHER MANUFACTURES GROUP,ENGINEERING GOODS,OTHER MACHINERY,,,1327,6493,,-19.95,-23.42,Export,2022,Qtr 2,June,1
1399,OTHER MANUFACTURES GROUP,,GEMS,K.G,650,221,1081,116.67,142.03,131.48,Export,2022,Qtr 2,June,1
1400,OTHER MANUFACTURES GROUP,,JEWELLERY,,,339,1659,,111.78,102.56,Export,2022,Qtr 2,June,1
1401,OTHER MANUFACTURES GROUP,,FURNITURE,TH.NOS,45,70,343,-59.09,-62.14,-63.74,Export,2022,Qtr 2,June,1
1402,OTHER MANUFACTURES GROUP,,MOLASSES,M.T,75046,2521,12336,100,100,100,Export,2022,Qtr 2,June,1
1403,OTHER MANUFACTURES GROUP,,HANDICRAFTS,,,0,0,,0,0,Export,2022,Qtr 2,June,1
1404,OTHER MANUFACTURES GROUP,,CEMENT,M.T,267937,2616,12800,77.29,81.82,73.91,Export,2022,Qtr 2,June,1
1405,OTHER MANUFACTURES GROUP,,GUAR AND GUAR PRODUCTS,M.T,2687,1099,5378,-4.14,4.25,-0.28,Export,2022,Qtr 2,June,1
1406,OTHER MANUFACTURES GROUP,,ALL OTHER ITEMS,,,48217,235929,,29.07,23.47,Export,2022,Qtr 2,June,1
1410,FOOD GROUP,RICE,BASMATI,M.T,65701,11463,63822,-14.11,-10.99,-13.04,Export,2022,Qtr 1,March,1
1411,FOOD GROUP,RICE,OTHERS,M.T,403439,33981,189186,-2.57,7.19,4.72,Export,2022,Qtr 1,March,1
1412,FOOD GROUP,,FISH & FISH PREPARATIONS,M.T,16362,7574,42168,14.23,19.14,16.4,Export,2022,Qtr 1,March,1
1413,FOOD GROUP,,FRUITS,M.T,51592,5534,30810,-28.81,-27.6,-29.27,Export,2022,Qtr 1,March,1
1414,FOOD GROUP,,VEGETABLES,M.T,152658,7564,42111,42.52,12.55,9.96,Export,2022,Qtr 1,March,1
1415,FOOD GROUP,,LEGUMINOUS VEGETABLES (PULSES),M.T,0,0,0,0,0,0,Export,2022,Qtr 1,March,1
1416,FOOD GROUP,,TOBACCO,M.T,1280,590,3283,0.3,-4.57,-6.78,Export,2022,Qtr 1,March,1
1417,FOOD GROUP,,WHEAT,M.T,0,0,0,0,0,0,Export,2022,Qtr 1,March,1
1418,FOOD GROUP,,SPICES,M.T,2258,1418,7894,-0.74,-20.64,-22.46,Export,2022,Qtr 1,March,1
1419,FOOD GROUP,,"OIL SEEDS, NUTS AND KERNALS",M.T,4687,1401,7800,4.98,32.2,29.17,Export,2022,Qtr 1,March,1
1420,FOOD GROUP,,SUGAR,M.T,0,0,0,0,0,0,Export,2022,Qtr 1,March,1
1421,FOOD GROUP,,MEAT AND MEAT PREPARATIONS,M.T,6722,5369,29890,7.62,8.93,6.42,Export,2022,Qtr 1,March,1
1422,FOOD GROUP,,ALL OTHER FOOD ITEMS,,,19668,109502,,77.34,73.26,Export,2022,Qtr 1,March,1
1424,TEXTILE GROUP,,RAW COTTON,M.T,0,0,0,-100,-100,-100,Export,2022,Qtr 1,March,1
1425,TEXTILE GROUP,,COTTON YARN,M.T,22804,16594,92385,-32.84,-26.26,-27.96,Export,2022,Qtr 1,March,1
1426,TEXTILE GROUP,,COTTON CLOTH,M.T,32898,37732,210070,-17.21,-8.05,-10.17,Export,2022,Qtr 1,March,1
1427,TEXTILE GROUP,,COTTON CARDED OR COMBED,M.T,20,4,21,100,100,100,Export,2022,Qtr 1,March,1
1428,TEXTILE GROUP,,YARN OTHER THAN COTTON YARN,M.T,1646,1139,6343,-26.83,-16.92,-18.82,Export,2022,Qtr 1,March,1
1429,TEXTILE GROUP,,KNITWEAR,TH.DOZ,12689,76350,425068,4.52,4.4,2,Export,2022,Qtr 1,March,1
1430,TEXTILE GROUP,,BED WEAR,M.T,37194,46869,260937,-0.23,1.21,-1.12,Export,2022,Qtr 1,March,1
1431,TEXTILE GROUP,,TOWELS,M.T,18692,18483,102901,2.14,3.94,1.55,Export,2022,Qtr 1,March,1
1432,TEXTILE GROUP,,"TENTS,CANVAS & TARPULIN",M.T,3500,1821,10137,78.78,55.6,52.02,Export,2022,Qtr 1,March,1
1433,TEXTILE GROUP,,READYMADE GARMENTS,TH.DOZ,5869,61937,344827,-0.88,-0.89,-3.17,Export,2022,Qtr 1,March,1
1434,TEXTILE GROUP,,"ART,SILK & SYNTHETIC TEXTILE",M.T,8500,6738,37512,-9.49,-11.86,-13.88,Export,2022,Qtr 1,March,1
1435,TEXTILE GROUP,,MADEUP ARTICLES(EXCL TOWELS & BEDWEAR,,,12669,70531,,10.41,7.87,Export,2022,Qtr 1,March,1
1436,TEXTILE GROUP,,OTHER TEXTILE MATERIALS,,,11589,64521,,11.25,8.69,Export,2022,Qtr 1,March,1
1438,PETROLEUM GROUP & COAL,,PETROLEUM CRUDE,M.T,61942,8148,45366,100,100,100,Export,2022,Qtr 1,March,1
1439,PETROLEUM GROUP & COAL,,PETROLEUM PRODUCTS(EXCL TOP NAPHTA),M.T,3037,1106,6156,-94.18,-78.44,-78.93,Export,2022,Qtr 1,March,1
1440,PETROLEUM GROUP & COAL,,PETROLEUM TOP NAPHTA,M.T,0,0,0,0,0,0,Export,2022,Qtr 1,March,1
1441,PETROLEUM GROUP & COAL,,SOLID FUELS (COAL),M.T,0,0,0,0,0,0,Export,2022,Qtr 1,March,1
1443,OTHER MANUFACTURES GROUP,,"CARPETS, RUGS & MATS",TH.SQM,150,1003,5585,-18.2,-8.87,-10.97,Export,2022,Qtr 1,March,1
1445,OTHER MANUFACTURES GROUP,SPORTS GOODS,FOOTBALLS,TH.DOZ,361,3307,18414,-12.15,-11.66,-13.69,Export,2022,Qtr 1,March,1
1446,OTHER MANUFACTURES GROUP,SPORTS GOODS,GLOVES,TH.DOZ,240,1093,6087,1.18,3.83,1.43,Export,2022,Qtr 1,March,1
1447,OTHER MANUFACTURES GROUP,SPORTS GOODS,OTHERS,,,1248,6950,,-13.14,-15.13,Export,2022,Qtr 1,March,1
1448,OTHER MANUFACTURES GROUP,,LEATHER TANNED,M.T,1864,3631,20216,29.74,-3.82,-6.04,Export,2022,Qtr 1,March,1
1450,OTHER MANUFACTURES GROUP,LEATHER MANUFACTURES,LEATHER GARMENTS,TH.DOZ,95,3324,18505,-18.59,-18.9,-20.77,Export,2022,Qtr 1,March,1
1451,OTHER MANUFACTURES GROUP,LEATHER MANUFACTURES,LEATHER GLOVES,TH.DOZ,760,3893,21674,-19.2,-16.15,-18.08,Export,2022,Qtr 1,March,1
1452,OTHER MANUFACTURES GROUP,LEATHER MANUFACTURES,OTHER LEATHER MANUFACTURES,,,242,1349,,6.74,4.3,Export,2022,Qtr 1,March,1
1454,OTHER MANUFACTURES GROUP,FOOTWEAR,LEATHER FOOTWEAR,TH.Pairs,710,1718,9564,-22.64,-32.38,-33.94,Export,2022,Qtr 1,March,1
1455,OTHER MANUFACTURES GROUP,FOOTWEAR,CANVAS FOOTWEAR,TH.Pairs,1,3,16,-95.42,-95.28,-95.32,Export,2022,Qtr 1,March,1
1456,OTHER MANUFACTURES GROUP,FOOTWEAR,OTHER FOOTWEAR,TH.Pairs,1279,605,3369,16.3,-1.72,-3.99,Export,2022,Qtr 1,March,1
1457,OTHER MANUFACTURES GROUP,,SURGICAL GOODS & MEDICAL INSTRUMENTS,,,5771,32131,,-3.62,-5.84,Export,2022,Qtr 1,March,1
1458,OTHER MANUFACTURES GROUP,,CUTLERY,,,1026,5715,,2.86,0.5,Export,2022,Qtr 1,March,1
1459,OTHER MANUFACTURES GROUP,,ONYX MANUFACTURED,M.T,125,50,280,-52.78,-52.64,-53.65,Export,2022,Qtr 1,March,1
1461,OTHER MANUFACTURES GROUP,CHEMICALS AND PHARM PRODUCTS,FERTILIZER MANUFACTURED,M.T,0,0,0,0,0,0,Export,2022,Qtr 1,March,1
1462,OTHER MANUFACTURES GROUP,CHEMICALS AND PHARM PRODUCTS,PLASTIC MATERIALS,M.T,21787,6523,36316,-19.22,-20.91,-22.73,Export,2022,Qtr 1,March,1
1463,OTHER MANUFACTURES GROUP,CHEMICALS AND PHARM PRODUCTS,PHARMACEUTICAL PRODUCTS,M.T,1710,3945,21965,-6.71,-4.69,-6.89,Export,2022,Qtr 1,March,1
1464,OTHER MANUFACTURES GROUP,CHEMICALS AND PHARM PRODUCTS,OTHER CHEMICALS,,,13329,74209,,-24.11,-25.85,Export,2022,Qtr 1,March,1
1466,OTHER MANUFACTURES GROUP,ENGINEERING GOODS,ELECTRIC FANS,TH.NOS,393,933,5194,155.62,121.33,116.22,Export,2022,Qtr 1,March,1
1467,OTHER MANUFACTURES GROUP,ENGINEERING GOODS,TRANSPORT EQUIPMENT,,,104,579,,46.79,43.44,Export,2022,Qtr 1,March,1
1468,OTHER MANUFACTURES GROUP,ENGINEERING GOODS,OTHER ELECTRICAL MACHINERY,,,468,2605,,74.53,70.49,Export,2022,Qtr 1,March,1
1470,OTHER MANUFACTURES GROUP,ENGINEERING GOODS,MACHINERY SPECIALIZED FOR PARTICULAR INDUSTRIES,,,1150,6404,,25.87,22.97,Export,2022,Qtr 1,March,1
1471,OTHER MANUFACTURES GROUP,ENGINEERING GOODS,AUTO PARTS & ACCESSORIES,,,352,1959,,-30.74,-32.34,Export,2022,Qtr 1,March,1
1472,OTHER MANUFACTURES GROUP,ENGINEERING GOODS,OTHER MACHINERY,,,628,3499,,12.41,9.83,Export,2022,Qtr 1,March,1
1473,OTHER MANUFACTURES GROUP,,GEMS,K.G,225,62,347,-3.32,10.9,8.4,Export,2022,Qtr 1,March,1
1474,OTHER MANUFACTURES GROUP,,JEWELLERY,,,838,4665,,3523.91,3440.74,Export,2022,Qtr 1,March,1
1475,OTHER MANUFACTURES GROUP,,FURNITURE,TH.NOS,149,179,994,18.64,-6.13,-8.28,Export,2022,Qtr 1,March,1
1476,OTHER MANUFACTURES GROUP,,MOLASSES,M.T,60019,1676,9332,70.61,75.15,71.12,Export,2022,Qtr 1,March,1
1477,OTHER MANUFACTURES GROUP,,HANDICRAFTS,,,0,0,,0,0,Export,2022,Qtr 1,March,1
1478,OTHER MANUFACTURES GROUP,,CEMENT,M.T,478544,3559,19817,10.32,8.89,6.39,Export,2022,Qtr 1,March,1
1479,OTHER MANUFACTURES GROUP,,GUAR AND GUAR PRODUCTS,M.T,2990,1063,5918,64.54,70.36,66.44,Export,2022,Qtr 1,March,1
1480,OTHER MANUFACTURES GROUP,,ALL OTHER ITEMS,,,42258,235261,,-3.07,-5.3,Export,2022,Qtr 1,March,1
1484,FOOD GROUP,RICE,BASMATI,M.T,61662,11868,60708,-25.68,-19.54,-24.07,Export,2022,Qtr 2,May,1
1485,FOOD GROUP,RICE,OTHERS,M.T,364159,32065,164013,-4.6,-3.28,-8.73,Export,2022,Qtr 2,May,1
1486,FOOD GROUP,,FISH & FISH PREPARATIONS,M.T,16605,7941,40616,7.52,6.75,0.73,Export,2022,Qtr 2,May,1
1487,FOOD GROUP,,FRUITS,M.T,24784,3533,18069,-5.51,11.81,5.51,Export,2022,Qtr 2,May,1
1488,FOOD GROUP,,VEGETABLES,M.T,91213,4517,23104,-14.3,-13.62,-18.49,Export,2022,Qtr 2,May,1
1489,FOOD GROUP,,LEGUMINOUS VEGETABLES (PULSES),M.T,0,0,0,0,0,0,Export,2022,Qtr 2,May,1
1490,FOOD GROUP,,TOBACCO,M.T,1271,625,3195,-32.79,-30.57,-34.49,Export,2022,Qtr 2,May,1
1491,FOOD GROUP,,WHEAT,M.T,0,0,0,0,0,0,Export,2022,Qtr 2,May,1
1492,FOOD GROUP,,SPICES,M.T,2648,1511,7727,34.28,26.71,19.56,Export,2022,Qtr 2,May,1
1493,FOOD GROUP,,"OIL SEEDS, NUTS AND KERNALS",M.T,3693,1089,5572,-41.02,-31.05,-34.94,Export,2022,Qtr 2,May,1
1494,FOOD GROUP,,SUGAR,M.T,0,0,0,0,0,0,Export,2022,Qtr 2,May,1
1495,FOOD GROUP,,MEAT AND MEAT PREPARATIONS,M.T,6365,5382,27527,-17.52,-18.05,-22.67,Export,2022,Qtr 2,May,1
1496,FOOD GROUP,,ALL OTHER FOOD ITEMS,,,21742,111214,,8.14,2.05,Export,2022,Qtr 2,May,1
1498,TEXTILE GROUP,,RAW COTTON,M.T,0,0,0,0,0,0,Export,2022,Qtr 2,May,1
1499,TEXTILE GROUP,,COTTON YARN,M.T,27053,20835,106571,8.78,15.65,9.13,Export,2022,Qtr 2,May,1
1500,TEXTILE GROUP,,COTTON CLOTH,M.T,36386,45215,231277,8.09,16.64,10.07,Export,2022,Qtr 2,May,1
1501,TEXTILE GROUP,,COTTON CARDED OR COMBED,M.T,0,0,0,0,0,0,Export,2022,Qtr 2,May,1
1502,TEXTILE GROUP,,YARN OTHER THAN COTTON YARN,M.T,1979,1292,6608,32.29,20.16,13.38,Export,2022,Qtr 2,May,1
1503,TEXTILE GROUP,,KNITWEAR,TH.DOZ,14250,83728,428278,-3.48,-7.01,-12.25,Export,2022,Qtr 2,May,1
1504,TEXTILE GROUP,,BED WEAR,M.T,39918,55008,281373,-4.09,7.03,0.99,Export,2022,Qtr 2,May,1
1505,TEXTILE GROUP,,TOWELS,M.T,17782,18035,92252,-11.22,-9.71,-14.79,Export,2022,Qtr 2,May,1
1506,TEXTILE GROUP,,"TENTS,CANVAS & TARPULIN",M.T,1917,1594,8155,-15.21,-5.68,-11,Export,2022,Qtr 2,May,1
1507,TEXTILE GROUP,,READYMADE GARMENTS,TH.DOZ,6215,62887,321670,-2.37,-2.81,-8.28,Export,2022,Qtr 2,May,1
1508,TEXTILE GROUP,,"ART,SILK & SYNTHETIC TEXTILE",M.T,7067,7149,36569,-9.66,-7.07,-12.3,Export,2022,Qtr 2,May,1
1509,TEXTILE GROUP,,MADEUP ARTICLES(EXCL TOWELS & BEDWEAR,,,13756,70363,,-9.96,-15.03,Export,2022,Qtr 2,May,1
1510,TEXTILE GROUP,,OTHER TEXTILE MATERIALS,,,11492,58785,,-5.86,-11.17,Export,2022,Qtr 2,May,1
1512,PETROLEUM GROUP & COAL,,PETROLEUM CRUDE,M.T,1100,184,942,-97.6,-97.41,-97.56,Export,2022,Qtr 2,May,1
1513,PETROLEUM GROUP & COAL,,PETROLEUM PRODUCTS(EXCL TOP NAPHTA),M.T,11701,1514,7744,77.61,23.27,16.32,Export,2022,Qtr 2,May,1
1514,PETROLEUM GROUP & COAL,,PETROLEUM TOP NAPHTA,M.T,0,0,0,0,0,0,Export,2022,Qtr 2,May,1
1515,PETROLEUM GROUP & COAL,,SOLID FUELS (COAL),M.T,0,0,0,0,0,0,Export,2022,Qtr 2,May,1
1517,OTHER MANUFACTURES GROUP,,"CARPETS, RUGS & MATS",TH.SQM,150,1315,6725,-10.71,-7.01,-12.26,Export,2022,Qtr 2,May,1
1519,OTHER MANUFACTURES GROUP,SPORTS GOODS,FOOTBALLS,TH.DOZ,330,3419,17488,-12.47,-3.53,-8.97,Export,2022,Qtr 2,May,1
1520,OTHER MANUFACTURES GROUP,SPORTS GOODS,GLOVES,TH.DOZ,222,1246,6372,-7.11,1.03,-4.67,Export,2022,Qtr 2,May,1
1521,OTHER MANUFACTURES GROUP,SPORTS GOODS,OTHERS,,,1755,8975,,-4.86,-10.22,Export,2022,Qtr 2,May,1
1522,OTHER MANUFACTURES GROUP,,LEATHER TANNED,M.T,1800,3579,18307,33.63,6.39,0.39,Export,2022,Qtr 2,May,1
1524,OTHER MANUFACTURES GROUP,LEATHER MANUFACTURES,LEATHER GARMENTS,TH.DOZ,136,4771,24405,2.26,3.24,-2.58,Export,2022,Qtr 2,May,1
1525,OTHER MANUFACTURES GROUP,LEATHER MANUFACTURES,LEATHER GLOVES,TH.DOZ,884,4997,25558,12.61,10.57,4.34,Export,2022,Qtr 2,May,1
1526,OTHER MANUFACTURES GROUP,LEATHER MANUFACTURES,OTHER LEATHER MANUFACTURES,,,276,1414,,-24.95,-29.16,Export,2022,Qtr 2,May,1
1528,OTHER MANUFACTURES GROUP,FOOTWEAR,LEATHER FOOTWEAR,TH.Pairs,659,1836,9389,-14.19,-0.53,-6.13,Export,2022,Qtr 2,May,1
1529,OTHER MANUFACTURES GROUP,FOOTWEAR,CANVAS FOOTWEAR,TH.Pairs,35,68,346,-14.63,38.03,30.27,Export,2022,Qtr 2,May,1
1530,OTHER MANUFACTURES GROUP,FOOTWEAR,OTHER FOOTWEAR,TH.Pairs,678,416,2130,-39.14,-27.71,-31.78,Export,2022,Qtr 2,May,1
1531,OTHER MANUFACTURES GROUP,,SURGICAL GOODS & MEDICAL INSTRUMENTS,,,6307,32260,,-21.97,-26.36,Export,2022,Qtr 2,May,1
1532,OTHER MANUFACTURES GROUP,,CUTLERY,,,1123,5747,,8.8,2.67,Export,2022,Qtr 2,May,1
1533,OTHER MANUFACTURES GROUP,,ONYX MANUFACTURED,M.T,250,93,476,-38.57,-25.11,-29.36,Export,2022,Qtr 2,May,1
1535,OTHER MANUFACTURES GROUP,CHEMICALS AND PHARM PRODUCTS,FERTILIZER MANUFACTURED,M.T,0,0,0,0,0,0,Export,2022,Qtr 2,May,1
1536,OTHER MANUFACTURES GROUP,CHEMICALS AND PHARM PRODUCTS,PLASTIC MATERIALS,M.T,24088,9199,47056,31.21,41.02,33.07,Export,2022,Qtr 2,May,1
1537,OTHER MANUFACTURES GROUP,CHEMICALS AND PHARM PRODUCTS,PHARMACEUTICAL PRODUCTS,M.T,2300,3793,19400,-21.39,-17.08,-21.75,Export,2022,Qtr 2,May,1
1538,OTHER MANUFACTURES GROUP,CHEMICALS AND PHARM PRODUCTS,OTHER CHEMICALS,,,10906,55783,,-36.21,-39.81,Export,2022,Qtr 2,May,1
1540,OTHER MANUFACTURES GROUP,ENGINEERING GOODS,ELECTRIC FANS,TH.NOS,200,713,3646,-10.71,-6.52,-11.78,Export,2022,Qtr 2,May,1
1541,OTHER MANUFACTURES GROUP,ENGINEERING GOODS,TRANSPORT EQUIPMENT,,,380,1942,,54.59,45.87,Export,2022,Qtr 2,May,1
1542,OTHER MANUFACTURES GROUP,ENGINEERING GOODS,OTHER ELECTRICAL MACHINERY,,,426,2179,,-50.22,-53.03,Export,2022,Qtr 2,May,1
1544,OTHER MANUFACTURES GROUP,ENGINEERING GOODS,MACHINERY SPECIALIZED FOR PARTICULAR INDUSTRIES,,,1038,5311,,3.52,-2.31,Export,2022,Qtr 2,May,1
1545,OTHER MANUFACTURES GROUP,ENGINEERING GOODS,AUTO PARTS & ACCESSORIES,,,380,1943,,-4.36,-9.74,Export,2022,Qtr 2,May,1
1546,OTHER MANUFACTURES GROUP,ENGINEERING GOODS,OTHER MACHINERY,,,1658,8479,,88.6,77.97,Export,2022,Qtr 2,May,1
1547,OTHER MANUFACTURES GROUP,,GEMS,K.G,300,91,467,-20.63,3.95,-1.93,Export,2022,Qtr 2,May,1
1548,OTHER MANUFACTURES GROUP,,JEWELLERY,,,160,819,,-53.09,-55.73,Export,2022,Qtr 2,May,1
1549,OTHER MANUFACTURES GROUP,,FURNITURE,TH.NOS,110,185,946,-2.65,4.59,-1.28,Export,2022,Qtr 2,May,1
1550,OTHER MANUFACTURES GROUP,,MOLASSES,M.T,18150,534,2730,100,100,100,Export,2022,Qtr 2,May,1
1551,OTHER MANUFACTURES GROUP,,HANDICRAFTS,,,0,0,,0,0,Export,2022,Qtr 2,May,1
1552,OTHER MANUFACTURES GROUP,,CEMENT,M.T,151133,1439,7360,74.82,74.73,64.89,Export,2022,Qtr 2,May,1
1553,OTHER MANUFACTURES GROUP,,GUAR AND GUAR PRODUCTS,M.T,2803,1054,5393,-11.55,-6.75,-11.99,Export,2022,Qtr 2,May,1
1554,OTHER MANUFACTURES GROUP,,ALL OTHER ITEMS,,,37358,191087,,-14.44,-19.27,Export,2022,Qtr 2,May,1
1558,FOOD GROUP,RICE,BASMATI,M.T,39410,10252,46117,-12.72,-9.87,-10.57,Export,2022,Qtr 4,November,1
1559,FOOD GROUP,RICE,OTHERS,M.T,378797,34909,157029,84.11,71.6,70.26,Export,2022,Qtr 4,November,1
1560,FOOD GROUP,,FISH & FISH PREPARATIONS,M.T,20764,11382,51198,2.9,-5.6,-6.34,Export,2022,Qtr 4,November,1
1561,FOOD GROUP,,FRUITS,M.T,38821,3433,15444,-9.66,-9.34,-10.05,Export,2022,Qtr 4,November,1
1562,FOOD GROUP,,VEGETABLES,M.T,44395,3091,13903,-44.9,-59.11,-59.43,Export,2022,Qtr 4,November,1
1563,FOOD GROUP,,LEGUMINOUS VEGETABLES (PULSES),M.T,0,0,0,0,0,0,Export,2022,Qtr 4,November,1
1564,FOOD GROUP,,TOBACCO,M.T,3180,1434,6449,175.51,183.16,180.88,Export,2022,Qtr 4,November,1
1565,FOOD GROUP,,WHEAT,M.T,0,0,0,0,0,0,Export,2022,Qtr 4,November,1
1566,FOOD GROUP,,SPICES,M.T,2514,2187,9838,11.49,16.64,15.71,Export,2022,Qtr 4,November,1
1567,FOOD GROUP,,"OIL SEEDS, NUTS AND KERNALS",M.T,10059,4004,18011,-60.74,-56.3,-56.64,Export,2022,Qtr 4,November,1
1568,FOOD GROUP,,SUGAR,M.T,0,0,0,0,0,0,Export,2022,Qtr 4,November,1
1569,FOOD GROUP,,MEAT AND MEAT PREPARATIONS,M.T,7775,7241,32570,-0.91,-5.2,-5.94,Export,2022,Qtr 4,November,1
1570,FOOD GROUP,,ALL OTHER FOOD ITEMS,,,18626,83784,,7.58,6.74,Export,2022,Qtr 4,November,1
1572,TEXTILE GROUP,,RAW COTTON,M.T,625,313,1407,-63.77,-63.98,-64.27,Export,2022,Qtr 4,November,1
1573,TEXTILE GROUP,,COTTON YARN,M.T,12461,9533,42882,-5.57,-11.89,-12.58,Export,2022,Qtr 4,November,1
1574,TEXTILE GROUP,,COTTON CLOTH,M.T,25743,34140,153570,-8.37,-8.73,-9.45,Export,2022,Qtr 4,November,1
1575,TEXTILE GROUP,,COTTON CARDED OR COMBED,M.T,124,59,264,100,100,100,Export,2022,Qtr 4,November,1
1576,TEXTILE GROUP,,YARN OTHER THAN COTTON YARN,M.T,1283,1050,4725,60.68,62.96,61.7,Export,2022,Qtr 4,November,1
1577,TEXTILE GROUP,,KNITWEAR,TH.DOZ,16902,88974,400223,4.36,2.98,2.17,Export,2022,Qtr 4,November,1
1578,TEXTILE GROUP,,BED WEAR,M.T,33086,49457,222466,6.41,3.26,2.45,Export,2022,Qtr 4,November,1
1579,TEXTILE GROUP,,TOWELS,M.T,18472,20597,92649,22.03,17.34,16.42,Export,2022,Qtr 4,November,1
1580,TEXTILE GROUP,,"TENTS,CANVAS & TARPULIN",M.T,3965,3148,14159,101.27,88.05,86.57,Export,2022,Qtr 4,November,1
1581,TEXTILE GROUP,,READYMADE GARMENTS,TH.DOZ,5741,72620,326659,20.86,19.48,18.55,Export,2022,Qtr 4,November,1
1582,TEXTILE GROUP,,"ART,SILK & SYNTHETIC TEXTILE",M.T,6569,7348,33052,-6.95,-12.23,-12.92,Export,2022,Qtr 4,November,1
1583,TEXTILE GROUP,,MADEUP ARTICLES(EXCL TOWELS & BEDWEAR,,,15424,69380,,20.89,19.95,Export,2022,Qtr 4,November,1
1584,TEXTILE GROUP,,OTHER TEXTILE MATERIALS,,,13225,59488,,-6.58,-7.3,Export,2022,Qtr 4,November,1
1586,PETROLEUM GROUP & COAL,,PETROLEUM CRUDE,M.T,0,0,0,-100,-100,-100,Export,2022,Qtr 4,November,1
1587,PETROLEUM GROUP & COAL,,PETROLEUM PRODUCTS(EXCL TOP NAPHTA),M.T,12522,1603,7210,3.26,-8.49,-9.21,Export,2022,Qtr 4,November,1
1588,PETROLEUM GROUP & COAL,,PETROLEUM TOP NAPHTA,M.T,0,0,0,0,0,0,Export,2022,Qtr 4,November,1
1589,PETROLEUM GROUP & COAL,,SOLID FUELS (COAL),M.T,25,1,5,100,100,100,Export,2022,Qtr 4,November,1
1591,OTHER MANUFACTURES GROUP,,"CARPETS, RUGS & MATS",TH.SQM,295,2158,9709,63.89,64.42,63.15,Export,2022,Qtr 4,November,1
1593,OTHER MANUFACTURES GROUP,SPORTS GOODS,FOOTBALLS,TH.DOZ,378,4585,20625,-8.39,-6.49,-7.22,Export,2022,Qtr 4,November,1
1594,OTHER MANUFACTURES GROUP,SPORTS GOODS,GLOVES,TH.DOZ,230,1362,6126,-8,-8.33,-9.04,Export,2022,Qtr 4,November,1
1595,OTHER MANUFACTURES GROUP,SPORTS GOODS,OTHERS,,282,1936,8707,,9.12,8.27,Export,2022,Qtr 4,November,1
1596,OTHER MANUFACTURES GROUP,,LEATHER TANNED,M.T,1110,3455,15543,-14.18,6.54,5.71,Export,2022,Qtr 4,November,1
1598,OTHER MANUFACTURES GROUP,LEATHER MANUFACTURES,LEATHER GARMENTS,TH.DOZ,146,5199,23384,-7.59,-7.47,-8.19,Export,2022,Qtr 4,November,1
1599,OTHER MANUFACTURES GROUP,LEATHER MANUFACTURES,LEATHER GLOVES,TH.DOZ,710,5423,24395,-8.15,-6.55,-7.28,Export,2022,Qtr 4,November,1
1600,OTHER MANUFACTURES GROUP,LEATHER MANUFACTURES,OTHER LEATHER MANUFACTURES,,,280,1259,,-24.91,-25.5,Export,2022,Qtr 4,November,1
1602,OTHER MANUFACTURES GROUP,FOOTWEAR,LEATHER FOOTWEAR,TH.Pairs,790,2217,9971,11.96,2.36,1.56,Export,2022,Qtr 4,November,1
1603,OTHER MANUFACTURES GROUP,FOOTWEAR,CANVAS FOOTWEAR,TH.Pairs,2,4,16,-64.09,-60.89,-60.98,Export,2022,Qtr 4,November,1
1604,OTHER MANUFACTURES GROUP,FOOTWEAR,OTHER FOOTWEAR,TH.Pairs,1705,588,2647,-28.67,-27.78,-28.34,Export,2022,Qtr 4,November,1
1605,OTHER MANUFACTURES GROUP,,SURGICAL GOODS & MEDICAL INSTRUMENTS,,,8343,37528,,-3.98,-4.73,Export,2022,Qtr 4,November,1
1606,OTHER MANUFACTURES GROUP,,CUTLERY,,,1053,4736,,-10.41,-11.11,Export,2022,Qtr 4,November,1
1607,OTHER MANUFACTURES GROUP,,ONYX MANUFACTURED,M.T,70,47,213,-43.97,-50.33,-50.81,Export,2022,Qtr 4,November,1
1609,OTHER MANUFACTURES GROUP,CHEMICALS AND PHARM PRODUCTS,FERTILIZER MANUFACTURED,M.T,0,0,0,0,0,0,Export,2022,Qtr 4,November,1
1610,OTHER MANUFACTURES GROUP,CHEMICALS AND PHARM PRODUCTS,PLASTIC MATERIALS,M.T,13800,4018,18072,-12.97,-13.73,-14.41,Export,2022,Qtr 4,November,1
1611,OTHER MANUFACTURES GROUP,CHEMICALS AND PHARM PRODUCTS,PHARMACEUTICAL PRODUCTS,M.T,6154,7103,31953,32.23,14.75,13.85,Export,2022,Qtr 4,November,1
1612,OTHER MANUFACTURES GROUP,CHEMICALS AND PHARM PRODUCTS,OTHER CHEMICALS,,,14911,67074,,-14.6,-15.27,Export,2022,Qtr 4,November,1
1614,OTHER MANUFACTURES GROUP,ENGINEERING GOODS,ELECTRIC FANS,TH.NOS,39,149,668,-59.38,-59.08,-59.42,Export,2022,Qtr 4,November,1
1615,OTHER MANUFACTURES GROUP,ENGINEERING GOODS,TRANSPORT EQUIPMENT,,,247,1110,,-39.36,-39.87,Export,2022,Qtr 4,November,1
1616,OTHER MANUFACTURES GROUP,ENGINEERING GOODS,OTHER ELECTRICAL MACHINERY,,,1015,4566,,-9.63,-10.33,Export,2022,Qtr 4,November,1
1617,OTHER MANUFACTURES GROUP,ENGINEERING GOODS,MACHINERY SPECIALIZED FOR PARTICULAR INDUSTRIES,,,642,2889,,-19.78,-20.39,Export,2022,Qtr 4,November,1
1618,OTHER MANUFACTURES GROUP,ENGINEERING GOODS,AUTO PARTS & ACCESSORIES,,,423,1903,,-23.71,-24.3,Export,2022,Qtr 4,November,1
1619,OTHER MANUFACTURES GROUP,ENGINEERING GOODS,OTHER MACHINERY,,,2742,12332,,33.72,32.67,Export,2022,Qtr 4,November,1
1620,OTHER MANUFACTURES GROUP,,GEMS,K.G,160,79,354,-81.18,-78.62,-78.8,Export,2022,Qtr 4,November,1
1621,OTHER MANUFACTURES GROUP,,JEWELLERY,,,115,516,,-59.6,-59.91,Export,2022,Qtr 4,November,1
1622,OTHER MANUFACTURES GROUP,,FURNITURE,TH.NOS,150,311,1397,-1.27,-0.17,-0.99,Export,2022,Qtr 4,November,1
1623,OTHER MANUFACTURES GROUP,,MOLASSES,M.T,30857,1095,4927,22,18.59,17.67,Export,2022,Qtr 4,November,1
1624,OTHER MANUFACTURES GROUP,,HANDICRAFTS,,,0,0,,-100,-100,Export,2022,Qtr 4,November,1
1625,OTHER MANUFACTURES GROUP,,CEMENT,M.T,223109,2358,10608,-41.68,-46.32,-46.74,Export,2022,Qtr 4,November,1
1626,OTHER MANUFACTURES GROUP,,GUAR AND GUAR PRODUCTS,M.T,1847,671,3020,-12.76,-21.81,-22.42,Export,2022,Qtr 4,November,1
1627,OTHER MANUFACTURES GROUP,,ALL OTHER ITEMS,,,45021,202516,,-0.3,-1.07,Export,2022,Qtr 4,November,1
1631,FOOD GROUP,RICE,BASMATI,M.T,45154,11375,51569,3.04,15.31,20.48,Export,2022,Qtr 4,October,1
1632,FOOD GROUP,RICE,OTHERS,M.T,205744,20344,92231,25.84,16.07,21.28,Export,2022,Qtr 4,October,1
1633,FOOD GROUP,,FISH & FISH PREPARATIONS,M.T,20179,12057,54662,36.73,25.01,30.62,Export,2022,Qtr 4,October,1
1634,FOOD GROUP,,FRUITS,M.T,42973,3787,17169,40.24,2.13,6.71,Export,2022,Qtr 4,October,1
1635,FOOD GROUP,,VEGETABLES,M.T,80565,7558,34265,47.98,130.92,141.27,Export,2022,Qtr 4,October,1
1636,FOOD GROUP,,LEGUMINOUS VEGETABLES (PULSES),M.T,0,0,0,0,0,0,Export,2022,Qtr 4,October,1
1637,FOOD GROUP,,TOBACCO,M.T,1154,506,2296,-44.7,-37.23,-34.4,Export,2022,Qtr 4,October,1
1638,FOOD GROUP,,WHEAT,M.T,0,0,0,0,0,0,Export,2022,Qtr 4,October,1
1639,FOOD GROUP,,SPICES,M.T,2255,1875,8502,15.05,22.43,27.93,Export,2022,Qtr 4,October,1
1640,FOOD GROUP,,"OIL SEEDS, NUTS AND KERNALS",M.T,25623,9162,41535,-4.33,33.03,38.99,Export,2022,Qtr 4,October,1
1641,FOOD GROUP,,SUGAR,M.T,0,0,0,0,0,0,Export,2022,Qtr 4,October,1
1642,FOOD GROUP,,MEAT AND MEAT PREPARATIONS,M.T,7846,7637,34626,15,10.27,15.22,Export,2022,Qtr 4,October,1
1643,FOOD GROUP,,ALL OTHER FOOD ITEMS,,,17313,78492,,-19.86,-16.27,Export,2022,Qtr 4,October,1
1645,TEXTILE GROUP,,RAW COTTON,M.T,1725,869,3938,1065.54,987.31,1034.87,Export,2022,Qtr 4,October,1
1646,TEXTILE GROUP,,COTTON YARN,M.T,13197,10819,49052,-38.64,-38.07,-35.3,Export,2022,Qtr 4,October,1
1647,TEXTILE GROUP,,COTTON CLOTH,M.T,28095,37407,169591,-16.35,-20.1,-16.52,Export,2022,Qtr 4,October,1
1648,TEXTILE GROUP,,COTTON CARDED OR COMBED,M.T,0,0,0,-100,-100,-100,Export,2022,Qtr 4,October,1
1649,TEXTILE GROUP,,YARN OTHER THAN COTTON YARN,M.T,799,645,2922,-24,-31.8,-28.75,Export,2022,Qtr 4,October,1
1650,TEXTILE GROUP,,KNITWEAR,TH.DOZ,16197,86400,391710,-11.89,-14.1,-10.25,Export,2022,Qtr 4,October,1
1651,TEXTILE GROUP,,BED WEAR,M.T,31093,47895,217137,-20.93,-22.29,-18.8,Export,2022,Qtr 4,October,1
1652,TEXTILE GROUP,,TOWELS,M.T,15137,17553,79580,-6.93,-12.73,-8.82,Export,2022,Qtr 4,October,1
1653,TEXTILE GROUP,,"TENTS,CANVAS & TARPULIN",M.T,1970,1674,7589,-25.83,-31.2,-28.11,Export,2022,Qtr 4,October,1
1654,TEXTILE GROUP,,READYMADE GARMENTS,TH.DOZ,4750,60778,275545,-5.23,-4.77,-0.5,Export,2022,Qtr 4,October,1
1655,TEXTILE GROUP,,"ART,SILK & SYNTHETIC TEXTILE",M.T,7059,8372,37955,-5.99,-2.95,1.4,Export,2022,Qtr 4,October,1
1656,TEXTILE GROUP,,MADEUP ARTICLES(EXCL TOWELS & BEDWEAR,,,12758,57843,,-13.58,-9.71,Export,2022,Qtr 4,October,1
1657,TEXTILE GROUP,,OTHER TEXTILE MATERIALS,,,14156,64176,,-3.18,1.16,Export,2022,Qtr 4,October,1
1659,PETROLEUM GROUP & COAL,,PETROLEUM CRUDE,M.T,59830,9739,44152,100,100,100,Export,2022,Qtr 4,October,1
1660,PETROLEUM GROUP & COAL,,PETROLEUM PRODUCTS(EXCL TOP NAPHTA),M.T,12127,1752,7941,83.66,38.45,44.64,Export,2022,Qtr 4,October,1
1661,PETROLEUM GROUP & COAL,,PETROLEUM TOP NAPHTA,M.T,0,0,0,0,0,0,Export,2022,Qtr 4,October,1
1662,PETROLEUM GROUP & COAL,,SOLID FUELS (COAL),M.T,0,0,0,0,0,0,Export,2022,Qtr 4,October,1
1664,OTHER MANUFACTURES GROUP,,"CARPETS, RUGS & MATS",TH.SQM,180,1313,5951,-18.18,-16.7,-12.97,Export,2022,Qtr 4,October,1
1666,OTHER MANUFACTURES GROUP,SPORTS GOODS,FOOTBALLS,TH.DOZ,412,4903,22230,-5.53,-8.15,-4.03,Export,2022,Qtr 4,October,1
1667,OTHER MANUFACTURES GROUP,SPORTS GOODS,GLOVES,TH.DOZ,250,1486,6735,-3.85,-0.39,4.08,Export,2022,Qtr 4,October,1
1668,OTHER MANUFACTURES GROUP,SPORTS GOODS,OTHERS,,380,1774,8042,,-12.25,-8.32,Export,2022,Qtr 4,October,1
1669,OTHER MANUFACTURES GROUP,,LEATHER TANNED,M.T,1294,3243,14704,34.16,-0.26,4.22,Export,2022,Qtr 4,October,1
1671,OTHER MANUFACTURES GROUP,LEATHER MANUFACTURES,LEATHER GARMENTS,TH.DOZ,158,5618,25471,-12.22,-12.06,-8.12,Export,2022,Qtr 4,October,1
1672,OTHER MANUFACTURES GROUP,LEATHER MANUFACTURES,LEATHER GLOVES,TH.DOZ,773,5803,26310,-10.59,-4.18,0.11,Export,2022,Qtr 4,October,1
1673,OTHER MANUFACTURES GROUP,LEATHER MANUFACTURES,OTHER LEATHER MANUFACTURES,,,373,1690,,18.26,23.54,Export,2022,Qtr 4,October,1
1675,OTHER MANUFACTURES GROUP,FOOTWEAR,LEATHER FOOTWEAR,TH.Pairs,706,2166,9818,-23.25,-30.08,-26.95,Export,2022,Qtr 4,October,1
1676,OTHER MANUFACTURES GROUP,FOOTWEAR,CANVAS FOOTWEAR,TH.Pairs,6,9,41,-58.63,-57.22,-55.43,Export,2022,Qtr 4,October,1
1677,OTHER MANUFACTURES GROUP,FOOTWEAR,OTHER FOOTWEAR,TH.Pairs,2390,815,3694,5.97,15.99,21.19,Export,2022,Qtr 4,October,1
1678,OTHER MANUFACTURES GROUP,,SURGICAL GOODS & MEDICAL INSTRUMENTS,,,8689,39392,,-7.63,-3.48,Export,2022,Qtr 4,October,1
1679,OTHER MANUFACTURES GROUP,,CUTLERY,,,1175,5328,,-9.52,-5.46,Export,2022,Qtr 4,October,1
1680,OTHER MANUFACTURES GROUP,,ONYX MANUFACTURED,M.T,125,95,433,8.05,11.32,16.4,Export,2022,Qtr 4,October,1
1682,OTHER MANUFACTURES GROUP,CHEMICALS AND PHARM PRODUCTS,FERTILIZER MANUFACTURED,M.T,0,0,0,0,0,0,Export,2022,Qtr 4,October,1
1683,OTHER MANUFACTURES GROUP,CHEMICALS AND PHARM PRODUCTS,PLASTIC MATERIALS,M.T,15856,4657,21114,-14.87,-25.27,-21.92,Export,2022,Qtr 4,October,1
1684,OTHER MANUFACTURES GROUP,CHEMICALS AND PHARM PRODUCTS,PHARMACEUTICAL PRODUCTS,M.T,4654,6191,28066,-8.76,-10.09,-6.06,Export,2022,Qtr 4,October,1
1685,OTHER MANUFACTURES GROUP,CHEMICALS AND PHARM PRODUCTS,OTHER CHEMICALS,,,17460,79159,,25.07,30.68,Export,2022,Qtr 4,October,1
1687,OTHER MANUFACTURES GROUP,ENGINEERING GOODS,ELECTRIC FANS,TH.NOS,96,363,1646,12.94,14.48,19.62,Export,2022,Qtr 4,October,1
1688,OTHER MANUFACTURES GROUP,ENGINEERING GOODS,TRANSPORT EQUIPMENT,,,407,1846,,93.15,101.97,Export,2022,Qtr 4,October,1
1689,OTHER MANUFACTURES GROUP,ENGINEERING GOODS,OTHER ELECTRICAL MACHINERY,,,1123,5092,,19.79,25.17,Export,2022,Qtr 4,October,1
1690,OTHER MANUFACTURES GROUP,ENGINEERING GOODS,MACHINERY SPECIALIZED FOR PARTICULAR INDUSTRIES,,,801,3629,,17.95,23.23,Export,2022,Qtr 4,October,1
1691,OTHER MANUFACTURES GROUP,ENGINEERING GOODS,AUTO PARTS & ACCESSORIES,,,555,2514,,21.15,26.59,Export,2022,Qtr 4,October,1
1692,OTHER MANUFACTURES GROUP,ENGINEERING GOODS,OTHER MACHINERY,,,2050,9295,,38.05,44.24,Export,2022,Qtr 4,October,1
1693,OTHER MANUFACTURES GROUP,,GEMS,K.G,850,368,1670,183.33,182.23,195.05,Export,2022,Qtr 4,October,1
1694,OTHER MANUFACTURES GROUP,,JEWELLERY,,,284,1287,,32.45,38.39,Export,2022,Qtr 4,October,1
1695,OTHER MANUFACTURES GROUP,,FURNITURE,TH.NOS,152,311,1411,4.76,78.83,86.89,Export,2022,Qtr 4,October,1
1696,OTHER MANUFACTURES GROUP,,MOLASSES,M.T,25293,924,4187,17235.39,22267.74,23161.11,Export,2022,Qtr 4,October,1
1697,OTHER MANUFACTURES GROUP,,HANDICRAFTS,,,40,181,,-26.12,-22.98,Export,2022,Qtr 4,October,1
1698,OTHER MANUFACTURES GROUP,,CEMENT,M.T,382581,4393,19916,-37.53,-34.58,-31.65,Export,2022,Qtr 4,October,1
1699,OTHER MANUFACTURES GROUP,,GUAR AND GUAR PRODUCTS,M.T,2118,859,3893,42.81,36.41,42.55,Export,2022,Qtr 4,October,1
1700,OTHER MANUFACTURES GROUP,,ALL OTHER ITEMS,,,45154,204715,,-7.09,-2.92,Export,2022,Qtr 4,October,1
1704,FOOD GROUP,RICE,BASMATI,M.T,43821,9865,42803,19.58,7.47,3,Export,2022,Qtr 3,September,1
1705,FOOD GROUP,RICE,OTHERS,M.T,163497,17527,76049,-11.19,-22.34,-25.57,Export,2022,Qtr 3,September,1
1706,FOOD GROUP,,FISH & FISH PREPARATIONS,M.T,14758,9645,41848,89.06,124.66,115.32,Export,2022,Qtr 3,September,1
1707,FOOD GROUP,,FRUITS,M.T,30642,3708,16090,-10.21,-41.98,-44.39,Export,2022,Qtr 3,September,1
1708,FOOD GROUP,,VEGETABLES,M.T,54445,3273,14202,12.39,8.23,3.73,Export,2022,Qtr 3,September,1
1709,FOOD GROUP,,LEGUMINOUS VEGETABLES (PULSES),M.T,0,0,0,-100,-100,-100,Export,2022,Qtr 3,September,1
1710,FOOD GROUP,,TOBACCO,M.T,2087,807,3500,-17.58,-32.13,-34.96,Export,2022,Qtr 3,September,1
1711,FOOD GROUP,,WHEAT,M.T,0,0,0,0,0,0,Export,2022,Qtr 3,September,1
1712,FOOD GROUP,,SPICES,M.T,1960,1532,6646,0.51,3.57,-0.73,Export,2022,Qtr 3,September,1
1713,FOOD GROUP,,"OIL SEEDS, NUTS AND KERNALS",M.T,26783,6887,29883,616.9,435.38,413.1,Export,2022,Qtr 3,September,1
1714,FOOD GROUP,,SUGAR,M.T,0,0,0,0,0,0,Export,2022,Qtr 3,September,1
1715,FOOD GROUP,,MEAT AND MEAT PREPARATIONS,M.T,6823,6926,30053,3.55,-21.2,-24.47,Export,2022,Qtr 3,September,1
1716,FOOD GROUP,,ALL OTHER FOOD ITEMS,,,21604,93742,,-5.42,-9.35,Export,2022,Qtr 3,September,1
1718,TEXTILE GROUP,,RAW COTTON,M.T,148,80,347,-92.3,-91.91,-92.24,Export,2022,Qtr 3,September,1
1719,TEXTILE GROUP,,COTTON YARN,M.T,21508,17471,75809,-6.81,-11.22,-14.91,Export,2022,Qtr 3,September,1
1720,TEXTILE GROUP,,COTTON CLOTH,M.T,33586,46819,203149,11.15,8.48,3.97,Export,2022,Qtr 3,September,1
1721,TEXTILE GROUP,,COTTON CARDED OR COMBED,M.T,73,31,134,62.22,74.85,67.5,Export,2022,Qtr 3,September,1
1722,TEXTILE GROUP,,YARN OTHER THAN COTTON YARN,M.T,1051,945,4101,-17.5,-1.3,-5.4,Export,2022,Qtr 3,September,1
1723,TEXTILE GROUP,,KNITWEAR,TH.DOZ,18383,100580,436422,1.06,1.23,-2.98,Export,2022,Qtr 3,September,1
1724,TEXTILE GROUP,,BED WEAR,M.T,39326,61630,267415,8.2,8.02,3.53,Export,2022,Qtr 3,September,1
1725,TEXTILE GROUP,,TOWELS,M.T,16264,20115,87279,20.04,21.36,16.32,Export,2022,Qtr 3,September,1
1726,TEXTILE GROUP,,"TENTS,CANVAS & TARPULIN",M.T,2656,2433,10557,-6.35,5.17,0.79,Export,2022,Qtr 3,September,1
1727,TEXTILE GROUP,,READYMADE GARMENTS,TH.DOZ,5012,63821,276922,-14.25,-12.45,-16.09,Export,2022,Qtr 3,September,1
1728,TEXTILE GROUP,,"ART,SILK & SYNTHETIC TEXTILE",M.T,7509,8627,37432,0.4,-1.55,-5.64,Export,2022,Qtr 3,September,1
1729,TEXTILE GROUP,,MADEUP ARTICLES(EXCL TOWELS & BEDWEAR,,,14764,64062,,10.55,5.96,Export,2022,Qtr 3,September,1
1730,TEXTILE GROUP,,OTHER TEXTILE MATERIALS,,,14621,63442,,13.72,8.99,Export,2022,Qtr 3,September,1
1732,PETROLEUM GROUP & COAL,,PETROLEUM CRUDE,M.T,0,0,0,-100,-100,-100,Export,2022,Qtr 3,September,1
1733,PETROLEUM GROUP & COAL,,PETROLEUM PRODUCTS(EXCL TOP NAPHTA),M.T,6603,1265,5490,42.74,442.92,420.38,Export,2022,Qtr 3,September,1
1734,PETROLEUM GROUP & COAL,,PETROLEUM TOP NAPHTA,M.T,0,0,0,0,0,0,Export,2022,Qtr 3,September,1
1735,PETROLEUM GROUP & COAL,,SOLID FUELS (COAL),M.T,0,0,0,0,0,0,Export,2022,Qtr 3,September,1
1737,OTHER MANUFACTURES GROUP,,"CARPETS, RUGS & MATS",TH.SQM,220,1576,6838,37.5,14.78,10.01,Export,2022,Qtr 3,September,1
1739,OTHER MANUFACTURES GROUP,SPORTS GOODS,FOOTBALLS,TH.DOZ,436,5338,23163,20.56,19.9,14.92,Export,2022,Qtr 3,September,1
1740,OTHER MANUFACTURES GROUP,SPORTS GOODS,GLOVES,TH.DOZ,260,1491,6471,-1.89,11.32,6.69,Export,2022,Qtr 3,September,1
1741,OTHER MANUFACTURES GROUP,SPORTS GOODS,OTHERS,,,2022,8772,,10.34,5.75,Export,2022,Qtr 3,September,1
1742,OTHER MANUFACTURES GROUP,,LEATHER TANNED,M.T,964,3252,14109,-20.76,-7.05,-10.92,Export,2022,Qtr 3,September,1
1744,OTHER MANUFACTURES GROUP,LEATHER MANUFACTURES,LEATHER GARMENTS,TH.DOZ,180,6389,27721,2.27,8.36,3.86,Export,2022,Qtr 3,September,1
1745,OTHER MANUFACTURES GROUP,LEATHER MANUFACTURES,LEATHER GLOVES,TH.DOZ,865,6057,26281,6.87,6.88,2.44,Export,2022,Qtr 3,September,1
1746,OTHER MANUFACTURES GROUP,LEATHER MANUFACTURES,OTHER LEATHER MANUFACTURES,,,315,1368,,30.97,25.5,Export,2022,Qtr 3,September,1
1748,OTHER MANUFACTURES GROUP,FOOTWEAR,LEATHER FOOTWEAR,TH.Pairs,919,3097,13440,9.97,2.57,-1.7,Export,2022,Qtr 3,September,1
1749,OTHER MANUFACTURES GROUP,FOOTWEAR,CANVAS FOOTWEAR,TH.Pairs,13,21,92,100,100,100,Export,2022,Qtr 3,September,1
1750,OTHER MANUFACTURES GROUP,FOOTWEAR,OTHER FOOTWEAR,TH.Pairs,2256,702,3048,125.56,68.1,61.1,Export,2022,Qtr 3,September,1
1751,OTHER MANUFACTURES GROUP,,SURGICAL GOODS & MEDICAL INSTRUMENTS,,,9406,40814,,24.81,19.62,Export,2022,Qtr 3,September,1
1752,OTHER MANUFACTURES GROUP,,CUTLERY,,,1299,5636,,27.74,22.44,Export,2022,Qtr 3,September,1
1753,OTHER MANUFACTURES GROUP,,ONYX MANUFACTURED,M.T,116,86,372,5.17,19.02,14.11,Export,2022,Qtr 3,September,1
1755,OTHER MANUFACTURES GROUP,CHEMICALS AND PHARM PRODUCTS,FERTILIZER MANUFACTURED,M.T,0,0,0,0,0,0,Export,2022,Qtr 3,September,1
1756,OTHER MANUFACTURES GROUP,CHEMICALS AND PHARM PRODUCTS,PLASTIC MATERIALS,M.T,18626,6232,27041,10.64,-3.42,-7.44,Export,2022,Qtr 3,September,1
1757,OTHER MANUFACTURES GROUP,CHEMICALS AND PHARM PRODUCTS,PHARMACEUTICAL PRODUCTS,M.T,5101,6885,29876,30.79,4.32,-0.02,Export,2022,Qtr 3,September,1
1758,OTHER MANUFACTURES GROUP,CHEMICALS AND PHARM PRODUCTS,OTHER CHEMICALS,,,13961,60576,,-26.11,-29.19,Export,2022,Qtr 3,September,1
1760,OTHER MANUFACTURES GROUP,ENGINEERING GOODS,ELECTRIC FANS,TH.NOS,85,317,1376,-55.03,-54.55,-56.44,Export,2022,Qtr 3,September,1
1761,OTHER MANUFACTURES GROUP,ENGINEERING GOODS,TRANSPORT EQUIPMENT,,,211,914,,74.61,67.4,Export,2022,Qtr 3,September,1
1762,OTHER MANUFACTURES GROUP,ENGINEERING GOODS,OTHER ELECTRICAL MACHINERY,,,938,4068,,-1.87,-5.94,Export,2022,Qtr 3,September,1
1764,OTHER MANUFACTURES GROUP,ENGINEERING GOODS,MACHINERY SPECIALIZED FOR PARTICULAR INDUSTRIES,,,679,2945,,-44.98,-47.26,Export,2022,Qtr 3,September,1
1765,OTHER MANUFACTURES GROUP,ENGINEERING GOODS,AUTO PARTS & ACCESSORIES,,,458,1986,,-22.25,-25.51,Export,2022,Qtr 3,September,1
1766,OTHER MANUFACTURES GROUP,ENGINEERING GOODS,OTHER MACHINERY,,,1485,6444,,-36.08,-38.74,Export,2022,Qtr 3,September,1
1767,OTHER MANUFACTURES GROUP,,GEMS,K.G,300,130,566,100,144.95,134.85,Export,2022,Qtr 3,September,1
1768,OTHER MANUFACTURES GROUP,,JEWELLERY,,,214,930,,56.46,50,Export,2022,Qtr 3,September,1
1769,OTHER MANUFACTURES GROUP,,FURNITURE,TH.NOS,145,174,755,-35.83,-57.94,-59.69,Export,2022,Qtr 3,September,1
1770,OTHER MANUFACTURES GROUP,,MOLASSES,M.T,146,4,18,-5.26,-23.73,-28,Export,2022,Qtr 3,September,1
1771,OTHER MANUFACTURES GROUP,,HANDICRAFTS,,,54,235,,120.88,111.71,Export,2022,Qtr 3,September,1
1772,OTHER MANUFACTURES GROUP,,CEMENT,M.T,612404,6715,29137,173.41,162.31,151.42,Export,2022,Qtr 3,September,1
1773,OTHER MANUFACTURES GROUP,,GUAR AND GUAR PRODUCTS,M.T,1483,629,2731,-14.24,-14.2,-17.77,Export,2022,Qtr 3,September,1
1774,OTHER MANUFACTURES GROUP,,ALL OTHER ITEMS,,,48600,210876,,68.46,61.46,Export,2022,Qtr 3,September,1
1778,FOOD GROUP,RICE,BASMATI,M.T,56400,18634,65394,-12.25,-4.28,-5.87,Export,2023,Qtr 2,April,1
1779,FOOD GROUP,RICE,OTHERS,M.T,274092,45153,158462,-16.52,-7.47,-9.01,Export,2023,Qtr 2,April,1
1780,FOOD GROUP,,FISH & FISH PREPARATIONS,M.T,23681,14547,51052,-4.35,-5.08,-6.66,Export,2023,Qtr 2,April,1
1781,FOOD GROUP,,FRUITS,M.T,21221,1798,6311,-19.4,-35.66,-36.73,Export,2023,Qtr 2,April,1
1782,FOOD GROUP,,VEGETABLES,M.T,140246,7544,26474,-32.32,-26.37,-27.59,Export,2023,Qtr 2,April,1
1783,FOOD GROUP,,LEGUMINOUS VEGETABLES (PULSES),M.T,0,0,0,0,0,0,Export,2023,Qtr 2,April,1
1784,FOOD GROUP,,TOBACCO,M.T,2227,1325,4651,-21.57,-13.31,-14.75,Export,2023,Qtr 2,April,1
1785,FOOD GROUP,,WHEAT,M.T,0,0,0,0,0,0,Export,2023,Qtr 2,April,1
1786,FOOD GROUP,,SPICES,M.T,1773,1811,6357,-18.3,-22.2,-23.5,Export,2023,Qtr 2,April,1
1787,FOOD GROUP,,"OIL SEEDS, NUTS AND KERNALS",M.T,17490,4348,15258,-74.38,-63.04,-63.65,Export,2023,Qtr 2,April,1
1788,FOOD GROUP,,SUGAR,M.T,40716,5744,20158,-68.62,-66.97,-67.52,Export,2023,Qtr 2,April,1
1789,FOOD GROUP,,MEAT AND MEAT PREPARATIONS,M.T,10905,12712,44614,-2.78,-0.15,-1.81,Export,2023,Qtr 2,April,1
1790,FOOD GROUP,,ALL OTHER FOOD ITEMS,,,18351,64402,,-18.8,-20.15,Export,2023,Qtr 2,April,1
1792,TEXTILE GROUP,,RAW COTTON,M.T,183,105,370,-46.47,-46.27,-47.22,Export,2023,Qtr 2,April,1
1793,TEXTILE GROUP,,COTTON YARN,M.T,21644,18165,63747,-7.81,-4.76,-6.35,Export,2023,Qtr 2,April,1
1794,TEXTILE GROUP,,COTTON CLOTH,M.T,28093,41799,146692,-5.7,-5.56,-7.13,Export,2023,Qtr 2,April,1
1795,TEXTILE GROUP,,COTTON CARDED OR COMBED,M.T,0,0,0,-100,-100,-100,Export,2023,Qtr 2,April,1
1796,TEXTILE GROUP,,YARN OTHER THAN COTTON YARN,M.T,1231,964,3385,0.18,2.57,0.86,Export,2023,Qtr 2,April,1
1797,TEXTILE GROUP,,KNITWEAR,TH.DOZ,17288,91685,321763,2.55,5.06,3.31,Export,2023,Qtr 2,April,1
1798,TEXTILE GROUP,,BED WEAR,M.T,34357,62129,218037,9.28,12.65,10.77,Export,2023,Qtr 2,April,1
1799,TEXTILE GROUP,,TOWELS,M.T,16143,22679,79592,-2.61,2.73,1.02,Export,2023,Qtr 2,April,1
1800,TEXTILE GROUP,,"TENTS,CANVAS & TARPULIN",M.T,3328,4044,14193,-15.89,-12.18,-13.64,Export,2023,Qtr 2,April,1
1801,TEXTILE GROUP,,READYMADE GARMENTS,TH.DOZ,6500,70504,247428,-0.21,-8.98,-10.49,Export,2023,Qtr 2,April,1
1802,TEXTILE GROUP,,"ART,SILK & SYNTHETIC TEXTILE",M.T,7015,9541,33484,-13.6,-6.33,-7.89,Export,2023,Qtr 2,April,1
1803,TEXTILE GROUP,,MADEUP ARTICLES(EXCL TOWELS & BEDWEAR,,,14344,50339,,2.39,0.68,Export,2023,Qtr 2,April,1
1804,TEXTILE GROUP,,OTHER TEXTILE MATERIALS,,,15331,53804,,-10.9,-12.38,Export,2023,Qtr 2,April,1
1806,PETROLEUM GROUP & COAL,,PETROLEUM CRUDE,M.T,0,0,0,0,0,0,Export,2023,Qtr 2,April,1
1807,PETROLEUM GROUP & COAL,,PETROLEUM PRODUCTS(EXCL TOP NAPHTA),M.T,38,18,62,-99.64,-98.09,-98.13,Export,2023,Qtr 2,April,1
1808,PETROLEUM GROUP & COAL,,PETROLEUM TOP NAPHTA,M.T,0,0,0,0,0,0,Export,2023,Qtr 2,April,1
1809,PETROLEUM GROUP & COAL,,SOLID FUELS (COAL),M.T,0,0,0,0,0,0,Export,2023,Qtr 2,April,1
1811,OTHER MANUFACTURES GROUP,,"CARPETS, RUGS & MATS",TH.SQM,274,1937,6799,9.74,17.36,15.41,Export,2023,Qtr 2,April,1
1813,OTHER MANUFACTURES GROUP,SPORTS GOODS,FOOTBALLS,TH.DOZ,390,5260,18458,-18.75,-15.8,-17.21,Export,2023,Qtr 2,April,1
1814,OTHER MANUFACTURES GROUP,SPORTS GOODS,GLOVES,TH.DOZ,215,1568,5504,8.59,12.01,10.15,Export,2023,Qtr 2,April,1
1815,OTHER MANUFACTURES GROUP,SPORTS GOODS,OTHERS,,,2478,8696,,2.09,0.39,Export,2023,Qtr 2,April,1
1816,OTHER MANUFACTURES GROUP,,LEATHER TANNED,M.T,931,3991,14007,-3.52,10.37,8.53,Export,2023,Qtr 2,April,1
1818,OTHER MANUFACTURES GROUP,LEATHER MANUFACTURES,LEATHER GARMENTS,TH.DOZ,151,5420,19021,15.27,15.1,13.19,Export,2023,Qtr 2,April,1
1819,OTHER MANUFACTURES GROUP,LEATHER MANUFACTURES,LEATHER GLOVES,TH.DOZ,870,6125,21497,4.19,-4.41,-6,Export,2023,Qtr 2,April,1
1820,OTHER MANUFACTURES GROUP,LEATHER MANUFACTURES,OTHER LEATHER MANUFACTURES,,,348,1223,,16.73,14.84,Export,2023,Qtr 2,April,1
1822,OTHER MANUFACTURES GROUP,FOOTWEAR,LEATHER FOOTWEAR,TH.Pairs,654,2172,7621,-16.21,-10.99,-12.46,Export,2023,Qtr 2,April,1
1823,OTHER MANUFACTURES GROUP,FOOTWEAR,CANVAS FOOTWEAR,TH.Pairs,12,38,135,-56.5,-36.62,-37.5,Export,2023,Qtr 2,April,1
1824,OTHER MANUFACTURES GROUP,FOOTWEAR,OTHER FOOTWEAR,TH.Pairs,1287,610,2141,-58.83,-57.45,-58.17,Export,2023,Qtr 2,April,1
1825,OTHER MANUFACTURES GROUP,,SURGICAL GOODS & MEDICAL INSTRUMENTS,,,11464,40233,,8.46,6.65,Export,2023,Qtr 2,April,1
1826,OTHER MANUFACTURES GROUP,,CUTLERY,,,1668,5852,,10.68,8.83,Export,2023,Qtr 2,April,1
1827,OTHER MANUFACTURES GROUP,,ONYX MANUFACTURED,M.T,182,118,413,72.88,94.49,91.2,Export,2023,Qtr 2,April,1
1829,OTHER MANUFACTURES GROUP,CHEMICALS AND PHARM PRODUCTS,FERTILIZER MANUFACTURED,M.T,0,0,0,0,0,0,Export,2023,Qtr 2,April,1
1830,OTHER MANUFACTURES GROUP,CHEMICALS AND PHARM PRODUCTS,PLASTIC MATERIALS,M.T,21575,7127,25011,-3.04,19.17,17.19,Export,2023,Qtr 2,April,1
1831,OTHER MANUFACTURES GROUP,CHEMICALS AND PHARM PRODUCTS,PHARMACEUTICAL PRODUCTS,M.T,4650,6966,24448,2.31,-0.46,-2.12,Export,2023,Qtr 2,April,1
1832,OTHER MANUFACTURES GROUP,CHEMICALS AND PHARM PRODUCTS,OTHER CHEMICALS,,,9233,32402,,-56.2,-56.93,Export,2023,Qtr 2,April,1
1834,OTHER MANUFACTURES GROUP,ENGINEERING GOODS,ELECTRIC FANS,TH.NOS,370,1273,4467,25.53,29.74,27.59,Export,2023,Qtr 2,April,1
1835,OTHER MANUFACTURES GROUP,ENGINEERING GOODS,TRANSPORT EQUIPMENT,,,763,2679,,112.92,109.46,Export,2023,Qtr 2,April,1
1836,OTHER MANUFACTURES GROUP,ENGINEERING GOODS,OTHER ELECTRICAL MACHINERY,,,701,2459,,-24.24,-25.51,Export,2023,Qtr 2,April,1
1838,OTHER MANUFACTURES GROUP,ENGINEERING GOODS,MACHINERY SPECIALIZED FOR PARTICULAR INDUSTRIES,,,1030,3614,,-28.66,-29.85,Export,2023,Qtr 2,April,1
1839,OTHER MANUFACTURES GROUP,ENGINEERING GOODS,AUTO PARTS & ACCESSORIES,,,401,1408,,-25.03,-26.28,Export,2023,Qtr 2,April,1
1840,OTHER MANUFACTURES GROUP,ENGINEERING GOODS,OTHER MACHINERY,,,1729,6067,,-28.46,-29.64,Export,2023,Qtr 2,April,1
1841,OTHER MANUFACTURES GROUP,,GEMS,K.G,123,99,347,-13.75,-13.58,-14.95,Export,2023,Qtr 2,April,1
1842,OTHER MANUFACTURES GROUP,,JEWELLERY,,,43,150,,67.13,64.84,Export,2023,Qtr 2,April,1
1843,OTHER MANUFACTURES GROUP,,FURNITURE,TH.NOS,95,225,789,-13.64,-12.53,-13.96,Export,2023,Qtr 2,April,1
1844,OTHER MANUFACTURES GROUP,,MOLASSES,M.T,24,1,3,-99.92,-99.93,-99.93,Export,2023,Qtr 2,April,1
1845,OTHER MANUFACTURES GROUP,,HANDICRAFTS,,,0,0,,-100,-100,Export,2023,Qtr 2,April,1
1846,OTHER MANUFACTURES GROUP,,CEMENT,M.T,332850,4288,15049,-23.67,-13.77,-15.21,Export,2023,Qtr 2,April,1
1847,OTHER MANUFACTURES GROUP,,GUAR AND GUAR PRODUCTS,M.T,3090,1327,4656,-2.24,-8.04,-9.57,Export,2023,Qtr 2,April,1
1848,OTHER MANUFACTURES GROUP,,ALL OTHER ITEMS,,,47184,165591,,-13.91,-15.34,Export,2023,Qtr 2,April,1
1852,FOOD GROUP,RICE,BASMATI,M.T,46841,16271,55379,44.5,47.13,40.72,Export,2023,Qtr 3,August,1
1853,FOOD GROUP,RICE,OTHERS,M.T,121352,18073,61511,-13.09,-17.28,-20.88,Export,2023,Qtr 3,August,1
1854,FOOD GROUP,,FISH & FISH PREPARATIONS,M.T,10254,5981,20358,-0.29,12.15,7.26,Export,2023,Qtr 3,August,1
1855,FOOD GROUP,,FRUITS,M.T,51784,8155,27756,10.02,-18.82,-22.35,Export,2023,Qtr 3,August,1
1856,FOOD GROUP,,VEGETABLES,M.T,77176,5416,18433,32.35,32.33,26.57,Export,2023,Qtr 3,August,1
1857,FOOD GROUP,,LEGUMINOUS VEGETABLES (PULSES),M.T,25,6,20,100,100,100,Export,2023,Qtr 3,August,1
1858,FOOD GROUP,,TOBACCO,M.T,1669,901,3066,94.1,56.49,49.71,Export,2023,Qtr 3,August,1
1859,FOOD GROUP,,WHEAT,M.T,0,0,0,0,0,0,Export,2023,Qtr 3,August,1
1860,FOOD GROUP,,SPICES,M.T,2591,2332,7937,43.94,25.6,20.13,Export,2023,Qtr 3,August,1
1861,FOOD GROUP,,"OIL SEEDS, NUTS AND KERNALS",M.T,15602,7808,26575,405.32,824.11,783.77,Export,2023,Qtr 3,August,1
1862,FOOD GROUP,,SUGAR,M.T,27560,5172,17604,397.31,431.08,407.91,Export,2023,Qtr 3,August,1
1863,FOOD GROUP,,MEAT AND MEAT PREPARATIONS,M.T,9646,11210,38153,8.26,14.41,9.43,Export,2023,Qtr 3,August,1
1864,FOOD GROUP,,ALL OTHER FOOD ITEMS,,,31085,105800,,19.24,14.04,Export,2023,Qtr 3,August,1
1866,TEXTILE GROUP,,RAW COTTON,M.T,1639,741,2522,457.71,378.4,357.71,Export,2023,Qtr 3,August,1
1867,TEXTILE GROUP,,COTTON YARN,M.T,38686,30793,104806,11.91,12.93,8.01,Export,2023,Qtr 3,August,1
1868,TEXTILE GROUP,,COTTON CLOTH,M.T,31858,47002,159977,15.05,18.68,13.51,Export,2023,Qtr 3,August,1
1869,TEXTILE GROUP,,COTTON CARDED OR COMBED,M.T,79,42,142,-51.43,-28.9,-32.06,Export,2023,Qtr 3,August,1
1870,TEXTILE GROUP,,YARN OTHER THAN COTTON YARN,M.T,1165,988,3361,0.09,6.77,2.1,Export,2023,Qtr 3,August,1
1871,TEXTILE GROUP,,KNITWEAR,TH.DOZ,22056,117892,401257,11.07,15.09,10.07,Export,2023,Qtr 3,August,1
1872,TEXTILE GROUP,,BED WEAR,M.T,42189,74081,252140,22.79,21.54,16.24,Export,2023,Qtr 3,August,1
1873,TEXTILE GROUP,,TOWELS,M.T,18713,25567,87018,23.71,25.03,19.59,Export,2023,Qtr 3,August,1
1874,TEXTILE GROUP,,"TENTS,CANVAS & TARPULIN",M.T,2609,2760,9394,-7.67,3.14,-1.35,Export,2023,Qtr 3,August,1
1875,TEXTILE GROUP,,READYMADE GARMENTS,TH.DOZ,8254,83447,284019,17.49,8.09,3.38,Export,2023,Qtr 3,August,1
1876,TEXTILE GROUP,,"ART,SILK & SYNTHETIC TEXTILE",M.T,6699,8501,28935,13.91,15.61,10.58,Export,2023,Qtr 3,August,1
1877,TEXTILE GROUP,,MADEUP ARTICLES(EXCL TOWELS & BEDWEAR,,,18377,62549,,28.13,22.55,Export,2023,Qtr 3,August,1
1878,TEXTILE GROUP,,OTHER TEXTILE MATERIALS,,,17366,59106,,14.52,9.53,Export,2023,Qtr 3,August,1
1880,PETROLEUM GROUP & COAL,,PETROLEUM CRUDE,M.T,0,0,0,0,0,0,Export,2023,Qtr 3,August,1
1881,PETROLEUM GROUP & COAL,,PETROLEUM PRODUCTS(EXCL TOP NAPHTA),M.T,6977,1030,3505,8.86,42.35,36.17,Export,2023,Qtr 3,August,1
1882,PETROLEUM GROUP & COAL,,PETROLEUM TOP NAPHTA,M.T,0,0,0,0,0,0,Export,2023,Qtr 3,August,1
1883,PETROLEUM GROUP & COAL,,SOLID FUELS (COAL),M.T,0,0,0,0,0,0,Export,2023,Qtr 3,August,1
1885,OTHER MANUFACTURES GROUP,,"CARPETS, RUGS & MATS",TH.SQM,250,1817,6185,28.21,24.03,18.62,Export,2023,Qtr 3,August,1
1887,OTHER MANUFACTURES GROUP,SPORTS GOODS,FOOTBALLS,TH.DOZ,463,5924,20163,28.97,35.45,29.54,Export,2023,Qtr 3,August,1
1888,OTHER MANUFACTURES GROUP,SPORTS GOODS,GLOVES,TH.DOZ,260,1681,5722,85.71,61.38,54.36,Export,2023,Qtr 3,August,1
1889,OTHER MANUFACTURES GROUP,SPORTS GOODS,OTHERS,,,2193,7465,,14.43,9.44,Export,2023,Qtr 3,August,1
1890,OTHER MANUFACTURES GROUP,,LEATHER TANNED,M.T,863,3124,10632,4.74,24.08,18.66,Export,2023,Qtr 3,August,1
1892,OTHER MANUFACTURES GROUP,LEATHER MANUFACTURES,LEATHER GARMENTS,TH.DOZ,185,7782,26485,-2.63,20.22,14.99,Export,2023,Qtr 3,August,1
1893,OTHER MANUFACTURES GROUP,LEATHER MANUFACTURES,LEATHER GLOVES,TH.DOZ,950,6727,22895,18.75,15.15,10.14,Export,2023,Qtr 3,August,1
1894,OTHER MANUFACTURES GROUP,LEATHER MANUFACTURES,OTHER LEATHER MANUFACTURES,,,282,961,,11.44,6.54,Export,2023,Qtr 3,August,1
1896,OTHER MANUFACTURES GROUP,FOOTWEAR,LEATHER FOOTWEAR,TH.Pairs,943,4102,13961,55.52,52.52,45.88,Export,2023,Qtr 3,August,1
1897,OTHER MANUFACTURES GROUP,FOOTWEAR,CANVAS FOOTWEAR,TH.Pairs,20,85,290,0,6.02,1.4,Export,2023,Qtr 3,August,1
1898,OTHER MANUFACTURES GROUP,FOOTWEAR,OTHER FOOTWEAR,TH.Pairs,1240,740,2519,33.35,61.03,54.07,Export,2023,Qtr 3,August,1
1899,OTHER MANUFACTURES GROUP,,SURGICAL GOODS & MEDICAL INSTRUMENTS,,,10587,36032,,10.88,6.05,Export,2023,Qtr 3,August,1
1900,OTHER MANUFACTURES GROUP,,CUTLERY,,,1516,5161,,24.8,19.36,Export,2023,Qtr 3,August,1
1901,OTHER MANUFACTURES GROUP,,ONYX MANUFACTURED,M.T,240,130,441,8.88,47.36,40.89,Export,2023,Qtr 3,August,1
1903,OTHER MANUFACTURES GROUP,CHEMICALS AND PHARM PRODUCTS,FERTILIZER MANUFACTURED,M.T,0,0,0,0,0,0,Export,2023,Qtr 3,August,1
1904,OTHER MANUFACTURES GROUP,CHEMICALS AND PHARM PRODUCTS,PLASTIC MATERIALS,M.T,36092,10058,34232,80.47,65.52,58.31,Export,2023,Qtr 3,August,1
1905,OTHER MANUFACTURES GROUP,CHEMICALS AND PHARM PRODUCTS,PHARMACEUTICAL PRODUCTS,M.T,5000,8110,27603,-2.44,10.13,5.33,Export,2023,Qtr 3,August,1
1906,OTHER MANUFACTURES GROUP,CHEMICALS AND PHARM PRODUCTS,OTHER CHEMICALS,,,22390,76206,,43.46,37.21,Export,2023,Qtr 3,August,1
1908,OTHER MANUFACTURES GROUP,ENGINEERING GOODS,ELECTRIC FANS,TH.NOS,103,571,1944,-20.01,-11.81,-15.66,Export,2023,Qtr 3,August,1
1909,OTHER MANUFACTURES GROUP,ENGINEERING GOODS,TRANSPORT EQUIPMENT,,,507,1724,,480.19,454.34,Export,2023,Qtr 3,August,1
1910,OTHER MANUFACTURES GROUP,ENGINEERING GOODS,OTHER ELECTRICAL MACHINERY,,,2042,6952,,69.08,61.71,Export,2023,Qtr 3,August,1
1912,OTHER MANUFACTURES GROUP,ENGINEERING GOODS,MACHINERY SPECIALIZED FOR PARTICULAR INDUSTRIES,,,961,3272,,40.09,33.99,Export,2023,Qtr 3,August,1
1913,OTHER MANUFACTURES GROUP,ENGINEERING GOODS,AUTO PARTS & ACCESSORIES,,,438,1490,,-13.32,-17.13,Export,2023,Qtr 3,August,1
1914,OTHER MANUFACTURES GROUP,ENGINEERING GOODS,OTHER MACHINERY,,,1734,5901,,4.72,0.17,Export,2023,Qtr 3,August,1
1915,OTHER MANUFACTURES GROUP,,GEMS,K.G,140,73,248,-60,-57.17,-59.01,Export,2023,Qtr 3,August,1
1916,OTHER MANUFACTURES GROUP,,JEWELLERY,,,126,430,,-39.26,-41.89,Export,2023,Qtr 3,August,1
1917,OTHER MANUFACTURES GROUP,,FURNITURE,TH.NOS,75,241,819,7.14,22.91,17.67,Export,2023,Qtr 3,August,1
1918,OTHER MANUFACTURES GROUP,,MOLASSES,M.T,24226,1078,3668,12704.29,14179.42,13485.19,Export,2023,Qtr 3,August,1
1919,OTHER MANUFACTURES GROUP,,HANDICRAFTS,,,25,85,,100,100,Export,2023,Qtr 3,August,1
1920,OTHER MANUFACTURES GROUP,,CEMENT,M.T,569376,6903,23496,38.19,52.16,45.53,Export,2023,Qtr 3,August,1
1921,OTHER MANUFACTURES GROUP,,GUAR AND GUAR PRODUCTS,M.T,2307,1017,3460,7.64,8.69,3.94,Export,2023,Qtr 3,August,1
1922,OTHER MANUFACTURES GROUP,,ALL OTHER ITEMS,,,51179,174188,,23.49,18.1,Export,2023,Qtr 3,August,1
1926,FOOD GROUP,RICE,BASMATI,M.T,74261,22888,80791,38.82,31.32,32.35,Export,2023,Qtr 4,December,1
1927,FOOD GROUP,RICE,OTHERS,M.T,775765,124040,437847,26.65,24.99,25.97,Export,2023,Qtr 4,December,1
1928,FOOD GROUP,,FISH & FISH PREPARATIONS,M.T,20081,10503,37075,11.17,-3.28,-2.52,Export,2023,Qtr 4,December,1
1929,FOOD GROUP,,FRUITS,M.T,158172,12241,43210,118.36,123.96,125.71,Export,2023,Qtr 4,December,1
1930,FOOD GROUP,,VEGETABLES,M.T,92156,11464,40466,43.36,85.69,87.14,Export,2023,Qtr 4,December,1
1931,FOOD GROUP,,LEGUMINOUS VEGETABLES (PULSES),M.T,0,0,0,0,0,0,Export,2023,Qtr 4,December,1
1932,FOOD GROUP,,TOBACCO,M.T,6704,7980,28169,464.36,939.54,947.56,Export,2023,Qtr 4,December,1
1933,FOOD GROUP,,WHEAT,M.T,0,0,0,0,0,0,Export,2023,Qtr 4,December,1
1934,FOOD GROUP,,SPICES,M.T,3640,3347,11815,4.72,12.41,13.3,Export,2023,Qtr 4,December,1
1935,FOOD GROUP,,"OIL SEEDS, NUTS AND KERNALS",M.T,12526,3866,13648,-56.84,-68.85,-68.61,Export,2023,Qtr 4,December,1
1936,FOOD GROUP,,SUGAR,M.T,0,0,0,0,0,0,Export,2023,Qtr 4,December,1
1937,FOOD GROUP,,MEAT AND MEAT PREPARATIONS,M.T,10587,12472,44023,0.93,1.31,2.11,Export,2023,Qtr 4,December,1
1938,FOOD GROUP,,ALL OTHER FOOD ITEMS,,,29399,103775,,-5.58,-4.84,Export,2023,Qtr 4,December,1
1940,TEXTILE GROUP,,RAW COTTON,M.T,7454,3875,13679,-16.39,-17.17,-16.53,Export,2023,Qtr 4,December,1
1941,TEXTILE GROUP,,COTTON YARN,M.T,37364,26984,95252,15.41,10.26,11.13,Export,2023,Qtr 4,December,1
1942,TEXTILE GROUP,,COTTON CLOTH,M.T,28319,40678,143590,2.76,3.58,4.39,Export,2023,Qtr 4,December,1
1943,TEXTILE GROUP,,COTTON CARDED OR COMBED,M.T,2,1,2,-90.97,-96.43,-97.06,Export,2023,Qtr 4,December,1
1944,TEXTILE GROUP,,YARN OTHER THAN COTTON YARN,M.T,819,663,2339,-36.07,-32.72,-32.2,Export,2023,Qtr 4,December,1
1945,TEXTILE GROUP,,KNITWEAR,TH.DOZ,20452,103898,366747,0.95,3.11,3.92,Export,2023,Qtr 4,December,1
1946,TEXTILE GROUP,,BED WEAR,M.T,37149,64119,226332,7.26,9.23,10.09,Export,2023,Qtr 4,December,1
1947,TEXTILE GROUP,,TOWELS,M.T,18243,24814,87589,11.07,16.56,17.48,Export,2023,Qtr 4,December,1
1948,TEXTILE GROUP,,"TENTS,CANVAS & TARPULIN",M.T,3851,3505,12373,-15.03,13.62,14.51,Export,2023,Qtr 4,December,1
1949,TEXTILE GROUP,,READYMADE GARMENTS,TH.DOZ,7450,84569,298520,-9.21,3.18,3.99,Export,2023,Qtr 4,December,1
1950,TEXTILE GROUP,,"ART,SILK & SYNTHETIC TEXTILE",M.T,6990,8830,31169,14.96,7.28,8.12,Export,2023,Qtr 4,December,1
1951,TEXTILE GROUP,,MADEUP ARTICLES(EXCL TOWELS & BEDWEAR,,,16991,59975,,2.01,2.81,Export,2023,Qtr 4,December,1
1952,TEXTILE GROUP,,OTHER TEXTILE MATERIALS,,,17589,62088,,7.55,8.4,Export,2023,Qtr 4,December,1
1954,PETROLEUM GROUP & COAL,,PETROLEUM CRUDE,M.T,0,0,0,0,0,0,Export,2023,Qtr 4,December,1
1955,PETROLEUM GROUP & COAL,,PETROLEUM PRODUCTS(EXCL TOP NAPHTA),M.T,93161,12057,42558,16.49,12.93,13.82,Export,2023,Qtr 4,December,1
1956,PETROLEUM GROUP & COAL,,PETROLEUM TOP NAPHTA,M.T,0,0,0,-100,-100,-100,Export,2023,Qtr 4,December,1
1957,PETROLEUM GROUP & COAL,,SOLID FUELS (COAL),M.T,0,0,0,0,0,0,Export,2023,Qtr 4,December,1
1959,OTHER MANUFACTURES GROUP,,"CARPETS, RUGS & MATS",TH.SQM,209,1205,4254,-49.26,-38.55,-38.06,Export,2023,Qtr 4,December,1
1961,OTHER MANUFACTURES GROUP,SPORTS GOODS,FOOTBALLS,TH.DOZ,460,6271,22136,11.38,20.26,21.21,Export,2023,Qtr 4,December,1
1962,OTHER MANUFACTURES GROUP,SPORTS GOODS,GLOVES,TH.DOZ,160,1396,4926,-11.11,20.09,21.03,Export,2023,Qtr 4,December,1
1963,OTHER MANUFACTURES GROUP,SPORTS GOODS,OTHERS,,,2091,7380,,11,11.87,Export,2023,Qtr 4,December,1
1964,OTHER MANUFACTURES GROUP,,LEATHER TANNED,M.T,730,3265,11523,4.98,3.69,4.51,Export,2023,Qtr 4,December,1
1966,OTHER MANUFACTURES GROUP,LEATHER MANUFACTURES,LEATHER GARMENTS,TH.DOZ,121,5521,19489,-5.47,-2.74,-1.98,Export,2023,Qtr 4,December,1
1967,OTHER MANUFACTURES GROUP,LEATHER MANUFACTURES,LEATHER GLOVES,TH.DOZ,830,6651,23476,-9.98,-1.52,-0.74,Export,2023,Qtr 4,December,1
1968,OTHER MANUFACTURES GROUP,LEATHER MANUFACTURES,OTHER LEATHER MANUFACTURES,,,335,1183,,-9.13,-8.37,Export,2023,Qtr 4,December,1
1970,OTHER MANUFACTURES GROUP,FOOTWEAR,LEATHER FOOTWEAR,TH.Pairs,880,3027,10683,59.12,48.96,50.13,Export,2023,Qtr 4,December,1
1971,OTHER MANUFACTURES GROUP,FOOTWEAR,CANVAS FOOTWEAR,TH.Pairs,2,8,27,-81.39,-85.6,-85.56,Export,2023,Qtr 4,December,1
1972,OTHER MANUFACTURES GROUP,FOOTWEAR,OTHER FOOTWEAR,TH.Pairs,1372,927,3272,9.29,44.19,45.36,Export,2023,Qtr 4,December,1
1973,OTHER MANUFACTURES GROUP,,SURGICAL GOODS & MEDICAL INSTRUMENTS,,,10420,36782,,-9.38,-8.67,Export,2023,Qtr 4,December,1
1974,OTHER MANUFACTURES GROUP,,CUTLERY,,,1372,4844,,2.24,3.04,Export,2023,Qtr 4,December,1
1975,OTHER MANUFACTURES GROUP,,ONYX MANUFACTURED,M.T,125,94,333,23.77,-0.75,0,Export,2023,Qtr 4,December,1
1977,OTHER MANUFACTURES GROUP,CHEMICALS AND PHARM PRODUCTS,FERTILIZER MANUFACTURED,M.T,0,0,0,0,0,0,Export,2023,Qtr 4,December,1
1978,OTHER MANUFACTURES GROUP,CHEMICALS AND PHARM PRODUCTS,PLASTIC MATERIALS,M.T,32863,9538,33666,16.87,15.63,16.54,Export,2023,Qtr 4,December,1
1979,OTHER MANUFACTURES GROUP,CHEMICALS AND PHARM PRODUCTS,PHARMACEUTICAL PRODUCTS,M.T,4429,6556,23144,-11.62,-3.49,-2.73,Export,2023,Qtr 4,December,1
1980,OTHER MANUFACTURES GROUP,CHEMICALS AND PHARM PRODUCTS,OTHER CHEMICALS,,,16898,59648,,-13.05,-12.37,Export,2023,Qtr 4,December,1
1982,OTHER MANUFACTURES GROUP,ENGINEERING GOODS,ELECTRIC FANS,TH.NOS,106,516,1822,100.36,127.69,129.47,Export,2023,Qtr 4,December,1
1983,OTHER MANUFACTURES GROUP,ENGINEERING GOODS,TRANSPORT EQUIPMENT,,,493,1739,,-2.84,-2.08,Export,2023,Qtr 4,December,1
1984,OTHER MANUFACTURES GROUP,ENGINEERING GOODS,OTHER ELECTRICAL MACHINERY,,,1010,3565,,15.02,15.93,Export,2023,Qtr 4,December,1
1986,OTHER MANUFACTURES GROUP,ENGINEERING GOODS,MACHINERY SPECIALIZED FOR PARTICULAR INDUSTRIES,,,1117,3943,,25.59,26.58,Export,2023,Qtr 4,December,1
1987,OTHER MANUFACTURES GROUP,ENGINEERING GOODS,AUTO PARTS & ACCESSORIES,,,658,2324,,65.18,66.48,Export,2023,Qtr 4,December,1
1988,OTHER MANUFACTURES GROUP,ENGINEERING GOODS,RUBBER TYRES & TUBES,TH.NOS,745,1890,6672,-50.85,-30.39,-29.84,Export,2023,Qtr 4,December,1
1989,OTHER MANUFACTURES GROUP,ENGINEERING GOODS,OTHER MACHINERY,,,1905,6723,,-17.78,-17.13,Export,2023,Qtr 4,December,1
1990,OTHER MANUFACTURES GROUP,,GEMS,K.G,250,382,1347,65.08,214.14,216.2,Export,2023,Qtr 4,December,1
1991,OTHER MANUFACTURES GROUP,,JEWELLERY,,,245,865,,-19.34,-18.7,Export,2023,Qtr 4,December,1
1992,OTHER MANUFACTURES GROUP,,FURNITURE,TH.NOS,60,187,659,33.33,2.9,3.62,Export,2023,Qtr 4,December,1
1993,OTHER MANUFACTURES GROUP,,MOLASSES,M.T,338,20,70,417.27,485.6,483.33,Export,2023,Qtr 4,December,1
1994,OTHER MANUFACTURES GROUP,,HANDICRAFTS,,,0,0,,-100,-100,Export,2023,Qtr 4,December,1
1995,OTHER MANUFACTURES GROUP,,CEMENT,M.T,572568,6212,21927,9,4.04,4.86,Export,2023,Qtr 4,December,1
1996,OTHER MANUFACTURES GROUP,,GUAR AND GUAR PRODUCTS,M.T,3962,1726,6092,47.81,42.13,43.24,Export,2023,Qtr 4,December,1
1997,OTHER MANUFACTURES GROUP,,ALL OTHER ITEMS,,,60880,214900,,11.4,12.28,Export,2023,Qtr 4,December,1
2001,FOOD GROUP,RICE,BASMATI,M.T,44137,13300,49874,-14.16,4.28,-8.44,Export,2023,Qtr 1,February,1
2002,FOOD GROUP,RICE,OTHERS,M.T,509271,59052,221438,187.73,149.9,119.41,Export,2023,Qtr 1,February,1
2003,FOOD GROUP,,FISH & FISH PREPARATIONS,M.T,18548,10221,38326,-5.43,19.15,4.61,Export,2023,Qtr 1,February,1
2004,FOOD GROUP,,FRUITS,M.T,69013,6332,23743,-40.72,-25.11,-34.24,Export,2023,Qtr 1,February,1
2005,FOOD GROUP,,VEGETABLES,M.T,164416,8438,31641,24.17,20.22,5.55,Export,2023,Qtr 1,February,1
2006,FOOD GROUP,,LEGUMINOUS VEGETABLES (PULSES),M.T,0,0,0,0,0,0,Export,2023,Qtr 1,February,1
2007,FOOD GROUP,,TOBACCO,M.T,3489,2232,8368,-13.78,-7.09,-18.42,Export,2023,Qtr 1,February,1
2008,FOOD GROUP,,WHEAT,M.T,0,0,0,0,0,0,Export,2023,Qtr 1,February,1
2009,FOOD GROUP,,SPICES,M.T,2026,2081,7803,-11.17,-7.79,-19.05,Export,2023,Qtr 1,February,1
2010,FOOD GROUP,,"OIL SEEDS, NUTS AND KERNALS",M.T,4849,2915,10930,38.88,75.67,54.25,Export,2023,Qtr 1,February,1
2011,FOOD GROUP,,SUGAR,M.T,42434,5599,20994,100,100,100,Export,2023,Qtr 1,February,1
2012,FOOD GROUP,,MEAT AND MEAT PREPARATIONS,M.T,7330,7846,29421,-17.2,-5.96,-17.44,Export,2023,Qtr 1,February,1
2013,FOOD GROUP,,ALL OTHER FOOD ITEMS,,,20356,76333,,37.31,20.56,Export,2023,Qtr 1,February,1
2015,TEXTILE GROUP,,RAW COTTON,M.T,0,0,0,-100,-100,-100,Export,2023,Qtr 1,February,1
2016,TEXTILE GROUP,,COTTON YARN,M.T,18883,14826,55597,-21.72,-6.7,-18.09,Export,2023,Qtr 1,February,1
2017,TEXTILE GROUP,,COTTON CLOTH,M.T,28511,41262,154727,11.16,10.85,-2.68,Export,2023,Qtr 1,February,1
2018,TEXTILE GROUP,,COTTON CARDED OR COMBED,M.T,12,6,22,-85.88,-81.64,-84.06,Export,2023,Qtr 1,February,1
2019,TEXTILE GROUP,,YARN OTHER THAN COTTON YARN,M.T,1273,909,3408,20.3,12.66,-1.1,Export,2023,Qtr 1,February,1
2020,TEXTILE GROUP,,KNITWEAR,TH.DOZ,14231,73897,277105,-16.11,-6.29,-17.73,Export,2023,Qtr 1,February,1
2021,TEXTILE GROUP,,BED WEAR,M.T,30069,52215,195800,-8.77,5.51,-7.37,Export,2023,Qtr 1,February,1
2022,TEXTILE GROUP,,TOWELS,M.T,16191,22311,83664,-9.86,4.56,-8.2,Export,2023,Qtr 1,February,1
2023,TEXTILE GROUP,,"TENTS,CANVAS & TARPULIN",M.T,3090,3256,12210,-22.79,13.21,-0.6,Export,2023,Qtr 1,February,1
2024,TEXTILE GROUP,,READYMADE GARMENTS,TH.DOZ,5744,68044,255157,14.57,-0.76,-12.87,Export,2023,Qtr 1,February,1
2025,TEXTILE GROUP,,"ART,SILK & SYNTHETIC TEXTILE",M.T,7535,9033,33871,37.83,28.66,12.96,Export,2023,Qtr 1,February,1
2026,TEXTILE GROUP,,MADEUP ARTICLES(EXCL TOWELS & BEDWEAR,,,13257,49713,,0.41,-11.84,Export,2023,Qtr 1,February,1
2027,TEXTILE GROUP,,OTHER TEXTILE MATERIALS,,,15781,59176,,13.34,-0.49,Export,2023,Qtr 1,February,1
2029,PETROLEUM GROUP & COAL,,PETROLEUM CRUDE,M.T,43641,7520,28199,100,100,100,Export,2023,Qtr 1,February,1
2030,PETROLEUM GROUP & COAL,,PETROLEUM PRODUCTS(EXCL TOP NAPHTA),M.T,43864,3961,14853,896.23,1052.26,911.78,Export,2023,Qtr 1,February,1
2031,PETROLEUM GROUP & COAL,,PETROLEUM TOP NAPHTA,M.T,0,0,0,0,0,0,Export,2023,Qtr 1,February,1
2032,PETROLEUM GROUP & COAL,,SOLID FUELS (COAL),M.T,23,2,6,100,100,100,Export,2023,Qtr 1,February,1
2034,OTHER MANUFACTURES GROUP,,"CARPETS, RUGS & MATS",TH.SQM,190,1241,4653,12.15,14.23,0.28,Export,2023,Qtr 1,February,1
2036,OTHER MANUFACTURES GROUP,SPORTS GOODS,FOOTBALLS,TH.DOZ,340,4364,16364,-1.27,1.28,-11.08,Export,2023,Qtr 1,February,1
2037,OTHER MANUFACTURES GROUP,SPORTS GOODS,GLOVES,TH.DOZ,150,1059,3969,-25,-21.53,-31.12,Export,2023,Qtr 1,February,1
2038,OTHER MANUFACTURES GROUP,SPORTS GOODS,OTHERS,,,2138,8019,,-1.03,-13.1,Export,2023,Qtr 1,February,1
2039,OTHER MANUFACTURES GROUP,,LEATHER TANNED,M.T,849,3364,12616,-14.27,6.59,-6.41,Export,2023,Qtr 1,February,1
2041,OTHER MANUFACTURES GROUP,LEATHER MANUFACTURES,LEATHER GARMENTS,TH.DOZ,134,4801,18004,-20.29,-21.72,-31.27,Export,2023,Qtr 1,February,1
2042,OTHER MANUFACTURES GROUP,LEATHER MANUFACTURES,LEATHER GLOVES,TH.DOZ,701,5354,20076,-0.07,12.35,-1.36,Export,2023,Qtr 1,February,1
2043,OTHER MANUFACTURES GROUP,LEATHER MANUFACTURES,OTHER LEATHER MANUFACTURES,,,229,860,,-23.39,-32.71,Export,2023,Qtr 1,February,1
2045,OTHER MANUFACTURES GROUP,FOOTWEAR,LEATHER FOOTWEAR,TH.Pairs,1075,3292,12344,-6.32,3.22,-9.38,Export,2023,Qtr 1,February,1
2046,OTHER MANUFACTURES GROUP,FOOTWEAR,CANVAS FOOTWEAR,TH.Pairs,20,42,157,185.71,270.45,227.08,Export,2023,Qtr 1,February,1
2047,OTHER MANUFACTURES GROUP,FOOTWEAR,OTHER FOOTWEAR,TH.Pairs,2074,964,3614,53.83,41.3,24.06,Export,2023,Qtr 1,February,1
2048,OTHER MANUFACTURES GROUP,,SURGICAL GOODS & MEDICAL INSTRUMENTS,,,9221,34577,,-1.38,-13.41,Export,2023,Qtr 1,February,1
2049,OTHER MANUFACTURES GROUP,,CUTLERY,,,1021,3830,,-23.79,-33.08,Export,2023,Qtr 1,February,1
2050,OTHER MANUFACTURES GROUP,,ONYX MANUFACTURED,M.T,270,152,569,107.69,73.85,52.55,Export,2023,Qtr 1,February,1
2052,OTHER MANUFACTURES GROUP,CHEMICALS AND PHARM PRODUCTS,FERTILIZER MANUFACTURED,M.T,0,0,0,0,0,0,Export,2023,Qtr 1,February,1
2053,OTHER MANUFACTURES GROUP,CHEMICALS AND PHARM PRODUCTS,PLASTIC MATERIALS,M.T,19909,5361,20104,11.58,28.01,12.39,Export,2023,Qtr 1,February,1
2054,OTHER MANUFACTURES GROUP,CHEMICALS AND PHARM PRODUCTS,PHARMACEUTICAL PRODUCTS,M.T,5406,7376,27661,-22.63,4.62,-8.15,Export,2023,Qtr 1,February,1
2055,OTHER MANUFACTURES GROUP,CHEMICALS AND PHARM PRODUCTS,OTHER CHEMICALS,,,14791,55464,,-33.54,-41.65,Export,2023,Qtr 1,February,1
2057,OTHER MANUFACTURES GROUP,ENGINEERING GOODS,ELECTRIC FANS,TH.NOS,160,622,2334,23.08,23.89,8.81,Export,2023,Qtr 1,February,1
2058,OTHER MANUFACTURES GROUP,ENGINEERING GOODS,TRANSPORT EQUIPMENT,,,350,1312,,95.97,72.18,Export,2023,Qtr 1,February,1
2059,OTHER MANUFACTURES GROUP,ENGINEERING GOODS,OTHER ELECTRICAL MACHINERY,,,638,2392,,-28.44,-37.18,Export,2023,Qtr 1,February,1
2061,OTHER MANUFACTURES GROUP,ENGINEERING GOODS,MACHINERY SPECIALIZED FOR PARTICULAR INDUSTRIES,,,610,2288,,-38.99,-46.44,Export,2023,Qtr 1,February,1
2062,OTHER MANUFACTURES GROUP,ENGINEERING GOODS,AUTO PARTS & ACCESSORIES,,,492,1845,,15.21,1.15,Export,2023,Qtr 1,February,1
2063,OTHER MANUFACTURES GROUP,ENGINEERING GOODS,OTHER MACHINERY,,,1541,5777,,-5.55,-17.07,Export,2023,Qtr 1,February,1
2064,OTHER MANUFACTURES GROUP,,GEMS,K.G,144,82,309,-64.08,-38.66,-46.17,Export,2023,Qtr 1,February,1
2065,OTHER MANUFACTURES GROUP,,JEWELLERY,,,64,242,,-38.77,-46.1,Export,2023,Qtr 1,February,1
2066,OTHER MANUFACTURES GROUP,,FURNITURE,TH.NOS,110,250,939,37.5,37.57,20.85,Export,2023,Qtr 1,February,1
2067,OTHER MANUFACTURES GROUP,,MOLASSES,M.T,178,5,19,-99.73,155.26,137.5,Export,2023,Qtr 1,February,1
2068,OTHER MANUFACTURES GROUP,,HANDICRAFTS,,,2,6,,-0.56,0,Export,2023,Qtr 1,February,1
2069,OTHER MANUFACTURES GROUP,,CEMENT,M.T,411512,4548,17055,18.11,29.29,13.51,Export,2023,Qtr 1,February,1
2070,OTHER MANUFACTURES GROUP,,GUAR AND GUAR PRODUCTS,M.T,2852,1180,4425,20.68,41.96,24.65,Export,2023,Qtr 1,February,1
2071,OTHER MANUFACTURES GROUP,,ALL OTHER ITEMS,,,44349,166302,,-1.24,-13.29,Export,2023,Qtr 1,February,1
2075,FOOD GROUP,RICE,BASMATI,M.T,51416,12754,54474,10.54,10.95,6.51,Export,2023,Qtr 1,January,1
2076,FOOD GROUP,RICE,OTHERS,M.T,176996,23630,100925,-34.21,-17.44,-20.75,Export,2023,Qtr 1,January,1
2077,FOOD GROUP,,FISH & FISH PREPARATIONS,M.T,19613,8578,36637,16.19,-2.65,-6.55,Export,2023,Qtr 1,January,1
2078,FOOD GROUP,,FRUITS,M.T,116409,8454,36108,-16.92,-17.41,-20.71,Export,2023,Qtr 1,January,1
2079,FOOD GROUP,,VEGETABLES,M.T,132414,7019,29977,142.25,109.22,100.84,Export,2023,Qtr 1,January,1
2080,FOOD GROUP,,LEGUMINOUS VEGETABLES (PULSES),M.T,0,0,0,0,0,0,Export,2023,Qtr 1,January,1
2081,FOOD GROUP,,TOBACCO,M.T,4046,2402,10258,222.97,227.45,214.37,Export,2023,Qtr 1,January,1
2082,FOOD GROUP,,WHEAT,M.T,,0,0,0,0,0,Export,2023,Qtr 1,January,1
2083,FOOD GROUP,,SPICES,M.T,2281,2257,9639,-5.36,7.29,3,Export,2023,Qtr 1,January,1
2084,FOOD GROUP,,"OIL SEEDS, NUTS AND KERNALS",M.T,3492,1659,7086,-36.95,-30.5,-33.29,Export,2023,Qtr 1,January,1
2085,FOOD GROUP,,SUGAR,M.T,0,0,0,0,0,0,Export,2023,Qtr 1,January,1
2086,FOOD GROUP,,MEAT AND MEAT PREPARATIONS,M.T,8853,8343,35635,13.79,16.63,11.96,Export,2023,Qtr 1,January,1
2087,FOOD GROUP,,ALL OTHER FOOD ITEMS,,,14825,63317,,1.02,-3.02,Export,2023,Qtr 1,January,1
2089,TEXTILE GROUP,,RAW COTTON,M.T,524,242,1033,100,100,100,Export,2023,Qtr 1,January,1
2090,TEXTILE GROUP,,COTTON YARN,M.T,24121,15891,67873,39.1,32.53,27.22,Export,2023,Qtr 1,January,1
2091,TEXTILE GROUP,,COTTON CLOTH,M.T,25650,37225,158988,-6.35,1.81,-2.27,Export,2023,Qtr 1,January,1
2092,TEXTILE GROUP,,COTTON CARDED OR COMBED,M.T,85,32,138,-53.05,-56.63,-58.43,Export,2023,Qtr 1,January,1
2093,TEXTILE GROUP,,YARN OTHER THAN COTTON YARN,M.T,1058,807,3446,4.06,10.36,5.93,Export,2023,Qtr 1,January,1
2094,TEXTILE GROUP,,KNITWEAR,TH.DOZ,16965,78859,336809,12.99,-0.8,-4.77,Export,2023,Qtr 1,January,1
2095,TEXTILE GROUP,,BED WEAR,M.T,32961,49490,211374,8.07,5.65,1.42,Export,2023,Qtr 1,January,1
2096,TEXTILE GROUP,,TOWELS,M.T,17962,21338,91137,10.02,15.52,10.89,Export,2023,Qtr 1,January,1
2097,TEXTILE GROUP,,"TENTS,CANVAS & TARPULIN",M.T,4003,2876,12284,30.25,23.95,18.98,Export,2023,Qtr 1,January,1
2098,TEXTILE GROUP,,READYMADE GARMENTS,TH.DOZ,5014,68566,292845,-1.96,-4.41,-8.24,Export,2023,Qtr 1,January,1
2099,TEXTILE GROUP,,"ART,SILK & SYNTHETIC TEXTILE",M.T,5467,7020,29984,-11.56,4.47,0.29,Export,2023,Qtr 1,January,1
2100,TEXTILE GROUP,,MADEUP ARTICLES(EXCL TOWELS & BEDWEAR,,,13203,56390,,-17.58,-20.88,Export,2023,Qtr 1,January,1
2101,TEXTILE GROUP,,OTHER TEXTILE MATERIALS,,,13923,59467,,0.65,-3.38,Export,2023,Qtr 1,January,1
2103,PETROLEUM GROUP & COAL,,PETROLEUM CRUDE,M.T,0,0,0,-100,-100,-100,Export,2023,Qtr 1,January,1
2104,PETROLEUM GROUP & COAL,,PETROLEUM PRODUCTS(EXCL TOP NAPHTA),M.T,4403,344,1468,191.01,51.77,45.63,Export,2023,Qtr 1,January,1
2105,PETROLEUM GROUP & COAL,,PETROLEUM TOP NAPHTA,M.T,0,0,0,0,0,0,Export,2023,Qtr 1,January,1
2106,PETROLEUM GROUP & COAL,,SOLID FUELS (COAL),M.T,0,0,0,0,0,0,Export,2023,Qtr 1,January,1
2108,OTHER MANUFACTURES GROUP,,"CARPETS, RUGS & MATS",TH.SQM,169,1086,4640,-8.73,-7.81,-11.5,Export,2023,Qtr 1,January,1
2110,OTHER MANUFACTURES GROUP,SPORTS GOODS,FOOTBALLS,TH.DOZ,344,4309,18403,-1.6,1.34,-2.72,Export,2023,Qtr 1,January,1
2111,OTHER MANUFACTURES GROUP,SPORTS GOODS,GLOVES,TH.DOZ,200,1349,5762,-22.48,-12.34,-15.85,Export,2023,Qtr 1,January,1
2112,OTHER MANUFACTURES GROUP,SPORTS GOODS,OTHERS,,368,2161,9228,,17.25,12.55,Export,2023,Qtr 1,January,1
2113,OTHER MANUFACTURES GROUP,,LEATHER TANNED,M.T,990,3156,13480,-11.73,13.44,8.89,Export,2023,Qtr 1,January,1
2115,OTHER MANUFACTURES GROUP,LEATHER MANUFACTURES,LEATHER GARMENTS,TH.DOZ,169,6134,26196,0.42,2.31,-1.79,Export,2023,Qtr 1,January,1
2116,OTHER MANUFACTURES GROUP,LEATHER MANUFACTURES,LEATHER GLOVES,TH.DOZ,702,4765,20353,-5.14,-16.13,-19.48,Export,2023,Qtr 1,January,1
2117,OTHER MANUFACTURES GROUP,LEATHER MANUFACTURES,OTHER LEATHER MANUFACTURES,,,299,1278,,-17.53,-20.82,Export,2023,Qtr 1,January,1
2119,OTHER MANUFACTURES GROUP,FOOTWEAR,LEATHER FOOTWEAR,TH.Pairs,1148,3189,13621,5.47,0.62,-3.41,Export,2023,Qtr 1,January,1
2120,OTHER MANUFACTURES GROUP,FOOTWEAR,CANVAS FOOTWEAR,TH.Pairs,7,11,48,33.74,88.95,77.78,Export,2023,Qtr 1,January,1
2121,OTHER MANUFACTURES GROUP,FOOTWEAR,OTHER FOOTWEAR,TH.Pairs,1348,682,2913,-3.76,22.43,17.51,Export,2023,Qtr 1,January,1
2122,OTHER MANUFACTURES GROUP,,SURGICAL GOODS & MEDICAL INSTRUMENTS,,,9350,39933,,7.72,3.41,Export,2023,Qtr 1,January,1
2123,OTHER MANUFACTURES GROUP,,CUTLERY,,,1340,5723,,11.64,7.17,Export,2023,Qtr 1,January,1
2124,OTHER MANUFACTURES GROUP,,ONYX MANUFACTURED,M.T,130,87,373,18.18,23.99,19.17,Export,2023,Qtr 1,January,1
2126,OTHER MANUFACTURES GROUP,CHEMICALS AND PHARM PRODUCTS,FERTILIZER MANUFACTURED,M.T,0,0,0,0,0,0,Export,2023,Qtr 1,January,1
2127,OTHER MANUFACTURES GROUP,CHEMICALS AND PHARM PRODUCTS,PLASTIC MATERIALS,M.T,17842,4188,17888,47.64,38.3,32.77,Export,2023,Qtr 1,January,1
2128,OTHER MANUFACTURES GROUP,CHEMICALS AND PHARM PRODUCTS,PHARMACEUTICAL PRODUCTS,M.T,6988,7051,30114,11.81,0.62,-3.41,Export,2023,Qtr 1,January,1
2129,OTHER MANUFACTURES GROUP,CHEMICALS AND PHARM PRODUCTS,OTHER CHEMICALS,,,22256,95055,,40.9,35.26,Export,2023,Qtr 1,January,1
2131,OTHER MANUFACTURES GROUP,ENGINEERING GOODS,ELECTRIC FANS,TH.NOS,130,502,2145,62.5,64.13,57.49,Export,2023,Qtr 1,January,1
2132,OTHER MANUFACTURES GROUP,ENGINEERING GOODS,TRANSPORT EQUIPMENT,,,178,762,,250.08,235.68,Export,2023,Qtr 1,January,1
2133,OTHER MANUFACTURES GROUP,ENGINEERING GOODS,OTHER ELECTRICAL MACHINERY,,,892,3808,,6.81,2.53,Export,2023,Qtr 1,January,1
2135,OTHER MANUFACTURES GROUP,ENGINEERING GOODS,MACHINERY SPECIALIZED FOR PARTICULAR INDUSTRIES,,,1000,4272,,19.6,14.81,Export,2023,Qtr 1,January,1
2136,OTHER MANUFACTURES GROUP,ENGINEERING GOODS,AUTO PARTS & ACCESSORIES,,,427,1824,,-0.49,-4.5,Export,2023,Qtr 1,January,1
2137,OTHER MANUFACTURES GROUP,ENGINEERING GOODS,OTHER MACHINERY,,,1631,6966,,-6.94,-10.67,Export,2023,Qtr 1,January,1
2138,OTHER MANUFACTURES GROUP,,GEMS,K.G,400,134,574,33.33,16.08,11.46,Export,2023,Qtr 1,January,1
2139,OTHER MANUFACTURES GROUP,,JEWELLERY,,,105,449,,-8.85,-12.48,Export,2023,Qtr 1,January,1
2140,OTHER MANUFACTURES GROUP,,FURNITURE,TH.NOS,80,182,777,-16.67,-10.66,-14.24,Export,2023,Qtr 1,January,1
2141,OTHER MANUFACTURES GROUP,,MOLASSES,M.T,65480,2,8,100,100,100,Export,2023,Qtr 1,January,1
2142,OTHER MANUFACTURES GROUP,,HANDICRAFTS,,,2,6,,-91.62,-92.5,Export,2023,Qtr 1,January,1
2143,OTHER MANUFACTURES GROUP,,CEMENT,M.T,348424,3518,15025,110.16,79.24,72.07,Export,2023,Qtr 1,January,1
2144,OTHER MANUFACTURES GROUP,,GUAR AND GUAR PRODUCTS,M.T,2363,831,3550,14.24,14.22,9.64,Export,2023,Qtr 1,January,1
2145,OTHER MANUFACTURES GROUP,,ALL OTHER ITEMS,,,44904,191790,,-0.39,-4.38,Export,2023,Qtr 1,January,1
2149,FOOD GROUP,RICE,BASMATI,M.T,32416,11059,39354,-38.03,-37.62,-36.38,Export,2023,Qtr 3,July,1
2150,FOOD GROUP,RICE,OTHERS,M.T,139628,21848,77747,-6.03,-10.78,-9.01,Export,2023,Qtr 3,July,1
2151,FOOD GROUP,,FISH & FISH PREPARATIONS,M.T,10284,5333,18980,-45.11,-53.06,-52.12,Export,2023,Qtr 3,July,1
2152,FOOD GROUP,,FRUITS,M.T,47070,10045,35746,-0.53,-0.81,1.15,Export,2023,Qtr 3,July,1
2153,FOOD GROUP,,VEGETABLES,M.T,58312,4093,14564,-11.5,-13.42,-11.7,Export,2023,Qtr 3,July,1
2154,FOOD GROUP,,LEGUMINOUS VEGETABLES (PULSES),M.T,0,0,0,0,0,0,Export,2023,Qtr 3,July,1
2155,FOOD GROUP,,TOBACCO,M.T,860,576,2048,48.28,54.83,57.9,Export,2023,Qtr 3,July,1
2156,FOOD GROUP,,WHEAT,M.T,0,0,0,0,0,0,Export,2023,Qtr 3,July,1
2157,FOOD GROUP,,SPICES,M.T,1800,1856,6607,-9.3,-23.35,-21.83,Export,2023,Qtr 3,July,1
2158,FOOD GROUP,,"OIL SEEDS, NUTS AND KERNALS",M.T,3088,845,3007,109.22,-5.63,-3.75,Export,2023,Qtr 3,July,1
2159,FOOD GROUP,,SUGAR,M.T,5542,974,3466,475.47,683.07,698.62,Export,2023,Qtr 3,July,1
2160,FOOD GROUP,,MEAT AND MEAT PREPARATIONS,M.T,8910,9798,34866,-10.24,-13.13,-11.4,Export,2023,Qtr 3,July,1
2161,FOOD GROUP,,ALL OTHER FOOD ITEMS,,,26069,92771,,30.85,33.44,Export,2023,Qtr 3,July,1
2163,TEXTILE GROUP,,RAW COTTON,M.T,294,155,551,826.58,1145.31,1181.4,Export,2023,Qtr 3,July,1
2164,TEXTILE GROUP,,COTTON YARN,M.T,34569,27266,97031,-10.12,-11.16,-9.4,Export,2023,Qtr 3,July,1
2165,TEXTILE GROUP,,COTTON CLOTH,M.T,27691,39604,140936,-13.05,-15.02,-13.33,Export,2023,Qtr 3,July,1
2166,TEXTILE GROUP,,COTTON CARDED OR COMBED,M.T,162,59,209,98.34,73.22,77.12,Export,2023,Qtr 3,July,1
2167,TEXTILE GROUP,,YARN OTHER THAN COTTON YARN,M.T,1164,925,3292,-28.46,-27.17,-25.72,Export,2023,Qtr 3,July,1
2168,TEXTILE GROUP,,KNITWEAR,TH.DOZ,19858,102439,364541,3.16,-8.82,-7.01,Export,2023,Qtr 3,July,1
2169,TEXTILE GROUP,,BED WEAR,M.T,34357,60953,216910,-10.8,-11.52,-9.77,Export,2023,Qtr 3,July,1
2170,TEXTILE GROUP,,TOWELS,M.T,15127,20448,72766,-17.78,-18.21,-16.58,Export,2023,Qtr 3,July,1
2171,TEXTILE GROUP,,"TENTS,CANVAS & TARPULIN",M.T,2826,2676,9523,-9.88,-22.86,-21.32,Export,2023,Qtr 3,July,1
2172,TEXTILE GROUP,,READYMADE GARMENTS,TH.DOZ,7025,77202,274733,-13.85,-15.7,-14.03,Export,2023,Qtr 3,July,1
2173,TEXTILE GROUP,,"ART,SILK & SYNTHETIC TEXTILE",M.T,5881,7353,26167,-21.17,-22.59,-21.06,Export,2023,Qtr 3,July,1
2174,TEXTILE GROUP,,MADEUP ARTICLES(EXCL TOWELS & BEDWEAR,,,14342,51039,,-12.38,-10.65,Export,2023,Qtr 3,July,1
2175,TEXTILE GROUP,,OTHER TEXTILE MATERIALS,,,15164,53961,,-5.68,-3.81,Export,2023,Qtr 3,July,1
2177,PETROLEUM GROUP & COAL,,PETROLEUM CRUDE,M.T,0,0,0,0,0,0,Export,2023,Qtr 3,July,1
2178,PETROLEUM GROUP & COAL,,PETROLEUM PRODUCTS(EXCL TOP NAPHTA),M.T,6409,723,2574,26.57,26.75,29.22,Export,2023,Qtr 3,July,1
2179,PETROLEUM GROUP & COAL,,PETROLEUM TOP NAPHTA,M.T,0,0,0,0,0,0,Export,2023,Qtr 3,July,1
2180,PETROLEUM GROUP & COAL,,SOLID FUELS (COAL),M.T,0,0,0,0,0,0,Export,2023,Qtr 3,July,1
2182,OTHER MANUFACTURES GROUP,,"CARPETS, RUGS & MATS",TH.SQM,195,1465,5214,-8.94,-2.85,-0.93,Export,2023,Qtr 3,July,1
2184,OTHER MANUFACTURES GROUP,SPORTS GOODS,FOOTBALLS,TH.DOZ,359,4374,15565,-18.41,-21.52,-19.96,Export,2023,Qtr 3,July,1
2185,OTHER MANUFACTURES GROUP,SPORTS GOODS,GLOVES,TH.DOZ,140,1042,3707,-24.32,-27.99,-26.56,Export,2023,Qtr 3,July,1
2186,OTHER MANUFACTURES GROUP,SPORTS GOODS,OTHERS,,,1917,6821,,-31.55,-30.19,Export,2023,Qtr 3,July,1
2187,OTHER MANUFACTURES GROUP,,LEATHER TANNED,M.T,824,2518,8960,-27.74,-36.3,-35.03,Export,2023,Qtr 3,July,1
2189,OTHER MANUFACTURES GROUP,LEATHER MANUFACTURES,LEATHER GARMENTS,TH.DOZ,190,6473,23033,-5,-11.69,-9.94,Export,2023,Qtr 3,July,1
2190,OTHER MANUFACTURES GROUP,LEATHER MANUFACTURES,LEATHER GLOVES,TH.DOZ,800,5842,20788,-27.01,-25.07,-23.59,Export,2023,Qtr 3,July,1
2191,OTHER MANUFACTURES GROUP,LEATHER MANUFACTURES,OTHER LEATHER MANUFACTURES,,,253,902,,-33.1,-31.77,Export,2023,Qtr 3,July,1
2193,OTHER MANUFACTURES GROUP,FOOTWEAR,LEATHER FOOTWEAR,TH.Pairs,606,2689,9570,-41.33,-36.62,-35.36,Export,2023,Qtr 3,July,1
2194,OTHER MANUFACTURES GROUP,FOOTWEAR,CANVAS FOOTWEAR,TH.Pairs,20,80,286,53.85,39.91,43,Export,2023,Qtr 3,July,1
2195,OTHER MANUFACTURES GROUP,FOOTWEAR,OTHER FOOTWEAR,TH.Pairs,930,460,1635,-43.57,-43.66,-42.55,Export,2023,Qtr 3,July,1
2196,OTHER MANUFACTURES GROUP,,SURGICAL GOODS & MEDICAL INSTRUMENTS,,,9548,33977,,-17.56,-15.92,Export,2023,Qtr 3,July,1
2197,OTHER MANUFACTURES GROUP,,CUTLERY,,,1215,4324,,-27.43,-25.98,Export,2023,Qtr 3,July,1
2198,OTHER MANUFACTURES GROUP,,ONYX MANUFACTURED,M.T,220,88,313,57.45,17.45,19.92,Export,2023,Qtr 3,July,1
2200,OTHER MANUFACTURES GROUP,CHEMICALS AND PHARM PRODUCTS,FERTILIZER MANUFACTURED,M.T,0,0,0,0,0,0,Export,2023,Qtr 3,July,1
2201,OTHER MANUFACTURES GROUP,CHEMICALS AND PHARM PRODUCTS,PLASTIC MATERIALS,M.T,19998,6076,21623,-14.08,-20.75,-19.17,Export,2023,Qtr 3,July,1
2202,OTHER MANUFACTURES GROUP,CHEMICALS AND PHARM PRODUCTS,PHARMACEUTICAL PRODUCTS,M.T,5125,7364,26205,15.95,17.25,19.58,Export,2023,Qtr 3,July,1
2203,OTHER MANUFACTURES GROUP,CHEMICALS AND PHARM PRODUCTS,OTHER CHEMICALS,,,15607,55539,,-2.07,-0.13,Export,2023,Qtr 3,July,1
2205,OTHER MANUFACTURES GROUP,ENGINEERING GOODS,ELECTRIC FANS,TH.NOS,128,648,2305,-35.77,-32.12,-30.78,Export,2023,Qtr 3,July,1
2206,OTHER MANUFACTURES GROUP,ENGINEERING GOODS,TRANSPORT EQUIPMENT,,,87,311,,-71.7,-71.1,Export,2023,Qtr 3,July,1
2207,OTHER MANUFACTURES GROUP,ENGINEERING GOODS,OTHER ELECTRICAL MACHINERY,,,1208,4299,,43.94,46.82,Export,2023,Qtr 3,July,1
2209,OTHER MANUFACTURES GROUP,ENGINEERING GOODS,MACHINERY SPECIALIZED FOR PARTICULAR INDUSTRIES,,,686,2442,,-62.63,-61.88,Export,2023,Qtr 3,July,1
2210,OTHER MANUFACTURES GROUP,ENGINEERING GOODS,AUTO PARTS & ACCESSORIES,,,505,1798,,-16.42,-14.75,Export,2023,Qtr 3,July,1
2211,OTHER MANUFACTURES GROUP,ENGINEERING GOODS,OTHER MACHINERY,,,1656,5891,,2.61,4.64,Export,2023,Qtr 3,July,1
2212,OTHER MANUFACTURES GROUP,,GEMS,K.G,350,170,605,45.83,-39.75,-38.58,Export,2023,Qtr 3,July,1
2213,OTHER MANUFACTURES GROUP,,JEWELLERY,,,208,740,,79.9,83.62,Export,2023,Qtr 3,July,1
2214,OTHER MANUFACTURES GROUP,,FURNITURE,TH.NOS,70,196,696,-23.91,-17.02,-15.43,Export,2023,Qtr 3,July,1
2215,OTHER MANUFACTURES GROUP,,MOLASSES,M.T,189,8,27,-99.41,-99.47,-99.46,Export,2023,Qtr 3,July,1
2216,OTHER MANUFACTURES GROUP,,HANDICRAFTS,,,0,0,,-100,-100,Export,2023,Qtr 3,July,1
2217,OTHER MANUFACTURES GROUP,,CEMENT,M.T,412020,4537,16145,-23.74,-25.65,-24.17,Export,2023,Qtr 3,July,1
2218,OTHER MANUFACTURES GROUP,,GUAR AND GUAR PRODUCTS,M.T,2143,935,3329,-27.03,-29.11,-27.69,Export,2023,Qtr 3,July,1
2219,OTHER MANUFACTURES GROUP,,ALL OTHER ITEMS,,,41445,147487,,-24.15,-22.64,Export,2023,Qtr 3,July,1
2223,FOOD GROUP,RICE,BASMATI,M.T,52306,17728,61860,-6.48,-7.05,-7.41,Export,2023,Qtr 2,June,1
2224,FOOD GROUP,RICE,OTHERS,M.T,148586,24487,85444,-22.27,-23.95,-24.24,Export,2023,Qtr 2,June,1
2225,FOOD GROUP,,FISH & FISH PREPARATIONS,M.T,18735,11361,39644,-15.15,-21.32,-21.62,Export,2023,Qtr 2,June,1
2226,FOOD GROUP,,FRUITS,M.T,47323,10127,35338,71.94,131.25,130.37,Export,2023,Qtr 2,June,1
2227,FOOD GROUP,,VEGETABLES,M.T,65887,4727,16493,-33.86,-23.97,-24.26,Export,2023,Qtr 2,June,1
2228,FOOD GROUP,,LEGUMINOUS VEGETABLES (PULSES),M.T,0,0,0,0,0,0,Export,2023,Qtr 2,June,1
2229,FOOD GROUP,,TOBACCO,M.T,580,372,1297,-81.41,-80.39,-80.47,Export,2023,Qtr 2,June,1
2230,FOOD GROUP,,WHEAT,M.T,0,0,0,0,0,0,Export,2023,Qtr 2,June,1
2231,FOOD GROUP,,SPICES,M.T,1985,2422,8452,35.64,41.8,41.27,Export,2023,Qtr 2,June,1
2232,FOOD GROUP,,"OIL SEEDS, NUTS AND KERNALS",M.T,1476,895,3124,-41.68,-11.32,-11.68,Export,2023,Qtr 2,June,1
2233,FOOD GROUP,,SUGAR,M.T,963,124,434,-49.13,-50.03,-50.23,Export,2023,Qtr 2,June,1
2234,FOOD GROUP,,MEAT AND MEAT PREPARATIONS,M.T,9926,11278,39354,0.68,-3.68,-4.05,Export,2023,Qtr 2,June,1
2235,FOOD GROUP,,ALL OTHER FOOD ITEMS,,,19924,69521,,18.32,17.86,Export,2023,Qtr 2,June,1
2237,TEXTILE GROUP,,RAW COTTON,M.T,32,12,43,-34.59,-36.36,-36.76,Export,2023,Qtr 2,June,1
2238,TEXTILE GROUP,,COTTON YARN,M.T,38463,30692,107097,8.54,7.13,6.72,Export,2023,Qtr 2,June,1
2239,TEXTILE GROUP,,COTTON CLOTH,M.T,31847,46601,162610,-6.83,-6.54,-6.9,Export,2023,Qtr 2,June,1
2240,TEXTILE GROUP,,COTTON CARDED OR COMBED,M.T,82,34,118,100,100,100,Export,2023,Qtr 2,June,1
2241,TEXTILE GROUP,,YARN OTHER THAN COTTON YARN,M.T,1628,1270,4432,10.88,1.78,1.4,Export,2023,Qtr 2,June,1
2242,TEXTILE GROUP,,KNITWEAR,TH.DOZ,19250,112348,392025,14.19,18.3,17.85,Export,2023,Qtr 2,June,1
2243,TEXTILE GROUP,,BED WEAR,M.T,38519,68891,240386,20.13,19.77,19.31,Export,2023,Qtr 2,June,1
2244,TEXTILE GROUP,,TOWELS,M.T,18398,24999,87231,8.3,0.1,-0.29,Export,2023,Qtr 2,June,1
2245,TEXTILE GROUP,,"TENTS,CANVAS & TARPULIN",M.T,3136,3469,12104,21.25,36.83,36.29,Export,2023,Qtr 2,June,1
2246,TEXTILE GROUP,,READYMADE GARMENTS,TH.DOZ,8154,91582,319563,16.25,19.84,19.38,Export,2023,Qtr 2,June,1
2247,TEXTILE GROUP,,"ART,SILK & SYNTHETIC TEXTILE",M.T,7461,9499,33147,-5.29,-8.15,-8.5,Export,2023,Qtr 2,June,1
2248,TEXTILE GROUP,,MADEUP ARTICLES(EXCL TOWELS & BEDWEAR,,,16370,57120,,13.94,13.5,Export,2023,Qtr 2,June,1
2249,TEXTILE GROUP,,OTHER TEXTILE MATERIALS,,,16077,56100,,-0.05,-0.44,Export,2023,Qtr 2,June,1
2251,PETROLEUM GROUP & COAL,,PETROLEUM CRUDE,M.T,0,0,0,0,0,0,Export,2023,Qtr 2,June,1
2252,PETROLEUM GROUP & COAL,,PETROLEUM PRODUCTS(EXCL TOP NAPHTA),M.T,5064,571,1992,-22.57,-15.17,-15.49,Export,2023,Qtr 2,June,1
2253,PETROLEUM GROUP & COAL,,PETROLEUM TOP NAPHTA,M.T,0,0,0,0,0,0,Export,2023,Qtr 2,June,1
2254,PETROLEUM GROUP & COAL,,SOLID FUELS (COAL),M.T,0,0,0,0,0,0,Export,2023,Qtr 2,June,1
2256,OTHER MANUFACTURES GROUP,,"CARPETS, RUGS & MATS",TH.SQM,214,1508,5263,29.78,29.21,28.71,Export,2023,Qtr 2,June,1
2258,OTHER MANUFACTURES GROUP,SPORTS GOODS,FOOTBALLS,TH.DOZ,440,5573,19446,-2.22,-8.34,-8.7,Export,2023,Qtr 2,June,1
2259,OTHER MANUFACTURES GROUP,SPORTS GOODS,GLOVES,TH.DOZ,185,1447,5048,21.71,28.28,27.8,Export,2023,Qtr 2,June,1
2260,OTHER MANUFACTURES GROUP,SPORTS GOODS,OTHERS,,,2800,9771,,50.57,49.98,Export,2023,Qtr 2,June,1
2261,OTHER MANUFACTURES GROUP,,LEATHER TANNED,M.T,1140,3952,13791,-3.12,6.41,6,Export,2023,Qtr 2,June,1
2263,OTHER MANUFACTURES GROUP,LEATHER MANUFACTURES,LEATHER GARMENTS,TH.DOZ,200,7329,25575,33.33,33.77,33.25,Export,2023,Qtr 2,June,1
2264,OTHER MANUFACTURES GROUP,LEATHER MANUFACTURES,LEATHER GLOVES,TH.DOZ,1096,7797,27205,42.34,43.71,43.15,Export,2023,Qtr 2,June,1
2265,OTHER MANUFACTURES GROUP,LEATHER MANUFACTURES,OTHER LEATHER MANUFACTURES,,,379,1322,,26.93,26.51,Export,2023,Qtr 2,June,1
2267,OTHER MANUFACTURES GROUP,FOOTWEAR,LEATHER FOOTWEAR,TH.Pairs,1033,4243,14806,50.72,54.1,53.51,Export,2023,Qtr 2,June,1
2268,OTHER MANUFACTURES GROUP,FOOTWEAR,CANVAS FOOTWEAR,TH.Pairs,13,57,200,-30.52,-29.48,-29.82,Export,2023,Qtr 2,June,1
2269,OTHER MANUFACTURES GROUP,FOOTWEAR,OTHER FOOTWEAR,TH.Pairs,1648,816,2846,27.34,21.23,20.75,Export,2023,Qtr 2,June,1
2270,OTHER MANUFACTURES GROUP,,SURGICAL GOODS & MEDICAL INSTRUMENTS,,,11581,40411,,30.79,30.29,Export,2023,Qtr 2,June,1
2271,OTHER MANUFACTURES GROUP,,CUTLERY,,,1674,5842,,21.48,21,Export,2023,Qtr 2,June,1
2272,OTHER MANUFACTURES GROUP,,ONYX MANUFACTURED,M.T,140,75,261,-38.6,-43.42,-43.75,Export,2023,Qtr 2,June,1
2274,OTHER MANUFACTURES GROUP,CHEMICALS AND PHARM PRODUCTS,FERTILIZER MANUFACTURED,M.T,0,0,0,0,0,0,Export,2023,Qtr 2,June,1
2275,OTHER MANUFACTURES GROUP,CHEMICALS AND PHARM PRODUCTS,PLASTIC MATERIALS,M.T,23275,7667,26752,-25.2,-23.35,-23.65,Export,2023,Qtr 2,June,1
2276,OTHER MANUFACTURES GROUP,CHEMICALS AND PHARM PRODUCTS,PHARMACEUTICAL PRODUCTS,M.T,4420,6280,21914,-14.09,-8.57,-8.92,Export,2023,Qtr 2,June,1
2277,OTHER MANUFACTURES GROUP,CHEMICALS AND PHARM PRODUCTS,OTHER CHEMICALS,,,15937,55611,,-19.67,-19.98,Export,2023,Qtr 2,June,1
2279,OTHER MANUFACTURES GROUP,ENGINEERING GOODS,ELECTRIC FANS,TH.NOS,200,954,3330,-20.53,-14.28,-14.62,Export,2023,Qtr 2,June,1
2280,OTHER MANUFACTURES GROUP,ENGINEERING GOODS,TRANSPORT EQUIPMENT,,,308,1076,,-68.61,-68.75,Export,2023,Qtr 2,June,1
2281,OTHER MANUFACTURES GROUP,ENGINEERING GOODS,OTHER ELECTRICAL MACHINERY,,,839,2928,,18.56,18.11,Export,2023,Qtr 2,June,1
2283,OTHER MANUFACTURES GROUP,ENGINEERING GOODS,MACHINERY SPECIALIZED FOR PARTICULAR INDUSTRIES,,,1836,6406,,69.72,69.07,Export,2023,Qtr 2,June,1
2284,OTHER MANUFACTURES GROUP,ENGINEERING GOODS,AUTO PARTS & ACCESSORIES,,,604,2109,,44.43,43.86,Export,2023,Qtr 2,June,1
2285,OTHER MANUFACTURES GROUP,ENGINEERING GOODS,OTHER MACHINERY,,,1613,5630,,-2.53,-2.9,Export,2023,Qtr 2,June,1
2286,OTHER MANUFACTURES GROUP,,GEMS,K.G,240,282,985,300,349.85,347.73,Export,2023,Qtr 2,June,1
2287,OTHER MANUFACTURES GROUP,,JEWELLERY,,,116,403,,-72.85,-72.97,Export,2023,Qtr 2,June,1
2288,OTHER MANUFACTURES GROUP,,FURNITURE,TH.NOS,92,236,823,31.43,40.69,40.2,Export,2023,Qtr 2,June,1
2289,OTHER MANUFACTURES GROUP,,MOLASSES,M.T,31923,1432,4997,20688.13,41421.66,41541.67,Export,2023,Qtr 2,June,1
2290,OTHER MANUFACTURES GROUP,,HANDICRAFTS,,,20,70,,-19.69,-19.54,Export,2023,Qtr 2,June,1
2291,OTHER MANUFACTURES GROUP,,CEMENT,M.T,540310,6102,21292,16.13,18.12,17.67,Export,2023,Qtr 2,June,1
2292,OTHER MANUFACTURES GROUP,,GUAR AND GUAR PRODUCTS,M.T,2937,1320,4604,3.7,4.02,3.6,Export,2023,Qtr 2,June,1
2293,OTHER MANUFACTURES GROUP,,ALL OTHER ITEMS,,,54639,190661,,5.42,5.02,Export,2023,Qtr 2,June,1
2297,FOOD GROUP,RICE,BASMATI,M.T,64274,19467,69475,45.62,46.37,39.3,Export,2023,Qtr 1,March,1
2298,FOOD GROUP,RICE,OTHERS,M.T,328344,48799,174157,-35.53,-17.36,-21.35,Export,2023,Qtr 1,March,1
2299,FOOD GROUP,,FISH & FISH PREPARATIONS,M.T,24759,15325,54694,33.49,49.95,42.71,Export,2023,Qtr 1,March,1
2300,FOOD GROUP,,FRUITS,M.T,26329,2795,9975,-61.85,-55.86,-57.99,Export,2023,Qtr 1,March,1
2301,FOOD GROUP,,VEGETABLES,M.T,207209,10245,36563,26.03,21.42,15.56,Export,2023,Qtr 1,March,1
2302,FOOD GROUP,,LEGUMINOUS VEGETABLES (PULSES),M.T,0,0,0,0,0,0,Export,2023,Qtr 1,March,1
2303,FOOD GROUP,,TOBACCO,M.T,2839,1529,5456,-18.62,-31.5,-34.8,Export,2023,Qtr 1,March,1
2304,FOOD GROUP,,WHEAT,M.T,0,0,0,0,0,0,Export,2023,Qtr 1,March,1
2305,FOOD GROUP,,SPICES,M.T,2170,2328,8310,7.12,11.9,6.5,Export,2023,Qtr 1,March,1
2306,FOOD GROUP,,"OIL SEEDS, NUTS AND KERNALS",M.T,68260,11762,41977,1307.63,303.55,284.05,Export,2023,Qtr 1,March,1
2307,FOOD GROUP,,SUGAR,M.T,129746,17389,62058,205.76,210.59,195.6,Export,2023,Qtr 1,March,1
2308,FOOD GROUP,,MEAT AND MEAT PREPARATIONS,M.T,11217,12732,45438,53.02,62.27,54.44,Export,2023,Qtr 1,March,1
2309,FOOD GROUP,,ALL OTHER FOOD ITEMS,,,22600,80657,,11.02,5.66,Export,2023,Qtr 1,March,1
2311,TEXTILE GROUP,,RAW COTTON,M.T,342,196,701,100,100,100,Export,2023,Qtr 1,March,1
2312,TEXTILE GROUP,,COTTON YARN,M.T,23479,19073,68069,24.34,28.64,22.43,Export,2023,Qtr 1,March,1
2313,TEXTILE GROUP,,COTTON CLOTH,M.T,29792,44260,157956,4.49,7.26,2.09,Export,2023,Qtr 1,March,1
2314,TEXTILE GROUP,,COTTON CARDED OR COMBED,M.T,12,7,26,0.4,22.66,18.18,Export,2023,Qtr 1,March,1
2315,TEXTILE GROUP,,YARN OTHER THAN COTTON YARN,M.T,1229,940,3356,-3.45,3.45,-1.53,Export,2023,Qtr 1,March,1
2316,TEXTILE GROUP,,KNITWEAR,TH.DOZ,16858,87269,311450,18.46,18.09,12.39,Export,2023,Qtr 1,March,1
2317,TEXTILE GROUP,,BED WEAR,M.T,31438,55154,196837,4.55,5.63,0.53,Export,2023,Qtr 1,March,1
2318,TEXTILE GROUP,,TOWELS,M.T,16575,22077,78791,2.37,-1.05,-5.82,Export,2023,Qtr 1,March,1
2319,TEXTILE GROUP,,"TENTS,CANVAS & TARPULIN",M.T,3957,4605,16434,28.04,41.43,34.59,Export,2023,Qtr 1,March,1
2320,TEXTILE GROUP,,READYMADE GARMENTS,TH.DOZ,6514,77456,276428,13.4,13.83,8.34,Export,2023,Qtr 1,March,1
2321,TEXTILE GROUP,,"ART,SILK & SYNTHETIC TEXTILE",M.T,8120,10186,36352,7.76,12.77,7.32,Export,2023,Qtr 1,March,1
2322,TEXTILE GROUP,,MADEUP ARTICLES(EXCL TOWELS & BEDWEAR,,,14010,49998,,5.67,0.57,Export,2023,Qtr 1,March,1
2323,TEXTILE GROUP,,OTHER TEXTILE MATERIALS,,,17206,61406,,9.03,3.77,Export,2023,Qtr 1,March,1
2325,PETROLEUM GROUP & COAL,,PETROLEUM CRUDE,M.T,0,0,0,-100,-100,-100,Export,2023,Qtr 1,March,1
2326,PETROLEUM GROUP & COAL,,PETROLEUM PRODUCTS(EXCL TOP NAPHTA),M.T,10549,930,3318,-75.95,-76.53,-77.66,Export,2023,Qtr 1,March,1
2327,PETROLEUM GROUP & COAL,,PETROLEUM TOP NAPHTA,M.T,0,0,0,0,0,0,Export,2023,Qtr 1,March,1
2328,PETROLEUM GROUP & COAL,,SOLID FUELS (COAL),M.T,0,0,0,-100,-100,-100,Export,2023,Qtr 1,March,1
2330,OTHER MANUFACTURES GROUP,,"CARPETS, RUGS & MATS",TH.SQM,250,1651,5891,31.58,33.03,26.61,Export,2023,Qtr 1,March,1
2332,OTHER MANUFACTURES GROUP,SPORTS GOODS,FOOTBALLS,TH.DOZ,480,6247,22294,41.18,43.14,36.24,Export,2023,Qtr 1,March,1
2333,OTHER MANUFACTURES GROUP,SPORTS GOODS,GLOVES,TH.DOZ,198,1400,4997,32,32.27,25.9,Export,2023,Qtr 1,March,1
2334,OTHER MANUFACTURES GROUP,SPORTS GOODS,OTHERS,,,2427,8662,,13.5,8.02,Export,2023,Qtr 1,March,1
2335,OTHER MANUFACTURES GROUP,,LEATHER TANNED,M.T,965,3616,12906,13.67,7.49,2.3,Export,2023,Qtr 1,March,1
2337,OTHER MANUFACTURES GROUP,LEATHER MANUFACTURES,LEATHER GARMENTS,TH.DOZ,131,4709,16805,-2.59,-1.93,-6.66,Export,2023,Qtr 1,March,1
2338,OTHER MANUFACTURES GROUP,LEATHER MANUFACTURES,LEATHER GLOVES,TH.DOZ,835,6408,22870,19.04,19.7,13.92,Export,2023,Qtr 1,March,1
2339,OTHER MANUFACTURES GROUP,LEATHER MANUFACTURES,OTHER LEATHER MANUFACTURES,,,298,1065,,30.21,23.84,Export,2023,Qtr 1,March,1
2341,OTHER MANUFACTURES GROUP,FOOTWEAR,LEATHER FOOTWEAR,TH.Pairs,780,2440,8706,-27.46,-25.89,-29.47,Export,2023,Qtr 1,March,1
2342,OTHER MANUFACTURES GROUP,FOOTWEAR,CANVAS FOOTWEAR,TH.Pairs,27,61,216,35,44.36,37.58,Export,2023,Qtr 1,March,1
2343,OTHER MANUFACTURES GROUP,FOOTWEAR,OTHER FOOTWEAR,TH.Pairs,3126,1434,5118,50.72,48.79,41.62,Export,2023,Qtr 1,March,1
2344,OTHER MANUFACTURES GROUP,,SURGICAL GOODS & MEDICAL INSTRUMENTS,,,10570,37724,,14.63,9.1,Export,2023,Qtr 1,March,1
2345,OTHER MANUFACTURES GROUP,,CUTLERY,,,1507,5377,,47.52,40.39,Export,2023,Qtr 1,March,1
2346,OTHER MANUFACTURES GROUP,,ONYX MANUFACTURED,M.T,105,60,216,-61.11,-60.11,-62.04,Export,2023,Qtr 1,March,1
2348,OTHER MANUFACTURES GROUP,CHEMICALS AND PHARM PRODUCTS,FERTILIZER MANUFACTURED,M.T,0,0,0,0,0,0,Export,2023,Qtr 1,March,1
2349,OTHER MANUFACTURES GROUP,CHEMICALS AND PHARM PRODUCTS,PLASTIC MATERIALS,M.T,22250,5980,21343,11.76,11.54,6.16,Export,2023,Qtr 1,March,1
2350,OTHER MANUFACTURES GROUP,CHEMICALS AND PHARM PRODUCTS,PHARMACEUTICAL PRODUCTS,M.T,4545,6999,24977,-15.93,-5.12,-9.7,Export,2023,Qtr 1,March,1
2351,OTHER MANUFACTURES GROUP,CHEMICALS AND PHARM PRODUCTS,OTHER CHEMICALS,,,21081,75233,,42.52,35.64,Export,2023,Qtr 1,March,1
2353,OTHER MANUFACTURES GROUP,ENGINEERING GOODS,ELECTRIC FANS,TH.NOS,295,981,3501,84.24,57.66,50,Export,2023,Qtr 1,March,1
2354,OTHER MANUFACTURES GROUP,ENGINEERING GOODS,TRANSPORT EQUIPMENT,,,359,1279,,2.5,-2.52,Export,2023,Qtr 1,March,1
2355,OTHER MANUFACTURES GROUP,ENGINEERING GOODS,OTHER ELECTRICAL MACHINERY,,,925,3301,,44.99,38,Export,2023,Qtr 1,March,1
2357,OTHER MANUFACTURES GROUP,ENGINEERING GOODS,MACHINERY SPECIALIZED FOR PARTICULAR INDUSTRIES,,,1444,5152,,136.55,125.17,Export,2023,Qtr 1,March,1
2358,OTHER MANUFACTURES GROUP,ENGINEERING GOODS,AUTO PARTS & ACCESSORIES,,,535,1910,,8.74,3.52,Export,2023,Qtr 1,March,1
2359,OTHER MANUFACTURES GROUP,ENGINEERING GOODS,OTHER MACHINERY,,,2416,8623,,56.85,49.26,Export,2023,Qtr 1,March,1
2360,OTHER MANUFACTURES GROUP,,GEMS,K.G,143,114,408,-0.8,38.76,32.04,Export,2023,Qtr 1,March,1
2361,OTHER MANUFACTURES GROUP,,JEWELLERY,,,26,91,,-60.22,-62.4,Export,2023,Qtr 1,March,1
2362,OTHER MANUFACTURES GROUP,,FURNITURE,TH.NOS,110,257,917,0,2.65,-2.34,Export,2023,Qtr 1,March,1
2363,OTHER MANUFACTURES GROUP,,MOLASSES,M.T,30038,1214,4332,16801.29,24413.12,22700,Export,2023,Qtr 1,March,1
2364,OTHER MANUFACTURES GROUP,,HANDICRAFTS,,,3,10,,78.9,66.67,Export,2023,Qtr 1,March,1
2365,OTHER MANUFACTURES GROUP,,CEMENT,M.T,436070,4973,17748,5.97,9.34,4.06,Export,2023,Qtr 1,March,1
2366,OTHER MANUFACTURES GROUP,,GUAR AND GUAR PRODUCTS,M.T,3161,1443,5149,10.84,22.26,16.36,Export,2023,Qtr 1,March,1
2367,OTHER MANUFACTURES GROUP,,ALL OTHER ITEMS,,,54809,195606,,23.59,17.62,Export,2023,Qtr 1,March,1
2371,FOOD GROUP,RICE,BASMATI,M.T,55930,19074,66811,-0.83,2.36,2.17,Export,2023,Qtr 2,May,1
2372,FOOD GROUP,RICE,OTHERS,M.T,191148,32197,112779,-30.26,-28.69,-28.83,Export,2023,Qtr 2,May,1
2373,FOOD GROUP,,FISH & FISH PREPARATIONS,M.T,22081,14439,50578,-6.76,-0.74,-0.93,Export,2023,Qtr 2,May,1
2374,FOOD GROUP,,FRUITS,M.T,27523,4379,15340,29.69,143.53,143.07,Export,2023,Qtr 2,May,1
2375,FOOD GROUP,,VEGETABLES,M.T,99618,6217,21777,-28.97,-17.59,-17.74,Export,2023,Qtr 2,May,1
2376,FOOD GROUP,,LEGUMINOUS VEGETABLES (PULSES),M.T,0,0,0,0,0,0,Export,2023,Qtr 2,May,1
2377,FOOD GROUP,,TOBACCO,M.T,3121,1896,6641,40.15,43.07,42.79,Export,2023,Qtr 2,May,1
2378,FOOD GROUP,,WHEAT,M.T,0,0,0,0,0,0,Export,2023,Qtr 2,May,1
2379,FOOD GROUP,,SPICES,M.T,1463,1708,5983,-17.48,-5.7,-5.88,Export,2023,Qtr 2,May,1
2380,FOOD GROUP,,"OIL SEEDS, NUTS AND KERNALS",M.T,2530,1010,3537,-85.53,-76.78,-76.82,Export,2023,Qtr 2,May,1
2381,FOOD GROUP,,SUGAR,M.T,1893,249,872,-95.35,-95.67,-95.67,Export,2023,Qtr 2,May,1
2382,FOOD GROUP,,MEAT AND MEAT PREPARATIONS,M.T,9859,11710,41017,-9.6,-7.89,-8.06,Export,2023,Qtr 2,May,1
2383,FOOD GROUP,,ALL OTHER FOOD ITEMS,,,16839,58985,,-8.24,-8.41,Export,2023,Qtr 2,May,1
2385,TEXTILE GROUP,,RAW COTTON,M.T,49,20,68,-73.5,-81.47,-81.62,Export,2023,Qtr 2,May,1
2386,TEXTILE GROUP,,COTTON YARN,M.T,35435,28650,100355,63.72,57.72,57.43,Export,2023,Qtr 2,May,1
2387,TEXTILE GROUP,,COTTON CLOTH,M.T,34181,49865,174666,21.67,19.3,19.07,Export,2023,Qtr 2,May,1
2388,TEXTILE GROUP,,COTTON CARDED OR COMBED,M.T,0,0,0,0,0,0,Export,2023,Qtr 2,May,1
2389,TEXTILE GROUP,,YARN OTHER THAN COTTON YARN,M.T,1468,1248,4371,19.24,29.38,29.13,Export,2023,Qtr 2,May,1
2390,TEXTILE GROUP,,KNITWEAR,TH.DOZ,16858,94969,332659,-2.49,3.58,3.39,Export,2023,Qtr 2,May,1
2391,TEXTILE GROUP,,BED WEAR,M.T,32064,57521,201485,-6.68,-7.42,-7.59,Export,2023,Qtr 2,May,1
2392,TEXTILE GROUP,,TOWELS,M.T,16987,24975,87483,5.23,10.12,9.91,Export,2023,Qtr 2,May,1
2393,TEXTILE GROUP,,"TENTS,CANVAS & TARPULIN",M.T,2586,2535,8881,-22.29,-37.31,-37.43,Export,2023,Qtr 2,May,1
2394,TEXTILE GROUP,,READYMADE GARMENTS,TH.DOZ,7014,76422,267692,7.91,8.4,8.19,Export,2023,Qtr 2,May,1
2395,TEXTILE GROUP,,"ART,SILK & SYNTHETIC TEXTILE",M.T,7878,10342,36226,12.3,8.39,8.19,Export,2023,Qtr 2,May,1
2396,TEXTILE GROUP,,MADEUP ARTICLES(EXCL TOWELS & BEDWEAR,,,14367,50326,,0.17,-0.03,Export,2023,Qtr 2,May,1
2397,TEXTILE GROUP,,OTHER TEXTILE MATERIALS,,,16086,56346,,4.92,4.72,Export,2023,Qtr 2,May,1
2399,PETROLEUM GROUP & COAL,,PETROLEUM CRUDE,M.T,0,0,0,0,0,0,Export,2023,Qtr 2,May,1
2400,PETROLEUM GROUP & COAL,,PETROLEUM PRODUCTS(EXCL TOP NAPHTA),M.T,6540,673,2357,17192.68,3681.12,3701.61,Export,2023,Qtr 2,May,1
2401,PETROLEUM GROUP & COAL,,PETROLEUM TOP NAPHTA,M.T,0,0,0,0,0,0,Export,2023,Qtr 2,May,1
2402,PETROLEUM GROUP & COAL,,SOLID FUELS (COAL),M.T,0,0,0,0,0,0,Export,2023,Qtr 2,May,1
2404,OTHER MANUFACTURES GROUP,,"CARPETS, RUGS & MATS",TH.SQM,165,1167,4089,-39.86,-39.75,-39.86,Export,2023,Qtr 2,May,1
2406,OTHER MANUFACTURES GROUP,SPORTS GOODS,FOOTBALLS,TH.DOZ,450,6080,21298,15.38,15.6,15.39,Export,2023,Qtr 2,May,1
2407,OTHER MANUFACTURES GROUP,SPORTS GOODS,GLOVES,TH.DOZ,152,1128,3950,-29.3,-28.09,-28.23,Export,2023,Qtr 2,May,1
2408,OTHER MANUFACTURES GROUP,SPORTS GOODS,OTHERS,,,1860,6515,,-24.94,-25.08,Export,2023,Qtr 2,May,1
2409,OTHER MANUFACTURES GROUP,,LEATHER TANNED,M.T,1177,3714,13010,26.43,-6.94,-7.12,Export,2023,Qtr 2,May,1
2411,OTHER MANUFACTURES GROUP,LEATHER MANUFACTURES,LEATHER GARMENTS,TH.DOZ,150,5479,19193,-0.66,1.1,0.9,Export,2023,Qtr 2,May,1
2412,OTHER MANUFACTURES GROUP,LEATHER MANUFACTURES,LEATHER GLOVES,TH.DOZ,770,5425,19004,-11.49,-11.43,-11.6,Export,2023,Qtr 2,May,1
2413,OTHER MANUFACTURES GROUP,LEATHER MANUFACTURES,OTHER LEATHER MANUFACTURES,,,298,1045,,-14.33,-14.55,Export,2023,Qtr 2,May,1
2415,OTHER MANUFACTURES GROUP,FOOTWEAR,LEATHER FOOTWEAR,TH.Pairs,686,2753,9645,4.91,26.8,26.56,Export,2023,Qtr 2,May,1
2416,OTHER MANUFACTURES GROUP,FOOTWEAR,CANVAS FOOTWEAR,TH.Pairs,19,81,285,59.3,112.19,111.11,Export,2023,Qtr 2,May,1
2417,OTHER MANUFACTURES GROUP,FOOTWEAR,OTHER FOOTWEAR,TH.Pairs,1294,673,2357,0.53,10.26,10.09,Export,2023,Qtr 2,May,1
2418,OTHER MANUFACTURES GROUP,,SURGICAL GOODS & MEDICAL INSTRUMENTS,,,8855,31016,,-22.76,-22.91,Export,2023,Qtr 2,May,1
2419,OTHER MANUFACTURES GROUP,,CUTLERY,,,1378,4828,,-17.34,-17.5,Export,2023,Qtr 2,May,1
2420,OTHER MANUFACTURES GROUP,,ONYX MANUFACTURED,M.T,228,132,464,25.62,12.5,12.35,Export,2023,Qtr 2,May,1
2422,OTHER MANUFACTURES GROUP,CHEMICALS AND PHARM PRODUCTS,FERTILIZER MANUFACTURED,M.T,0,0,0,0,0,0,Export,2023,Qtr 2,May,1
2423,OTHER MANUFACTURES GROUP,CHEMICALS AND PHARM PRODUCTS,PLASTIC MATERIALS,M.T,31116,10003,35037,44.23,40.35,40.09,Export,2023,Qtr 2,May,1
2424,OTHER MANUFACTURES GROUP,CHEMICALS AND PHARM PRODUCTS,PHARMACEUTICAL PRODUCTS,M.T,5145,6869,24060,10.65,-1.4,-1.59,Export,2023,Qtr 2,May,1
2425,OTHER MANUFACTURES GROUP,CHEMICALS AND PHARM PRODUCTS,OTHER CHEMICALS,,,19840,69497,,114.89,114.48,Export,2023,Qtr 2,May,1
2427,OTHER MANUFACTURES GROUP,ENGINEERING GOODS,ELECTRIC FANS,TH.NOS,252,1113,3900,-31.99,-12.54,-12.69,Export,2023,Qtr 2,May,1
2428,OTHER MANUFACTURES GROUP,ENGINEERING GOODS,TRANSPORT EQUIPMENT,,,983,3443,,28.76,28.52,Export,2023,Qtr 2,May,1
2429,OTHER MANUFACTURES GROUP,ENGINEERING GOODS,OTHER ELECTRICAL MACHINERY,,,708,2479,,1.01,0.81,Export,2023,Qtr 2,May,1
2431,OTHER MANUFACTURES GROUP,ENGINEERING GOODS,MACHINERY SPECIALIZED FOR PARTICULAR INDUSTRIES,,,1082,3789,,5.03,4.84,Export,2023,Qtr 2,May,1
2432,OTHER MANUFACTURES GROUP,ENGINEERING GOODS,AUTO PARTS & ACCESSORIES,,,419,1466,,4.34,4.12,Export,2023,Qtr 2,May,1
2433,OTHER MANUFACTURES GROUP,ENGINEERING GOODS,OTHER MACHINERY,,,1655,5798,,-4.25,-4.43,Export,2023,Qtr 2,May,1
2434,OTHER MANUFACTURES GROUP,,GEMS,K.G,60,63,220,-51.2,-36.47,-36.6,Export,2023,Qtr 2,May,1
2435,OTHER MANUFACTURES GROUP,,JEWELLERY,,,426,1491,,893.82,894,Export,2023,Qtr 2,May,1
2436,OTHER MANUFACTURES GROUP,,FURNITURE,TH.NOS,70,168,587,-26.32,-25.44,-25.6,Export,2023,Qtr 2,May,1
2437,OTHER MANUFACTURES GROUP,,MOLASSES,M.T,154,3,12,545.49,298.35,300,Export,2023,Qtr 2,May,1
2438,OTHER MANUFACTURES GROUP,,HANDICRAFTS,,,25,87,,100,100,Export,2023,Qtr 2,May,1
2439,OTHER MANUFACTURES GROUP,,CEMENT,M.T,465264,5166,18095,39.78,20.47,20.24,Export,2023,Qtr 2,May,1
2440,OTHER MANUFACTURES GROUP,,GUAR AND GUAR PRODUCTS,M.T,2833,1269,4444,-8.34,-4.38,-4.55,Export,2023,Qtr 2,May,1
2441,OTHER MANUFACTURES GROUP,,ALL OTHER ITEMS,,,51830,181548,,9.85,9.64,Export,2023,Qtr 2,May,1
2445,FOOD GROUP,RICE,BASMATI,M.T,53495,17429,61044,-3.72,-7.21,-8.88,Export,2023,Qtr 4,November,1
2446,FOOD GROUP,RICE,OTHERS,M.T,612524,99240,347574,51.88,49.1,46.41,Export,2023,Qtr 4,November,1
2447,FOOD GROUP,,FISH & FISH PREPARATIONS,M.T,18064,10860,38035,8.5,-5.05,-6.77,Export,2023,Qtr 4,November,1
2448,FOOD GROUP,,FRUITS,M.T,72437,5466,19144,19.81,-4.09,-5.82,Export,2023,Qtr 4,November,1
2449,FOOD GROUP,,VEGETABLES,M.T,64285,6174,21623,28.98,40.31,37.77,Export,2023,Qtr 4,November,1
2450,FOOD GROUP,,LEGUMINOUS VEGETABLES (PULSES),M.T,0,0,0,0,0,0,Export,2023,Qtr 4,November,1
2451,FOOD GROUP,,TOBACCO,M.T,1188,768,2689,-31.07,-35.6,-36.76,Export,2023,Qtr 4,November,1
2452,FOOD GROUP,,WHEAT,M.T,0,0,0,0,0,0,Export,2023,Qtr 4,November,1
2453,FOOD GROUP,,SPICES,M.T,3476,2978,10428,-2.3,-3.38,-5.13,Export,2023,Qtr 4,November,1
2454,FOOD GROUP,,"OIL SEEDS, NUTS AND KERNALS",M.T,29021,12414,43479,-61.26,-63.38,-64.04,Export,2023,Qtr 4,November,1
2455,FOOD GROUP,,SUGAR,M.T,0,0,0,0,0,0,Export,2023,Qtr 4,November,1
2456,FOOD GROUP,,MEAT AND MEAT PREPARATIONS,M.T,10490,12310,43114,7.21,10.87,8.87,Export,2023,Qtr 4,November,1
2457,FOOD GROUP,,ALL OTHER FOOD ITEMS,,,31137,109053,,3.79,1.91,Export,2023,Qtr 4,November,1
2459,TEXTILE GROUP,,RAW COTTON,M.T,8916,4679,16387,-1.57,-0.21,-2.02,Export,2023,Qtr 4,November,1
2460,TEXTILE GROUP,,COTTON YARN,M.T,32374,24473,85713,-2.31,-5.28,-7,Export,2023,Qtr 4,November,1
2461,TEXTILE GROUP,,COTTON CLOTH,M.T,27559,39274,137552,-16.57,-17.77,-19.25,Export,2023,Qtr 4,November,1
2462,TEXTILE GROUP,,COTTON CARDED OR COMBED,M.T,22,19,68,8.46,8.18,6.25,Export,2023,Qtr 4,November,1
2463,TEXTILE GROUP,,YARN OTHER THAN COTTON YARN,M.T,1281,985,3450,-1.85,-4.46,-6.17,Export,2023,Qtr 4,November,1
2464,TEXTILE GROUP,,KNITWEAR,TH.DOZ,20260,100765,352918,1.05,-3.13,-4.89,Export,2023,Qtr 4,November,1
2465,TEXTILE GROUP,,BED WEAR,M.T,34635,58701,205595,-14.19,-14.05,-15.61,Export,2023,Qtr 4,November,1
2466,TEXTILE GROUP,,TOWELS,M.T,16425,21287,74557,-17.27,-19.1,-20.56,Export,2023,Qtr 4,November,1
2467,TEXTILE GROUP,,"TENTS,CANVAS & TARPULIN",M.T,4532,3085,10805,19.59,5.29,3.39,Export,2023,Qtr 4,November,1
2468,TEXTILE GROUP,,READYMADE GARMENTS,TH.DOZ,8206,81960,287053,9.38,6.55,4.63,Export,2023,Qtr 4,November,1
2469,TEXTILE GROUP,,"ART,SILK & SYNTHETIC TEXTILE",M.T,6080,8231,28827,-17.24,-13.44,-15,Export,2023,Qtr 4,November,1
2470,TEXTILE GROUP,,MADEUP ARTICLES(EXCL TOWELS & BEDWEAR,,,16656,58334,,-7.37,-9.04,Export,2023,Qtr 4,November,1
2471,TEXTILE GROUP,,OTHER TEXTILE MATERIALS,,,16354,57277,,-7.33,-9,Export,2023,Qtr 4,November,1
2473,PETROLEUM GROUP & COAL,,PETROLEUM CRUDE,M.T,0,0,0,0,0,0,Export,2023,Qtr 4,November,1
2474,PETROLEUM GROUP & COAL,,PETROLEUM PRODUCTS(EXCL TOP NAPHTA),M.T,79976,10676,37391,100,100,100,Export,2023,Qtr 4,November,1
2475,PETROLEUM GROUP & COAL,,PETROLEUM TOP NAPHTA,M.T,10287,1923,6736,-62.52,-58.06,-58.82,Export,2023,Qtr 4,November,1
2476,PETROLEUM GROUP & COAL,,SOLID FUELS (COAL),M.T,0,0,0,0,0,0,Export,2023,Qtr 4,November,1
2478,OTHER MANUFACTURES GROUP,,"CARPETS, RUGS & MATS",TH.SQM,412,1961,6868,53.21,18.63,16.49,Export,2023,Qtr 4,November,1
2480,OTHER MANUFACTURES GROUP,SPORTS GOODS,FOOTBALLS,TH.DOZ,413,5214,18263,-11.37,-15.97,-17.49,Export,2023,Qtr 4,November,1
2481,OTHER MANUFACTURES GROUP,SPORTS GOODS,GLOVES,TH.DOZ,180,1162,4070,-25,-28.73,-30.02,Export,2023,Qtr 4,November,1
2482,OTHER MANUFACTURES GROUP,SPORTS GOODS,OTHERS,,,1883,6597,,-11.04,-12.65,Export,2023,Qtr 4,November,1
2483,OTHER MANUFACTURES GROUP,,LEATHER TANNED,M.T,695,3148,11026,-48.02,-14.46,-16.01,Export,2023,Qtr 4,November,1
2485,OTHER MANUFACTURES GROUP,LEATHER MANUFACTURES,LEATHER GARMENTS,TH.DOZ,128,5677,19882,-14.67,-10.14,-11.77,Export,2023,Qtr 4,November,1
2486,OTHER MANUFACTURES GROUP,LEATHER MANUFACTURES,LEATHER GLOVES,TH.DOZ,922,6753,23652,-0.32,-6.18,-7.88,Export,2023,Qtr 4,November,1
2487,OTHER MANUFACTURES GROUP,LEATHER MANUFACTURES,OTHER LEATHER MANUFACTURES,,,369,1291,,3.18,1.25,Export,2023,Qtr 4,November,1
2489,OTHER MANUFACTURES GROUP,FOOTWEAR,LEATHER FOOTWEAR,TH.Pairs,553,2032,7116,-19.95,-17.65,-19.14,Export,2023,Qtr 4,November,1
2490,OTHER MANUFACTURES GROUP,FOOTWEAR,CANVAS FOOTWEAR,TH.Pairs,9,53,187,-53.21,-50.35,-51.3,Export,2023,Qtr 4,November,1
2491,OTHER MANUFACTURES GROUP,FOOTWEAR,OTHER FOOTWEAR,TH.Pairs,1255,643,2251,-12,-16.1,-17.64,Export,2023,Qtr 4,November,1
2492,OTHER MANUFACTURES GROUP,,SURGICAL GOODS & MEDICAL INSTRUMENTS,,,11499,40273,,9.29,7.31,Export,2023,Qtr 4,November,1
2493,OTHER MANUFACTURES GROUP,,CUTLERY,,,1342,4701,,9.55,7.55,Export,2023,Qtr 4,November,1
2494,OTHER MANUFACTURES GROUP,,ONYX MANUFACTURED,M.T,101,95,333,-35.04,15.44,13.27,Export,2023,Qtr 4,November,1
2496,OTHER MANUFACTURES GROUP,CHEMICALS AND PHARM PRODUCTS,FERTILIZER MANUFACTURED,M.T,0,0,0,0,0,0,Export,2023,Qtr 4,November,1
2497,OTHER MANUFACTURES GROUP,CHEMICALS AND PHARM PRODUCTS,PLASTIC MATERIALS,M.T,28120,8248,28888,-1.62,-0.36,-2.16,Export,2023,Qtr 4,November,1
2498,OTHER MANUFACTURES GROUP,CHEMICALS AND PHARM PRODUCTS,PHARMACEUTICAL PRODUCTS,M.T,5012,6793,23793,-11.9,-10.35,-11.97,Export,2023,Qtr 4,November,1
2499,OTHER MANUFACTURES GROUP,CHEMICALS AND PHARM PRODUCTS,OTHER CHEMICALS,,,19435,68068,,-21.88,-23.29,Export,2023,Qtr 4,November,1
2501,OTHER MANUFACTURES GROUP,ENGINEERING GOODS,ELECTRIC FANS,TH.NOS,53,227,794,-40.94,-42.53,-43.57,Export,2023,Qtr 4,November,1
2502,OTHER MANUFACTURES GROUP,ENGINEERING GOODS,TRANSPORT EQUIPMENT,,,507,1776,,-38.21,-39.34,Export,2023,Qtr 4,November,1
2503,OTHER MANUFACTURES GROUP,ENGINEERING GOODS,OTHER ELECTRICAL MACHINERY,,,878,3075,,-30.89,-32.15,Export,2023,Qtr 4,November,1
2505,OTHER MANUFACTURES GROUP,ENGINEERING GOODS,MACHINERY SPECIALIZED FOR PARTICULAR INDUSTRIES,,,889,3115,,-31.34,-32.58,Export,2023,Qtr 4,November,1
2506,OTHER MANUFACTURES GROUP,ENGINEERING GOODS,AUTO PARTS & ACCESSORIES,,,399,1396,,-29.31,-30.58,Export,2023,Qtr 4,November,1
2507,OTHER MANUFACTURES GROUP,ENGINEERING GOODS,RUBBER TYRES & TUBES,TH.NOS,1516,2715,9510,25.49,21.85,19.64,Export,2023,Qtr 4,November,1
2508,OTHER MANUFACTURES GROUP,ENGINEERING GOODS,OTHER MACHINERY,,,2316,8113,,-1.87,-3.65,Export,2023,Qtr 4,November,1
2509,OTHER MANUFACTURES GROUP,,GEMS,K.G,151,122,426,39.24,23.12,21.02,Export,2023,Qtr 4,November,1
2510,OTHER MANUFACTURES GROUP,,JEWELLERY,,,304,1064,,128.59,124.47,Export,2023,Qtr 4,November,1
2511,OTHER MANUFACTURES GROUP,,FURNITURE,TH.NOS,45,182,636,-18.18,-6.11,-7.83,Export,2023,Qtr 4,November,1
2512,OTHER MANUFACTURES GROUP,,MOLASSES,M.T,65,3,12,169.6,66.64,71.43,Export,2023,Qtr 4,November,1
2513,OTHER MANUFACTURES GROUP,,HANDICRAFTS,,,15,54,,100,100,Export,2023,Qtr 4,November,1
2514,OTHER MANUFACTURES GROUP,,CEMENT,M.T,525281,5971,20911,-28.18,-19.35,-20.81,Export,2023,Qtr 4,November,1
2515,OTHER MANUFACTURES GROUP,,GUAR AND GUAR PRODUCTS,M.T,2681,1214,4253,-7.69,-8.74,-10.39,Export,2023,Qtr 4,November,1
2516,OTHER MANUFACTURES GROUP,,ALL OTHER ITEMS,,,54648,191396,,-4.5,-6.23,Export,2023,Qtr 4,November,1
2520,FOOD GROUP,RICE,BASMATI,M.T,55561,18783,66996,-0.04,-1.18,4.95,Export,2023,Qtr 4,October,1
2521,FOOD GROUP,RICE,OTHERS,M.T,403307,66558,237405,101.92,105.91,118.69,Export,2023,Qtr 4,October,1
2522,FOOD GROUP,,FISH & FISH PREPARATIONS,M.T,16648,11438,40797,-3.57,-12.15,-6.7,Export,2023,Qtr 4,October,1
2523,FOOD GROUP,,FRUITS,M.T,60461,5699,20327,6.22,-23.95,-19.23,Export,2023,Qtr 4,October,1
2524,FOOD GROUP,,VEGETABLES,M.T,49842,4400,15695,-25.24,-19.74,-14.76,Export,2023,Qtr 4,October,1
2525,FOOD GROUP,,LEGUMINOUS VEGETABLES (PULSES),M.T,0,0,0,-100,-100,-100,Export,2023,Qtr 4,October,1
2526,FOOD GROUP,,TOBACCO,M.T,1723,1192,4252,-13.79,-14.73,-9.44,Export,2023,Qtr 4,October,1
2527,FOOD GROUP,,WHEAT,M.T,0,0,0,0,0,0,Export,2023,Qtr 4,October,1
2528,FOOD GROUP,,SPICES,M.T,3558,3082,10992,-11.19,12.31,19.28,Export,2023,Qtr 4,October,1
2529,FOOD GROUP,,"OIL SEEDS, NUTS AND KERNALS",M.T,74917,33897,120908,-17.46,-27.21,-22.7,Export,2023,Qtr 4,October,1
2530,FOOD GROUP,,SUGAR,M.T,0,0,0,0,0,0,Export,2023,Qtr 4,October,1
2531,FOOD GROUP,,MEAT AND MEAT PREPARATIONS,M.T,9784,11103,39603,-1.08,-6.7,-0.91,Export,2023,Qtr 4,October,1
2532,FOOD GROUP,,ALL OTHER FOOD ITEMS,,,30001,107009,,1.84,8.15,Export,2023,Qtr 4,October,1
2534,TEXTILE GROUP,,RAW COTTON,M.T,9058,4689,16725,320.11,343.86,371.39,Export,2023,Qtr 4,October,1
2535,TEXTILE GROUP,,COTTON YARN,M.T,33140,25838,92160,-20.27,-23.59,-18.85,Export,2023,Qtr 4,October,1
2536,TEXTILE GROUP,,COTTON CLOTH,M.T,33033,47758,170348,-0.79,-7.96,-2.25,Export,2023,Qtr 4,October,1
2537,TEXTILE GROUP,,COTTON CARDED OR COMBED,M.T,20,18,64,-65.98,-41.77,-37.86,Export,2023,Qtr 4,October,1
2538,TEXTILE GROUP,,YARN OTHER THAN COTTON YARN,M.T,1306,1031,3677,19.14,0.57,6.8,Export,2023,Qtr 4,October,1
2539,TEXTILE GROUP,,KNITWEAR,TH.DOZ,20050,104025,371044,5.69,0.97,7.23,Export,2023,Qtr 4,October,1
2540,TEXTILE GROUP,,BED WEAR,M.T,40360,68298,243611,3.75,-1.35,4.77,Export,2023,Qtr 4,October,1
2541,TEXTILE GROUP,,TOWELS,M.T,19853,26312,93853,7.89,4.77,11.27,Export,2023,Qtr 4,October,1
2542,TEXTILE GROUP,,"TENTS,CANVAS & TARPULIN",M.T,3790,2930,10451,28.67,17.21,24.49,Export,2023,Qtr 4,October,1
2543,TEXTILE GROUP,,READYMADE GARMENTS,TH.DOZ,7502,76920,274363,1.17,3.1,9.5,Export,2023,Qtr 4,October,1
2544,TEXTILE GROUP,,"ART,SILK & SYNTHETIC TEXTILE",M.T,7346,9508,33916,14.16,13.15,20.17,Export,2023,Qtr 4,October,1
2545,TEXTILE GROUP,,MADEUP ARTICLES(EXCL TOWELS & BEDWEAR,,,17980,64133,,6.25,12.84,Export,2023,Qtr 4,October,1
2546,TEXTILE GROUP,,OTHER TEXTILE MATERIALS,,,17647,62944,,0.35,6.58,Export,2023,Qtr 4,October,1
2548,PETROLEUM GROUP & COAL,,PETROLEUM CRUDE,M.T,0,0,0,0,0,0,Export,2023,Qtr 4,October,1
2549,PETROLEUM GROUP & COAL,,PETROLEUM PRODUCTS(EXCL TOP NAPHTA),M.T,0,0,0,-100,-100,-100,Export,2023,Qtr 4,October,1
2550,PETROLEUM GROUP & COAL,,PETROLEUM TOP NAPHTA,M.T,27447,4586,16358,159.84,202.83,221.63,Export,2023,Qtr 4,October,1
2551,PETROLEUM GROUP & COAL,,SOLID FUELS (COAL),M.T,0,0,0,0,0,0,Export,2023,Qtr 4,October,1
2553,OTHER MANUFACTURES GROUP,,"CARPETS, RUGS & MATS",TH.SQM,269,1653,5896,50.6,36.6,45.08,Export,2023,Qtr 4,October,1
2555,OTHER MANUFACTURES GROUP,SPORTS GOODS,FOOTBALLS,TH.DOZ,466,6205,22134,8.62,6.7,13.32,Export,2023,Qtr 4,October,1
2556,OTHER MANUFACTURES GROUP,SPORTS GOODS,GLOVES,TH.DOZ,240,1630,5816,4.35,5.17,11.7,Export,2023,Qtr 4,October,1
2557,OTHER MANUFACTURES GROUP,SPORTS GOODS,OTHERS,,1978,2117,7552,,2.07,8.4,Export,2023,Qtr 4,October,1
2558,OTHER MANUFACTURES GROUP,,LEATHER TANNED,M.T,1338,3680,13128,25.54,1.41,7.71,Export,2023,Qtr 4,October,1
2560,OTHER MANUFACTURES GROUP,LEATHER MANUFACTURES,LEATHER GARMENTS,TH.DOZ,150,6318,22534,-17.58,-18.46,-13.4,Export,2023,Qtr 4,October,1
2561,OTHER MANUFACTURES GROUP,LEATHER MANUFACTURES,LEATHER GLOVES,TH.DOZ,925,7198,25675,-10.71,2.63,9,Export,2023,Qtr 4,October,1
2562,OTHER MANUFACTURES GROUP,LEATHER MANUFACTURES,OTHER LEATHER MANUFACTURES,,,357,1275,,2.77,9.16,Export,2023,Qtr 4,October,1
2564,OTHER MANUFACTURES GROUP,FOOTWEAR,LEATHER FOOTWEAR,TH.Pairs,691,2467,8800,0.1,-18.84,-13.8,Export,2023,Qtr 4,October,1
2565,OTHER MANUFACTURES GROUP,FOOTWEAR,CANVAS FOOTWEAR,TH.Pairs,20,108,384,24.95,43.79,52.99,Export,2023,Qtr 4,October,1
2566,OTHER MANUFACTURES GROUP,FOOTWEAR,OTHER FOOTWEAR,TH.Pairs,1426,766,2733,22.03,4.18,10.65,Export,2023,Qtr 4,October,1
2567,OTHER MANUFACTURES GROUP,,SURGICAL GOODS & MEDICAL INSTRUMENTS,,,10521,37529,,-9.2,-3.57,Export,2023,Qtr 4,October,1
2568,OTHER MANUFACTURES GROUP,,CUTLERY,,,1225,4371,,-14.93,-9.63,Export,2023,Qtr 4,October,1
2569,OTHER MANUFACTURES GROUP,,ONYX MANUFACTURED,M.T,155,82,294,34.98,-14.57,-9.26,Export,2023,Qtr 4,October,1
2571,OTHER MANUFACTURES GROUP,CHEMICALS AND PHARM PRODUCTS,FERTILIZER MANUFACTURED,M.T,0,0,0,0,0,0,Export,2023,Qtr 4,October,1
2572,OTHER MANUFACTURES GROUP,CHEMICALS AND PHARM PRODUCTS,PLASTIC MATERIALS,M.T,28582,8278,29526,-9.64,-10.16,-4.58,Export,2023,Qtr 4,October,1
2573,OTHER MANUFACTURES GROUP,CHEMICALS AND PHARM PRODUCTS,PHARMACEUTICAL PRODUCTS,M.T,5689,7577,27028,-14.13,-5.72,0.13,Export,2023,Qtr 4,October,1
2574,OTHER MANUFACTURES GROUP,CHEMICALS AND PHARM PRODUCTS,OTHER CHEMICALS,,,24877,88732,,17.78,25.09,Export,2023,Qtr 4,October,1
2576,OTHER MANUFACTURES GROUP,ENGINEERING GOODS,ELECTRIC FANS,TH.NOS,90,395,1407,-18.57,-36.21,-32.26,Export,2023,Qtr 4,October,1
2577,OTHER MANUFACTURES GROUP,ENGINEERING GOODS,TRANSPORT EQUIPMENT,,,821,2928,,22.4,30.02,Export,2023,Qtr 4,October,1
2578,OTHER MANUFACTURES GROUP,ENGINEERING GOODS,OTHER ELECTRICAL MACHINERY,,,1270,4532,,9.04,15.82,Export,2023,Qtr 4,October,1
2580,OTHER MANUFACTURES GROUP,ENGINEERING GOODS,MACHINERY SPECIALIZED FOR PARTICULAR INDUSTRIES,,,1295,4620,,18.66,26.02,Export,2023,Qtr 4,October,1
2581,OTHER MANUFACTURES GROUP,ENGINEERING GOODS,AUTO PARTS & ACCESSORIES,,,564,2011,,1.66,7.94,Export,2023,Qtr 4,October,1
2582,OTHER MANUFACTURES GROUP,ENGINEERING GOODS,RUBBER TYRES & TUBES,TH.NOS,1208,2228,7949,-10.11,2.86,9.25,Export,2023,Qtr 4,October,1
2583,OTHER MANUFACTURES GROUP,ENGINEERING GOODS,OTHER MACHINERY,,,2361,8420,,17.57,24.87,Export,2023,Qtr 4,October,1
2584,OTHER MANUFACTURES GROUP,,GEMS,K.G,109,99,352,-56.49,-26.32,-21.78,Export,2023,Qtr 4,October,1
2585,OTHER MANUFACTURES GROUP,,JEWELLERY,,,133,474,,-73.36,-71.7,Export,2023,Qtr 4,October,1
2586,OTHER MANUFACTURES GROUP,,FURNITURE,TH.NOS,55,193,690,-8.33,-18.53,-13.43,Export,2023,Qtr 4,October,1
2587,OTHER MANUFACTURES GROUP,,MOLASSES,M.T,24,2,7,-77.81,-13.3,-12.5,Export,2023,Qtr 4,October,1
2588,OTHER MANUFACTURES GROUP,,HANDICRAFTS,,0,0,0,,-100,-100,Export,2023,Qtr 4,October,1
2589,OTHER MANUFACTURES GROUP,,CEMENT,M.T,731380,7403,26405,5.53,-8.05,-2.35,Export,2023,Qtr 4,October,1
2590,OTHER MANUFACTURES GROUP,,GUAR AND GUAR PRODUCTS,M.T,2904,1331,4746,-4.13,-7.23,-1.47,Export,2023,Qtr 4,October,1
2591,OTHER MANUFACTURES GROUP,,ALL OTHER ITEMS,,,57224,204112,,-4.25,1.69,Export,2023,Qtr 4,October,1
2595,FOOD GROUP,RICE,BASMATI,M.T,55582,19008,63837,18.66,16.82,15.27,Export,2023,Qtr 3,September,1
2596,FOOD GROUP,RICE,OTHERS,M.T,199738,32324,108559,64.59,78.86,76.49,Export,2023,Qtr 3,September,1
2597,FOOD GROUP,,FISH & FISH PREPARATIONS,M.T,17264,13019,43726,68.36,117.67,114.79,Export,2023,Qtr 3,September,1
2598,FOOD GROUP,,FRUITS,M.T,56922,7493,25166,9.92,-8.11,-9.33,Export,2023,Qtr 3,September,1
2599,FOOD GROUP,,VEGETABLES,M.T,66665,5482,18413,-13.62,1.23,-0.11,Export,2023,Qtr 3,September,1
2600,FOOD GROUP,,LEGUMINOUS VEGETABLES (PULSES),M.T,71,19,64,182.6,221.36,220,Export,2023,Qtr 3,September,1
2601,FOOD GROUP,,TOBACCO,M.T,1999,1398,4695,19.75,55.18,53.13,Export,2023,Qtr 3,September,1
2602,FOOD GROUP,,WHEAT,M.T,0,0,0,0,0,0,Export,2023,Qtr 3,September,1
2603,FOOD GROUP,,SPICES,M.T,4006,2744,9215,54.62,17.67,16.1,Export,2023,Qtr 3,September,1
2604,FOOD GROUP,,"OIL SEEDS, NUTS AND KERNALS",M.T,90768,46571,156409,481.77,496.45,488.56,Export,2023,Qtr 3,September,1
2605,FOOD GROUP,,SUGAR,M.T,0,0,0,-100,-100,-100,Export,2023,Qtr 3,September,1
2606,FOOD GROUP,,MEAT AND MEAT PREPARATIONS,M.T,9891,11900,39965,2.54,6.16,4.75,Export,2023,Qtr 3,September,1
2607,FOOD GROUP,,ALL OTHER FOOD ITEMS,,,29460,98941,,-5.23,-6.48,Export,2023,Qtr 3,September,1
2609,TEXTILE GROUP,,RAW COTTON,M.T,2156,1056,3548,31.52,42.56,40.68,Export,2023,Qtr 3,September,1
2610,TEXTILE GROUP,,COTTON YARN,M.T,41563,33815,113567,7.44,9.81,8.36,Export,2023,Qtr 3,September,1
2611,TEXTILE GROUP,,COTTON CLOTH,M.T,33296,51891,174274,4.51,10.4,8.94,Export,2023,Qtr 3,September,1
2612,TEXTILE GROUP,,COTTON CARDED OR COMBED,M.T,60,31,103,-23.79,-26.39,-27.46,Export,2023,Qtr 3,September,1
2613,TEXTILE GROUP,,YARN OTHER THAN COTTON YARN,M.T,1096,1025,3443,-5.98,3.81,2.44,Export,2023,Qtr 3,September,1
2614,TEXTILE GROUP,,KNITWEAR,TH.DOZ,18970,103029,346022,-13.99,-12.61,-13.77,Export,2023,Qtr 3,September,1
2615,TEXTILE GROUP,,BED WEAR,M.T,38900,69234,232521,-7.8,-6.54,-7.78,Export,2023,Qtr 3,September,1
2616,TEXTILE GROUP,,TOWELS,M.T,18401,25116,84350,-1.67,-1.76,-3.07,Export,2023,Qtr 3,September,1
2617,TEXTILE GROUP,,"TENTS,CANVAS & TARPULIN",M.T,2945,2500,8395,12.88,-9.43,-10.63,Export,2023,Qtr 3,September,1
2618,TEXTILE GROUP,,READYMADE GARMENTS,TH.DOZ,7415,74608,250568,-10.16,-10.59,-11.78,Export,2023,Qtr 3,September,1
2619,TEXTILE GROUP,,"ART,SILK & SYNTHETIC TEXTILE",M.T,6435,8403,28223,-3.94,-1.15,-2.46,Export,2023,Qtr 3,September,1
2620,TEXTILE GROUP,,MADEUP ARTICLES(EXCL TOWELS & BEDWEAR,,,16922,56834,,-7.92,-9.14,Export,2023,Qtr 3,September,1
2621,TEXTILE GROUP,,OTHER TEXTILE MATERIALS,,,17584,59057,,1.26,-0.08,Export,2023,Qtr 3,September,1
2623,PETROLEUM GROUP & COAL,,PETROLEUM CRUDE,M.T,0,0,0,0,0,0,Export,2023,Qtr 3,September,1
2624,PETROLEUM GROUP & COAL,,PETROLEUM PRODUCTS(EXCL TOP NAPHTA),M.T,8,2,8,-99.89,-99.76,-99.77,Export,2023,Qtr 3,September,1
2625,PETROLEUM GROUP & COAL,,PETROLEUM TOP NAPHTA,M.T,10563,1514,5086,100,100,100,Export,2023,Qtr 3,September,1
2626,PETROLEUM GROUP & COAL,,SOLID FUELS (COAL),M.T,0,0,0,0,0,0,Export,2023,Qtr 3,September,1
2628,OTHER MANUFACTURES GROUP,,"CARPETS, RUGS & MATS",TH.SQM,179,1210,4064,-28.56,-33.41,-34.29,Export,2023,Qtr 3,September,1
2630,OTHER MANUFACTURES GROUP,SPORTS GOODS,FOOTBALLS,TH.DOZ,429,5816,19532,-7.34,-1.83,-3.13,Export,2023,Qtr 3,September,1
2631,OTHER MANUFACTURES GROUP,SPORTS GOODS,GLOVES,TH.DOZ,230,1550,5207,-11.54,-7.79,-9,Export,2023,Qtr 3,September,1
2632,OTHER MANUFACTURES GROUP,SPORTS GOODS,OTHERS,,,2074,6967,,-5.42,-6.67,Export,2023,Qtr 3,September,1
2633,OTHER MANUFACTURES GROUP,,LEATHER TANNED,M.T,1066,3629,12188,23.48,16.17,14.64,Export,2023,Qtr 3,September,1
2635,OTHER MANUFACTURES GROUP,LEATHER MANUFACTURES,LEATHER GARMENTS,TH.DOZ,182,7747,26020,-1.62,-0.44,-1.76,Export,2023,Qtr 3,September,1
2636,OTHER MANUFACTURES GROUP,LEATHER MANUFACTURES,LEATHER GLOVES,TH.DOZ,1036,7014,23556,9.05,4.27,2.89,Export,2023,Qtr 3,September,1
2637,OTHER MANUFACTURES GROUP,LEATHER MANUFACTURES,OTHER LEATHER MANUFACTURES,,,348,1168,,23.1,21.54,Export,2023,Qtr 3,September,1
2639,OTHER MANUFACTURES GROUP,FOOTWEAR,LEATHER FOOTWEAR,TH.Pairs,691,3040,10209,-26.76,-25.89,-26.87,Export,2023,Qtr 3,September,1
2640,OTHER MANUFACTURES GROUP,FOOTWEAR,CANVAS FOOTWEAR,TH.Pairs,16,75,251,-18.8,-12.04,-13.45,Export,2023,Qtr 3,September,1
2641,OTHER MANUFACTURES GROUP,FOOTWEAR,OTHER FOOTWEAR,TH.Pairs,1169,735,2470,-5.72,-0.62,-1.95,Export,2023,Qtr 3,September,1
2642,OTHER MANUFACTURES GROUP,,SURGICAL GOODS & MEDICAL INSTRUMENTS,,,11588,38917,,9.46,8.01,Export,2023,Qtr 3,September,1
2643,OTHER MANUFACTURES GROUP,,CUTLERY,,,1440,4837,,-5.01,-6.28,Export,2023,Qtr 3,September,1
2644,OTHER MANUFACTURES GROUP,,ONYX MANUFACTURED,M.T,115,96,324,-52.01,-25.57,-26.53,Export,2023,Qtr 3,September,1
2646,OTHER MANUFACTURES GROUP,CHEMICALS AND PHARM PRODUCTS,FERTILIZER MANUFACTURED,M.T,0,0,0,0,0,0,Export,2023,Qtr 3,September,1
2647,OTHER MANUFACTURES GROUP,CHEMICALS AND PHARM PRODUCTS,PLASTIC MATERIALS,M.T,31630,9214,30944,-12.36,-8.39,-9.61,Export,2023,Qtr 3,September,1
2648,OTHER MANUFACTURES GROUP,CHEMICALS AND PHARM PRODUCTS,PHARMACEUTICAL PRODUCTS,M.T,6625,8037,26992,32.5,-0.9,-2.21,Export,2023,Qtr 3,September,1
2649,OTHER MANUFACTURES GROUP,CHEMICALS AND PHARM PRODUCTS,OTHER CHEMICALS,,,21121,70933,,-5.67,-6.92,Export,2023,Qtr 3,September,1
2651,OTHER MANUFACTURES GROUP,ENGINEERING GOODS,ELECTRIC FANS,TH.NOS,110,618,2077,7.05,8.26,6.84,Export,2023,Qtr 3,September,1
2652,OTHER MANUFACTURES GROUP,ENGINEERING GOODS,TRANSPORT EQUIPMENT,,,671,2252,,32.39,30.63,Export,2023,Qtr 3,September,1
2653,OTHER MANUFACTURES GROUP,ENGINEERING GOODS,OTHER ELECTRICAL MACHINERY,,,1165,3913,,-42.95,-43.71,Export,2023,Qtr 3,September,1
2655,OTHER MANUFACTURES GROUP,ENGINEERING GOODS,MACHINERY SPECIALIZED FOR PARTICULAR INDUSTRIES,,,1092,3666,,13.56,12.04,Export,2023,Qtr 3,September,1
2656,OTHER MANUFACTURES GROUP,ENGINEERING GOODS,AUTO PARTS & ACCESSORIES,,,555,1863,,26.66,25.03,Export,2023,Qtr 3,September,1
2657,OTHER MANUFACTURES GROUP,ENGINEERING GOODS,OTHER MACHINERY,,,2008,6743,,15.82,14.27,Export,2023,Qtr 3,September,1
2658,OTHER MANUFACTURES GROUP,,GEMS,K.G,250,134,450,78.57,83.83,81.45,Export,2023,Qtr 3,September,1
2659,OTHER MANUFACTURES GROUP,,JEWELLERY,,,499,1675,,294.97,289.53,Export,2023,Qtr 3,September,1
2660,OTHER MANUFACTURES GROUP,,FURNITURE,TH.NOS,60,237,797,-20,-1.31,-2.69,Export,2023,Qtr 3,September,1
2661,OTHER MANUFACTURES GROUP,,MOLASSES,M.T,109,2,8,-99.55,-99.78,-99.78,Export,2023,Qtr 3,September,1
2662,OTHER MANUFACTURES GROUP,,HANDICRAFTS,,,18,61,,-27.34,-28.24,Export,2023,Qtr 3,September,1
2663,OTHER MANUFACTURES GROUP,,CEMENT,M.T,693023,8051,27041,21.72,16.63,15.09,Export,2023,Qtr 3,September,1
2664,OTHER MANUFACTURES GROUP,,GUAR AND GUAR PRODUCTS,M.T,3029,1434,4817,31.3,41.07,39.22,Export,2023,Qtr 3,September,1
2665,OTHER MANUFACTURES GROUP,,ALL OTHER ITEMS,,,59925,201256,,17.09,15.54,Export,2023,Qtr 3,September,1
2669,FOOD GROUP,RICE,BASMATI,M.T,66863,21378,76861,-8.31,-7.53,-7.34,Export,2024,Qtr 2,April,1
2670,FOOD GROUP,RICE,OTHERS,M.T,463035,76438,274815,-16.02,-17,-16.84,Export,2024,Qtr 2,April,1
2671,FOOD GROUP,,FISH & FISH PREPARATIONS,M.T,21674,12123,43586,15.85,17.77,18,Export,2024,Qtr 2,April,1
2672,FOOD GROUP,,FRUITS,M.T,22815,2270,8161,-65.79,-58.51,-58.42,Export,2024,Qtr 2,April,1
2673,FOOD GROUP,,VEGETABLES,M.T,127528,9097,32707,-33.88,-46.62,-46.52,Export,2024,Qtr 2,April,1
2674,FOOD GROUP,,LEGUMINOUS VEGETABLES (PULSES),M.T,0,0,0,-100,-100,-100,Export,2024,Qtr 2,April,1
2675,FOOD GROUP,,TOBACCO,M.T,506,220,792,32.41,-13.97,-13.82,Export,2024,Qtr 2,April,1
2676,FOOD GROUP,,WHEAT,M.T,0,0,0,0,0,0,Export,2024,Qtr 2,April,1
2677,FOOD GROUP,,SPICES,M.T,1964,1892,6801,-22.96,-23.63,-23.49,Export,2024,Qtr 2,April,1
2678,FOOD GROUP,,"OIL SEEDS, NUTS AND KERNALS",M.T,4226,1491,5361,-10.36,-13.11,-12.94,Export,2024,Qtr 2,April,1
2679,FOOD GROUP,,SUGAR,M.T,0,0,0,0,0,0,Export,2024,Qtr 2,April,1
2680,FOOD GROUP,,MEAT AND MEAT PREPARATIONS,M.T,10926,12090,43468,-17.26,-21.4,-21.23,Export,2024,Qtr 2,April,1
2681,FOOD GROUP,,ALL OTHER FOOD ITEMS,,,21674,77926,,-12.61,-12.44,Export,2024,Qtr 2,April,1
2683,TEXTILE GROUP,,RAW COTTON,M.T,0,0,0,-100,-100,-100,Export,2024,Qtr 2,April,1
2684,TEXTILE GROUP,,COTTON YARN,M.T,19525,15052,54115,28.58,24.15,24.4,Export,2024,Qtr 2,April,1
2685,TEXTILE GROUP,,COTTON CLOTH,M.T,25375,37556,135023,-19.44,-17.33,-17.16,Export,2024,Qtr 2,April,1
2686,TEXTILE GROUP,,COTTON CARDED OR COMBED,M.T,50,24,85,-10.71,-12.28,-13.27,Export,2024,Qtr 2,April,1
2687,TEXTILE GROUP,,YARN OTHER THAN COTTON YARN,M.T,803,599,2154,-3.5,-10.06,-9.84,Export,2024,Qtr 2,April,1
2688,TEXTILE GROUP,,KNITWEAR,TH.DOZ,20676,90772,326352,-4.18,-3.28,-3.08,Export,2024,Qtr 2,April,1
2689,TEXTILE GROUP,,BED WEAR,M.T,34915,56332,202529,-6.06,-6.1,-5.91,Export,2024,Qtr 2,April,1
2690,TEXTILE GROUP,,TOWELS,M.T,17107,22459,80748,-14.42,-13.4,-13.22,Export,2024,Qtr 2,April,1
2691,TEXTILE GROUP,,"TENTS,CANVAS & TARPULIN",M.T,2481,2579,9273,-19.85,-17.96,-17.79,Export,2024,Qtr 2,April,1
2692,TEXTILE GROUP,,READYMADE GARMENTS,TH.DOZ,6309,81020,291288,-0.25,1.21,1.41,Export,2024,Qtr 2,April,1
2693,TEXTILE GROUP,,"ART,SILK & SYNTHETIC TEXTILE",M.T,6250,7742,27836,-11.65,-8.31,-8.13,Export,2024,Qtr 2,April,1
2694,TEXTILE GROUP,,MADEUP ARTICLES(EXCL TOWELS & BEDWEAR,,,14843,53364,,-9.34,-9.16,Export,2024,Qtr 2,April,1
2695,TEXTILE GROUP,,OTHER TEXTILE MATERIALS,,,15172,54549,,-6.76,-6.57,Export,2024,Qtr 2,April,1
2697,PETROLEUM GROUP & COAL,,PETROLEUM CRUDE,M.T,0,0,0,0,0,0,Export,2024,Qtr 2,April,1
2698,PETROLEUM GROUP & COAL,,PETROLEUM PRODUCTS(EXCL TOP NAPHTA),M.T,55087,7096,25513,1134.02,1449.37,1453.78,Export,2024,Qtr 2,April,1
2699,PETROLEUM GROUP & COAL,,PETROLEUM TOP NAPHTA,M.T,0,0,0,-100,-100,-100,Export,2024,Qtr 2,April,1
2700,PETROLEUM GROUP & COAL,,SOLID FUELS (COAL),M.T,0,0,0,0,0,0,Export,2024,Qtr 2,April,1
2702,OTHER MANUFACTURES GROUP,,"CARPETS, RUGS & MATS",TH.SQM,255,1438,5169,15.18,40.68,40.92,Export,2024,Qtr 2,April,1
2704,OTHER MANUFACTURES GROUP,SPORTS GOODS,FOOTBALLS,TH.DOZ,480,7310,26282,6.67,7.82,8.04,Export,2024,Qtr 2,April,1
2705,OTHER MANUFACTURES GROUP,SPORTS GOODS,GLOVES,TH.DOZ,700,1247,4485,21.95,18.01,18.21,Export,2024,Qtr 2,April,1
2706,OTHER MANUFACTURES GROUP,SPORTS GOODS,OTHERS,,,1942,6982,,-4.47,-4.28,Export,2024,Qtr 2,April,1
2707,OTHER MANUFACTURES GROUP,,LEATHER TANNED,M.T,1014,3470,12475,30.03,0.48,0.69,Export,2024,Qtr 2,April,1
2709,OTHER MANUFACTURES GROUP,LEATHER MANUFACTURES,LEATHER GARMENTS,TH.DOZ,139,4429,15924,9.45,11.85,12.07,Export,2024,Qtr 2,April,1
2710,OTHER MANUFACTURES GROUP,LEATHER MANUFACTURES,LEATHER GLOVES,TH.DOZ,810,6972,25066,9.91,8.62,8.84,Export,2024,Qtr 2,April,1
2711,OTHER MANUFACTURES GROUP,LEATHER MANUFACTURES,OTHER LEATHER MANUFACTURES,,,299,1076,,-6.77,-6.6,Export,2024,Qtr 2,April,1
2713,OTHER MANUFACTURES GROUP,FOOTWEAR,LEATHER FOOTWEAR,TH.Pairs,496,1968,7077,-17.82,-17.26,-17.1,Export,2024,Qtr 2,April,1
2714,OTHER MANUFACTURES GROUP,FOOTWEAR,CANVAS FOOTWEAR,TH.Pairs,24,136,488,20.6,56.14,56.91,Export,2024,Qtr 2,April,1
2715,OTHER MANUFACTURES GROUP,FOOTWEAR,OTHER FOOTWEAR,TH.Pairs,929,656,2357,-40.8,-48.34,-48.23,Export,2024,Qtr 2,April,1
2716,OTHER MANUFACTURES GROUP,,SURGICAL GOODS & MEDICAL INSTRUMENTS,,,9769,35121,,-12.82,-12.64,Export,2024,Qtr 2,April,1
2717,OTHER MANUFACTURES GROUP,,CUTLERY,,,1249,4490,,-21.55,-21.41,Export,2024,Qtr 2,April,1
2718,OTHER MANUFACTURES GROUP,,ONYX MANUFACTURED,M.T,126,106,380,10.33,10.05,10.14,Export,2024,Qtr 2,April,1
2720,OTHER MANUFACTURES GROUP,CHEMICALS AND PHARM PRODUCTS,FERTILIZER MANUFACTURED,M.T,0,0,0,0,0,0,Export,2024,Qtr 2,April,1
2721,OTHER MANUFACTURES GROUP,CHEMICALS AND PHARM PRODUCTS,PLASTIC MATERIALS,M.T,26518,8429,30305,-21.37,-16.69,-16.52,Export,2024,Qtr 2,April,1
2722,OTHER MANUFACTURES GROUP,CHEMICALS AND PHARM PRODUCTS,PHARMACEUTICAL PRODUCTS,M.T,7104,8212,29523,-34.44,-22.62,-22.47,Export,2024,Qtr 2,April,1
2723,OTHER MANUFACTURES GROUP,CHEMICALS AND PHARM PRODUCTS,OTHER CHEMICALS,,,14667,52732,,-12.1,-11.92,Export,2024,Qtr 2,April,1
2725,OTHER MANUFACTURES GROUP,ENGINEERING GOODS,ELECTRIC FANS,TH.NOS,262,1041,3744,5.04,-4.39,-4.2,Export,2024,Qtr 2,April,1
2726,OTHER MANUFACTURES GROUP,ENGINEERING GOODS,TRANSPORT EQUIPMENT,,,752,2704,,5.92,6.16,Export,2024,Qtr 2,April,1
2727,OTHER MANUFACTURES GROUP,ENGINEERING GOODS,OTHER ELECTRICAL MACHINERY,,,1075,3864,,-37.8,-37.68,Export,2024,Qtr 2,April,1
2729,OTHER MANUFACTURES GROUP,ENGINEERING GOODS,MACHINERY SPECIALIZED FOR PARTICULAR INDUSTRIES,,,1341,4820,,52.88,53.11,Export,2024,Qtr 2,April,1
2730,OTHER MANUFACTURES GROUP,ENGINEERING GOODS,AUTO PARTS & ACCESSORIES,,,512,1841,,-16.62,-16.47,Export,2024,Qtr 2,April,1
2731,OTHER MANUFACTURES GROUP,ENGINEERING GOODS,RUBBER TYRES & TUBES,TH.NOS,1689,2245,8072,-4.03,-2.34,-2.13,Export,2024,Qtr 2,April,1
2732,OTHER MANUFACTURES GROUP,ENGINEERING GOODS,OTHER MACHINERY,,,1624,5839,,-11.01,-10.84,Export,2024,Qtr 2,April,1
2733,OTHER MANUFACTURES GROUP,,GEMS,K.G,30,51,184,-11.76,-33.51,-33.57,Export,2024,Qtr 2,April,1
2734,OTHER MANUFACTURES GROUP,,JEWELLERY,,,50,181,,-81.23,-81.19,Export,2024,Qtr 2,April,1
2735,OTHER MANUFACTURES GROUP,,FURNITURE,TH.NOS,89,96,346,-16.54,-35.83,-35.93,Export,2024,Qtr 2,April,1
2736,OTHER MANUFACTURES GROUP,,MOLASSES,M.T,42659,2099,7547,-17.34,-20.19,-20.04,Export,2024,Qtr 2,April,1
2737,OTHER MANUFACTURES GROUP,,HANDICRAFTS,,,0,0,,0,0,Export,2024,Qtr 2,April,1
2738,OTHER MANUFACTURES GROUP,,CEMENT,M.T,663426,6974,25074,69.26,60.69,61.02,Export,2024,Qtr 2,April,1
2739,OTHER MANUFACTURES GROUP,,GUAR AND GUAR PRODUCTS,M.T,1705,801,2878,-30.86,-27.35,-27.19,Export,2024,Qtr 2,April,1
2740,OTHER MANUFACTURES GROUP,,ALL OTHER ITEMS,,,53346,191793,,-9.72,-9.53,Export,2024,Qtr 2,April,1
2744,FOOD GROUP,RICE,BASMATI,M.T,95646,27876,100079,4.68,8.21,8.16,Export,2024,Qtr 3,August,1
2745,FOOD GROUP,RICE,OTHERS,M.T,251413,44244,158843,40.74,40.38,40.3,Export,2024,Qtr 3,August,1
2746,FOOD GROUP,,FISH & FISH PREPARATIONS,M.T,7905,4506,16178,-18.61,-14.48,-14.53,Export,2024,Qtr 3,August,1
2747,FOOD GROUP,,FRUITS,M.T,41896,8405,30176,-20.17,-25.19,-25.23,Export,2024,Qtr 3,August,1
2748,FOOD GROUP,,VEGETABLES,M.T,72602,6196,22244,-14.79,-22.95,-22.99,Export,2024,Qtr 3,August,1
2749,FOOD GROUP,,LEGUMINOUS VEGETABLES (PULSES),M.T,0,0,0,0,0,0,Export,2024,Qtr 3,August,1
2750,FOOD GROUP,,TOBACCO,M.T,4651,5446,19553,2483.89,4256.93,4245.11,Export,2024,Qtr 3,August,1
2751,FOOD GROUP,,WHEAT,M.T,0,0,0,0,0,0,Export,2024,Qtr 3,August,1
2752,FOOD GROUP,,SPICES,M.T,2298,2215,7953,12.54,45.64,45.61,Export,2024,Qtr 3,August,1
2753,FOOD GROUP,,"OIL SEEDS, NUTS AND KERNALS",M.T,15404,5400,19385,199.22,235.17,234.97,Export,2024,Qtr 3,August,1
2754,FOOD GROUP,,SUGAR,M.T,46990,7956,28562,0,0,0,Export,2024,Qtr 3,August,1
2755,FOOD GROUP,,MEAT AND MEAT PREPARATIONS,M.T,9192,10692,38385,9.32,4.23,4.17,Export,2024,Qtr 3,August,1
2756,FOOD GROUP,,ALL OTHER FOOD ITEMS,,,26404,94793,,-13.3,-13.34,Export,2024,Qtr 3,August,1
2758,TEXTILE GROUP,,RAW COTTON,M.T,0,0,0,0,0,0,Export,2024,Qtr 3,August,1
2759,TEXTILE GROUP,,COTTON YARN,M.T,19845,15275,54838,-2.87,-1.58,-1.64,Export,2024,Qtr 3,August,1
2760,TEXTILE GROUP,,COTTON CLOTH,M.T,33665,50835,182506,27.4,30.29,30.22,Export,2024,Qtr 3,August,1
2761,TEXTILE GROUP,,COTTON CARDED OR COMBED,M.T,0,0,0,0,0,0,Export,2024,Qtr 3,August,1
2762,TEXTILE GROUP,,YARN OTHER THAN COTTON YARN,M.T,1277,946,3396,35.38,33.02,32.86,Export,2024,Qtr 3,August,1
2763,TEXTILE GROUP,,KNITWEAR,TH.DOZ,22252,128937,462903,21.58,29.49,29.42,Export,2024,Qtr 3,August,1
2764,TEXTILE GROUP,,BED WEAR,M.T,48724,80901,290448,38.24,35.6,35.53,Export,2024,Qtr 3,August,1
2765,TEXTILE GROUP,,TOWELS,M.T,21061,28041,100673,44.55,43.71,43.63,Export,2024,Qtr 3,August,1
2766,TEXTILE GROUP,,"TENTS,CANVAS & TARPULIN",M.T,2567,2423,8700,-16.82,-19.97,-20.01,Export,2024,Qtr 3,August,1
2767,TEXTILE GROUP,,READYMADE GARMENTS,TH.DOZ,6657,101124,363050,16.04,22.95,22.88,Export,2024,Qtr 3,August,1
2768,TEXTILE GROUP,,"ART,SILK & SYNTHETIC TEXTILE",M.T,7385,9470,33999,19.52,24.85,24.79,Export,2024,Qtr 3,August,1
2769,TEXTILE GROUP,,MADEUP ARTICLES(EXCL TOWELS & BEDWEAR,,,19868,71328,,48.5,48.42,Export,2024,Qtr 3,August,1
2770,TEXTILE GROUP,,OTHER TEXTILE MATERIALS,,,20187,72476,,48.07,47.99,Export,2024,Qtr 3,August,1
2772,PETROLEUM GROUP & COAL,,PETROLEUM CRUDE,M.T,0,0,0,0,0,0,Export,2024,Qtr 3,August,1
2773,PETROLEUM GROUP & COAL,,PETROLEUM PRODUCTS(EXCL TOP NAPHTA),M.T,55586,7343,26364,-51.85,-54.56,-54.59,Export,2024,Qtr 3,August,1
2774,PETROLEUM GROUP & COAL,,PETROLEUM TOP NAPHTA,M.T,0,0,0,-100,-100,-100,Export,2024,Qtr 3,August,1
2775,PETROLEUM GROUP & COAL,,SOLID FUELS (COAL),M.T,0,0,0,0,0,0,Export,2024,Qtr 3,August,1
2777,OTHER MANUFACTURES GROUP,,"CARPETS, RUGS & MATS",TH.SQM,196,1402,5032,-27.03,-13.49,-13.51,Export,2024,Qtr 3,August,1
2779,OTHER MANUFACTURES GROUP,SPORTS GOODS,FOOTBALLS,TH.DOZ,385,5832,20938,15.96,17.84,17.79,Export,2024,Qtr 3,August,1
2780,OTHER MANUFACTURES GROUP,SPORTS GOODS,GLOVES,TH.DOZ,68,1307,4693,1.49,1.98,1.89,Export,2024,Qtr 3,August,1
2781,OTHER MANUFACTURES GROUP,SPORTS GOODS,OTHERS,,,1948,6993,,0.3,0.23,Export,2024,Qtr 3,August,1
2782,OTHER MANUFACTURES GROUP,,LEATHER TANNED,M.T,709,2836,10182,-15.17,-13.43,-13.46,Export,2024,Qtr 3,August,1
2784,OTHER MANUFACTURES GROUP,LEATHER MANUFACTURES,LEATHER GARMENTS,TH.DOZ,187,6532,23450,1.63,13.36,13.29,Export,2024,Qtr 3,August,1
2785,OTHER MANUFACTURES GROUP,LEATHER MANUFACTURES,LEATHER GLOVES,TH.DOZ,998,8428,30258,59.17,63.72,63.63,Export,2024,Qtr 3,August,1
2786,OTHER MANUFACTURES GROUP,LEATHER MANUFACTURES,OTHER LEATHER MANUFACTURES,,,345,1240,,45.76,45.54,Export,2024,Qtr 3,August,1
2788,OTHER MANUFACTURES GROUP,FOOTWEAR,LEATHER FOOTWEAR,TH.Pairs,993,4206,15099,69.19,59.85,59.74,Export,2024,Qtr 3,August,1
2789,OTHER MANUFACTURES GROUP,FOOTWEAR,CANVAS FOOTWEAR,TH.Pairs,14,78,280,80.95,73.18,73.91,Export,2024,Qtr 3,August,1
2790,OTHER MANUFACTURES GROUP,FOOTWEAR,OTHER FOOTWEAR,TH.Pairs,921,867,3113,70.63,42.84,42.8,Export,2024,Qtr 3,August,1
2791,OTHER MANUFACTURES GROUP,,SURGICAL GOODS & MEDICAL INSTRUMENTS,,,10751,38599,,24.35,24.28,Export,2024,Qtr 3,August,1
2792,OTHER MANUFACTURES GROUP,,CUTLERY,,,1702,6112,,45.75,45.66,Export,2024,Qtr 3,August,1
2793,OTHER MANUFACTURES GROUP,,ONYX MANUFACTURED,M.T,74,60,214,-29.98,-8.4,-7.76,Export,2024,Qtr 3,August,1
2795,OTHER MANUFACTURES GROUP,CHEMICALS AND PHARM PRODUCTS,FERTILIZER MANUFACTURED,M.T,0,0,0,0,0,0,Export,2024,Qtr 3,August,1
2796,OTHER MANUFACTURES GROUP,CHEMICALS AND PHARM PRODUCTS,PLASTIC MATERIALS,M.T,41961,13979,50186,19.89,18.82,18.76,Export,2024,Qtr 3,August,1
2797,OTHER MANUFACTURES GROUP,CHEMICALS AND PHARM PRODUCTS,PHARMACEUTICAL PRODUCTS,M.T,5672,7899,28357,-28.27,-16.48,-16.53,Export,2024,Qtr 3,August,1
2798,OTHER MANUFACTURES GROUP,CHEMICALS AND PHARM PRODUCTS,OTHER CHEMICALS,,,14183,50921,,-13.3,-13.34,Export,2024,Qtr 3,August,1
2800,OTHER MANUFACTURES GROUP,ENGINEERING GOODS,ELECTRIC FANS,TH.NOS,150,705,2532,11.94,19.75,19.66,Export,2024,Qtr 3,August,1
2801,OTHER MANUFACTURES GROUP,ENGINEERING GOODS,TRANSPORT EQUIPMENT,,,433,1554,,-25.37,-25.43,Export,2024,Qtr 3,August,1
2802,OTHER MANUFACTURES GROUP,ENGINEERING GOODS,OTHER ELECTRICAL MACHINERY,,,1614,5794,,50.82,50.77,Export,2024,Qtr 3,August,1
2804,OTHER MANUFACTURES GROUP,ENGINEERING GOODS,MACHINERY SPECIALIZED FOR PARTICULAR INDUSTRIES,,,4726,16968,,225.04,224.93,Export,2024,Qtr 3,August,1
2805,OTHER MANUFACTURES GROUP,ENGINEERING GOODS,AUTO PARTS & ACCESSORIES,,,459,1648,,-4.57,-4.68,Export,2024,Qtr 3,August,1
2806,OTHER MANUFACTURES GROUP,ENGINEERING GOODS,RUBBER TYRES & TUBES,TH.NOS,1958,2452,8803,33.64,44.32,44.24,Export,2024,Qtr 3,August,1
2807,OTHER MANUFACTURES GROUP,ENGINEERING GOODS,OTHER MACHINERY,,,2669,9581,,36.58,36.54,Export,2024,Qtr 3,August,1
2808,OTHER MANUFACTURES GROUP,,GEMS,K.G,32,75,271,-73.55,-66.15,-66.17,Export,2024,Qtr 3,August,1
2809,OTHER MANUFACTURES GROUP,,JEWELLERY,,,164,589,,-77.1,-77.14,Export,2024,Qtr 3,August,1
2810,OTHER MANUFACTURES GROUP,,FURNITURE,TH.NOS,120,234,839,125.67,77.04,77.38,Export,2024,Qtr 3,August,1
2811,OTHER MANUFACTURES GROUP,,MOLASSES,M.T,8405,345,1239,430.92,650.27,641.92,Export,2024,Qtr 3,August,1
2812,OTHER MANUFACTURES GROUP,,HANDICRAFTS,,,24,86,,100,100,Export,2024,Qtr 3,August,1
2813,OTHER MANUFACTURES GROUP,,CEMENT,M.T,588766,6187,22212,46,53.37,53.27,Export,2024,Qtr 3,August,1
2814,OTHER MANUFACTURES GROUP,,GUAR AND GUAR PRODUCTS,M.T,1514,756,2714,-7.88,-7.26,-7.34,Export,2024,Qtr 3,August,1
2815,OTHER MANUFACTURES GROUP,,ALL OTHER ITEMS,,,51513,184935,,4.13,4.08,Export,2024,Qtr 3,August,1
2819,FOOD GROUP,RICE,BASMATI,M.T,46160,13266,47699,-12.85,-12.06,-12.15,Export,2024,Qtr 4,December,1
2820,FOOD GROUP,RICE,OTHERS,M.T,636055,86797,312085,-12.75,-17.14,-17.23,Export,2024,Qtr 4,December,1
2821,FOOD GROUP,,FISH & FISH PREPARATIONS,M.T,19396,11031,39662,-8.58,-14.09,-14.19,Export,2024,Qtr 4,December,1
2822,FOOD GROUP,,FRUITS,M.T,88082,10153,36507,206.23,129.45,129.21,Export,2024,Qtr 4,December,1
2823,FOOD GROUP,,VEGETABLES,M.T,56613,5740,20638,7.75,8.18,8.06,Export,2024,Qtr 4,December,1
2824,FOOD GROUP,,LEGUMINOUS VEGETABLES (PULSES),M.T,0,0,0,0,0,0,Export,2024,Qtr 4,December,1
2825,FOOD GROUP,,TOBACCO,M.T,4468,4550,16362,83.65,69.86,69.68,Export,2024,Qtr 4,December,1
2826,FOOD GROUP,,WHEAT,M.T,0,0,0,0,0,0,Export,2024,Qtr 4,December,1
2827,FOOD GROUP,,SPICES,M.T,2720,2712,9751,16.88,31.32,31.17,Export,2024,Qtr 4,December,1
2828,FOOD GROUP,,"OIL SEEDS, NUTS AND KERNALS",M.T,34889,11477,41266,-23.09,-22.32,-22.41,Export,2024,Qtr 4,December,1
2829,FOOD GROUP,,SUGAR,M.T,279273,40565,145853,67.95,65.04,64.86,Export,2024,Qtr 4,December,1
2830,FOOD GROUP,,MEAT AND MEAT PREPARATIONS,M.T,11079,13147,47272,8.52,14.17,14.04,Export,2024,Qtr 4,December,1
2831,FOOD GROUP,,ALL OTHER FOOD ITEMS,,,24408,87762,,13.81,13.68,Export,2024,Qtr 4,December,1
2833,TEXTILE GROUP,,RAW COTTON,M.T,332,171,616,100,100,100,Export,2024,Qtr 4,December,1
2834,TEXTILE GROUP,,COTTON YARN,M.T,22985,17456,62766,-24.85,-22.05,-22.13,Export,2024,Qtr 4,December,1
2835,TEXTILE GROUP,,COTTON CLOTH,M.T,28573,41388,148812,13.62,9.21,9.08,Export,2024,Qtr 4,December,1
2836,TEXTILE GROUP,,COTTON CARDED OR COMBED,M.T,0,0,0,-100,-100,-100,Export,2024,Qtr 4,December,1
2837,TEXTILE GROUP,,YARN OTHER THAN COTTON YARN,M.T,1254,856,3078,32.7,6.99,6.91,Export,2024,Qtr 4,December,1
2838,TEXTILE GROUP,,KNITWEAR,TH.DOZ,18145,108941,391704,-3.97,-5.27,-5.37,Export,2024,Qtr 4,December,1
2839,TEXTILE GROUP,,BED WEAR,M.T,41353,71252,256192,-0.97,0.85,0.74,Export,2024,Qtr 4,December,1
2840,TEXTILE GROUP,,TOWELS,M.T,18186,24549,88267,-3.76,3.61,3.5,Export,2024,Qtr 4,December,1
2841,TEXTILE GROUP,,"TENTS,CANVAS & TARPULIN",M.T,4243,3766,13540,6.13,5.81,5.68,Export,2024,Qtr 4,December,1
2842,TEXTILE GROUP,,READYMADE GARMENTS,TH.DOZ,6514,99330,357147,9.42,8.82,8.7,Export,2024,Qtr 4,December,1
2843,TEXTILE GROUP,,"ART,SILK & SYNTHETIC TEXTILE",M.T,7919,10604,38129,30.2,28.12,27.98,Export,2024,Qtr 4,December,1
2844,TEXTILE GROUP,,MADEUP ARTICLES(EXCL TOWELS & BEDWEAR,,,16404,58981,,-6.48,-6.58,Export,2024,Qtr 4,December,1
2845,TEXTILE GROUP,,OTHER TEXTILE MATERIALS,,,16150,58070,,9.04,8.92,Export,2024,Qtr 4,December,1
2847,PETROLEUM GROUP & COAL,,PETROLEUM CRUDE,M.T,0,0,0,0,0,0,Export,2024,Qtr 4,December,1
2848,PETROLEUM GROUP & COAL,,PETROLEUM PRODUCTS(EXCL TOP NAPHTA),M.T,73518,9720,34949,-36.76,-33.58,-33.66,Export,2024,Qtr 4,December,1
2849,PETROLEUM GROUP & COAL,,PETROLEUM TOP NAPHTA,M.T,0,0,0,-100,-100,-100,Export,2024,Qtr 4,December,1
2850,PETROLEUM GROUP & COAL,,SOLID FUELS (COAL),M.T,0,0,0,0,0,0,Export,2024,Qtr 4,December,1
2852,OTHER MANUFACTURES GROUP,,"CARPETS, RUGS & MATS",TH.SQM,254,1481,5325,-13.16,-8.81,-8.88,Export,2024,Qtr 4,December,1
2854,OTHER MANUFACTURES GROUP,SPORTS GOODS,FOOTBALLS,TH.DOZ,335,5453,19608,12.04,13.12,12.99,Export,2024,Qtr 4,December,1
2855,OTHER MANUFACTURES GROUP,SPORTS GOODS,GLOVES,TH.DOZ,72,1496,5378,-4,-1.4,-1.52,Export,2024,Qtr 4,December,1
2856,OTHER MANUFACTURES GROUP,SPORTS GOODS,OTHERS,,,2022,7270,,11.16,11.03,Export,2024,Qtr 4,December,1
2857,OTHER MANUFACTURES GROUP,,LEATHER TANNED,M.T,721,2895,10410,17.24,0.08,-0.05,Export,2024,Qtr 4,December,1
2859,OTHER MANUFACTURES GROUP,LEATHER MANUFACTURES,LEATHER GARMENTS,TH.DOZ,167,5998,21567,18.44,18.61,18.49,Export,2024,Qtr 4,December,1
2860,OTHER MANUFACTURES GROUP,LEATHER MANUFACTURES,LEATHER GLOVES,TH.DOZ,899,8268,29729,9.9,10.01,9.88,Export,2024,Qtr 4,December,1
2861,OTHER MANUFACTURES GROUP,LEATHER MANUFACTURES,OTHER LEATHER MANUFACTURES,,,333,1197,,-2.66,-2.76,Export,2024,Qtr 4,December,1
2863,OTHER MANUFACTURES GROUP,FOOTWEAR,LEATHER FOOTWEAR,TH.Pairs,1032,3695,13284,41.16,27.45,27.31,Export,2024,Qtr 4,December,1
2864,OTHER MANUFACTURES GROUP,FOOTWEAR,CANVAS FOOTWEAR,TH.Pairs,16,88,318,-33.73,-33.05,-33.05,Export,2024,Qtr 4,December,1
2865,OTHER MANUFACTURES GROUP,FOOTWEAR,OTHER FOOTWEAR,TH.Pairs,1563,1061,3815,41.98,21.97,21.85,Export,2024,Qtr 4,December,1
2866,OTHER MANUFACTURES GROUP,,SURGICAL GOODS & MEDICAL INSTRUMENTS,,,10924,39279,,5.69,5.57,Export,2024,Qtr 4,December,1
2867,OTHER MANUFACTURES GROUP,,CUTLERY,,,1323,4756,,0.05,-0.06,Export,2024,Qtr 4,December,1
2868,OTHER MANUFACTURES GROUP,,ONYX MANUFACTURED,M.T,90,71,255,-63.96,-62.34,-62.22,Export,2024,Qtr 4,December,1
2870,OTHER MANUFACTURES GROUP,CHEMICALS AND PHARM PRODUCTS,FERTILIZER MANUFACTURED,M.T,0,0,0,0,0,0,Export,2024,Qtr 4,December,1
2871,OTHER MANUFACTURES GROUP,CHEMICALS AND PHARM PRODUCTS,PLASTIC MATERIALS,M.T,30956,9223,33163,-27.9,-29.42,-29.5,Export,2024,Qtr 4,December,1
2872,OTHER MANUFACTURES GROUP,CHEMICALS AND PHARM PRODUCTS,PHARMACEUTICAL PRODUCTS,M.T,13458,17634,63403,101.83,102.99,102.76,Export,2024,Qtr 4,December,1
2873,OTHER MANUFACTURES GROUP,CHEMICALS AND PHARM PRODUCTS,OTHER CHEMICALS,,,15639,56231,,52.55,52.38,Export,2024,Qtr 4,December,1
2875,OTHER MANUFACTURES GROUP,ENGINEERING GOODS,ELECTRIC FANS,TH.NOS,128,647,2326,85.51,86.93,86.83,Export,2024,Qtr 4,December,1
2876,OTHER MANUFACTURES GROUP,ENGINEERING GOODS,TRANSPORT EQUIPMENT,,,484,1739,,20.04,19.77,Export,2024,Qtr 4,December,1
2877,OTHER MANUFACTURES GROUP,ENGINEERING GOODS,OTHER ELECTRICAL MACHINERY,,,3039,10926,,46.95,46.82,Export,2024,Qtr 4,December,1
2879,OTHER MANUFACTURES GROUP,ENGINEERING GOODS,MACHINERY SPECIALIZED FOR PARTICULAR INDUSTRIES,,,1147,4124,,41.27,41.14,Export,2024,Qtr 4,December,1
2880,OTHER MANUFACTURES GROUP,ENGINEERING GOODS,AUTO PARTS & ACCESSORIES,,,545,1958,,26.93,26.9,Export,2024,Qtr 4,December,1
2881,OTHER MANUFACTURES GROUP,ENGINEERING GOODS,RUBBER TYRES & TUBES,TH.NOS,1756,2918,10493,-1.76,22,21.87,Export,2024,Qtr 4,December,1
2882,OTHER MANUFACTURES GROUP,ENGINEERING GOODS,OTHER MACHINERY,,,2187,7864,,80.6,80.45,Export,2024,Qtr 4,December,1
2883,OTHER MANUFACTURES GROUP,,GEMS,K.G,61,90,323,8.45,-5.37,-6.1,Export,2024,Qtr 4,December,1
2884,OTHER MANUFACTURES GROUP,,JEWELLERY,,,219,787,,-35.22,-35.33,Export,2024,Qtr 4,December,1
2885,OTHER MANUFACTURES GROUP,,FURNITURE,TH.NOS,79,157,563,-0.07,-17.1,-17.33,Export,2024,Qtr 4,December,1
2886,OTHER MANUFACTURES GROUP,,MOLASSES,M.T,1740,58,209,474.32,428.43,450,Export,2024,Qtr 4,December,1
2887,OTHER MANUFACTURES GROUP,,HANDICRAFTS,,,56,200,,100,100,Export,2024,Qtr 4,December,1
2888,OTHER MANUFACTURES GROUP,,CEMENT,M.T,951989,8872,31898,7.97,3.16,3.04,Export,2024,Qtr 4,December,1
2889,OTHER MANUFACTURES GROUP,,GUAR AND GUAR PRODUCTS,M.T,1756,795,2858,-18.31,-23.14,-23.17,Export,2024,Qtr 4,December,1
2890,OTHER MANUFACTURES GROUP,,ALL OTHER ITEMS,,,58514,210390,,8.04,7.91,Export,2024,Qtr 4,December,1
2894,FOOD GROUP,RICE,BASMATI,M.T,72915,23026,82478,-9.19,-8.1,-7.72,Export,2024,Qtr 1,February,1
2895,FOOD GROUP,RICE,OTHERS,M.T,536380,89217,319565,-20.15,-18,-17.67,Export,2024,Qtr 1,February,1
2896,FOOD GROUP,,FISH & FISH PREPARATIONS,M.T,17700,8986,32186,3.45,5.95,6.38,Export,2024,Qtr 1,February,1
2897,FOOD GROUP,,FRUITS,M.T,133217,9879,35386,18.33,-11.3,-10.94,Export,2024,Qtr 1,February,1
2898,FOOD GROUP,,VEGETABLES,M.T,171586,21048,75391,18.94,2.93,3.35,Export,2024,Qtr 1,February,1
2899,FOOD GROUP,,LEGUMINOUS VEGETABLES (PULSES),M.T,0,0,0,-100,-100,-100,Export,2024,Qtr 1,February,1
2900,FOOD GROUP,,TOBACCO,M.T,1375,1154,4132,-57.38,-64.31,-64.17,Export,2024,Qtr 1,February,1
2901,FOOD GROUP,,WHEAT,M.T,0,0,0,0,0,0,Export,2024,Qtr 1,February,1
2902,FOOD GROUP,,SPICES,M.T,3382,3112,11147,9.33,16.21,16.69,Export,2024,Qtr 1,February,1
2903,FOOD GROUP,,"OIL SEEDS, NUTS AND KERNALS",M.T,6623,1442,5166,-36.17,-55.9,-55.72,Export,2024,Qtr 1,February,1
2904,FOOD GROUP,,SUGAR,M.T,0,0,0,0,0,0,Export,2024,Qtr 1,February,1
2905,FOOD GROUP,,MEAT AND MEAT PREPARATIONS,M.T,10869,12692,45462,-0.38,-5.68,-5.3,Export,2024,Qtr 1,February,1
2906,FOOD GROUP,,ALL OTHER FOOD ITEMS,,,25561,91556,,5.94,6.38,Export,2024,Qtr 1,February,1
2908,TEXTILE GROUP,,RAW COTTON,M.T,0,0,0,-100,-100,-100,Export,2024,Qtr 1,February,1
2909,TEXTILE GROUP,,COTTON YARN,M.T,30028,21911,78482,-5.59,-3.85,-3.46,Export,2024,Qtr 1,February,1
2910,TEXTILE GROUP,,COTTON CLOTH,M.T,34829,48438,173501,11.77,8.19,8.63,Export,2024,Qtr 1,February,1
2911,TEXTILE GROUP,,COTTON CARDED OR COMBED,M.T,39,16,59,671.05,705.13,742.86,Export,2024,Qtr 1,February,1
2912,TEXTILE GROUP,,YARN OTHER THAN COTTON YARN,M.T,1072,716,2566,53.7,21.9,22.42,Export,2024,Qtr 1,February,1
2913,TEXTILE GROUP,,KNITWEAR,TH.DOZ,18250,93795,335964,-8.81,-8.34,-7.97,Export,2024,Qtr 1,February,1
2914,TEXTILE GROUP,,BED WEAR,M.T,41674,68071,243823,0.69,-3.67,-3.27,Export,2024,Qtr 1,February,1
2915,TEXTILE GROUP,,TOWELS,M.T,19969,26394,94542,-0.15,-1.99,-1.59,Export,2024,Qtr 1,February,1
2916,TEXTILE GROUP,,"TENTS,CANVAS & TARPULIN",M.T,2099,1905,6823,-32.48,-27.07,-26.77,Export,2024,Qtr 1,February,1
2917,TEXTILE GROUP,,READYMADE GARMENTS,TH.DOZ,6305,85709,307000,-16.38,-8.3,-7.92,Export,2024,Qtr 1,February,1
2918,TEXTILE GROUP,,"ART,SILK & SYNTHETIC TEXTILE",M.T,7717,9392,33639,4.8,3.13,3.55,Export,2024,Qtr 1,February,1
2919,TEXTILE GROUP,,MADEUP ARTICLES(EXCL TOWELS & BEDWEAR,,,17346,62133,,-0.07,0.34,Export,2024,Qtr 1,February,1
2920,TEXTILE GROUP,,OTHER TEXTILE MATERIALS,,,19146,68579,,14.77,15.24,Export,2024,Qtr 1,February,1
2922,PETROLEUM GROUP & COAL,,PETROLEUM CRUDE,M.T,0,0,0,0,0,0,Export,2024,Qtr 1,February,1
2923,PETROLEUM GROUP & COAL,,PETROLEUM PRODUCTS(EXCL TOP NAPHTA),M.T,28,11,40,-99.98,-99.94,-99.94,Export,2024,Qtr 1,February,1
2924,PETROLEUM GROUP & COAL,,PETROLEUM TOP NAPHTA,M.T,0,0,0,0,0,0,Export,2024,Qtr 1,February,1
2925,PETROLEUM GROUP & COAL,,SOLID FUELS (COAL),M.T,0,0,0,0,0,0,Export,2024,Qtr 1,February,1
2927,OTHER MANUFACTURES GROUP,,"CARPETS, RUGS & MATS",TH.SQM,292,1484,5317,93.46,66.9,67.57,Export,2024,Qtr 1,February,1
2929,OTHER MANUFACTURES GROUP,SPORTS GOODS,FOOTBALLS,TH.DOZ,370,5655,20254,-4.39,3.81,4.22,Export,2024,Qtr 1,February,1
2930,OTHER MANUFACTURES GROUP,SPORTS GOODS,GLOVES,TH.DOZ,90,1271,4551,-8.16,16.16,16.63,Export,2024,Qtr 1,February,1
2931,OTHER MANUFACTURES GROUP,SPORTS GOODS,OTHERS,,,1878,6727,,-8.98,-8.61,Export,2024,Qtr 1,February,1
2932,OTHER MANUFACTURES GROUP,,LEATHER TANNED,M.T,957,3097,11094,47.16,12.69,13.15,Export,2024,Qtr 1,February,1
2934,OTHER MANUFACTURES GROUP,LEATHER MANUFACTURES,LEATHER GARMENTS,TH.DOZ,109,5194,18606,-16.79,-16.68,-16.34,Export,2024,Qtr 1,February,1
2935,OTHER MANUFACTURES GROUP,LEATHER MANUFACTURES,LEATHER GLOVES,TH.DOZ,700,6180,22135,-2.78,-3.13,-2.74,Export,2024,Qtr 1,February,1
2936,OTHER MANUFACTURES GROUP,LEATHER MANUFACTURES,OTHER LEATHER MANUFACTURES,,,228,818,,-34.64,-34.4,Export,2024,Qtr 1,February,1
2938,OTHER MANUFACTURES GROUP,FOOTWEAR,LEATHER FOOTWEAR,TH.Pairs,922,3238,11598,-8.95,-13.98,-13.63,Export,2024,Qtr 1,February,1
2939,OTHER MANUFACTURES GROUP,FOOTWEAR,CANVAS FOOTWEAR,TH.Pairs,7,32,113,-26.37,-39.08,-38.92,Export,2024,Qtr 1,February,1
2940,OTHER MANUFACTURES GROUP,FOOTWEAR,OTHER FOOTWEAR,TH.Pairs,1677,979,3508,0.98,-12.36,-12.01,Export,2024,Qtr 1,February,1
2941,OTHER MANUFACTURES GROUP,,SURGICAL GOODS & MEDICAL INSTRUMENTS,,,8328,29832,,-21.15,-20.82,Export,2024,Qtr 1,February,1
2942,OTHER MANUFACTURES GROUP,,CUTLERY,,,1442,5167,,10.66,11.12,Export,2024,Qtr 1,February,1
2943,OTHER MANUFACTURES GROUP,,ONYX MANUFACTURED,M.T,71,80,286,-42.7,-21,-20.56,Export,2024,Qtr 1,February,1
2945,OTHER MANUFACTURES GROUP,CHEMICALS AND PHARM PRODUCTS,FERTILIZER MANUFACTURED,M.T,0,0,0,0,0,0,Export,2024,Qtr 1,February,1
2946,OTHER MANUFACTURES GROUP,CHEMICALS AND PHARM PRODUCTS,PLASTIC MATERIALS,M.T,35584,11347,40645,1.52,11.57,12.02,Export,2024,Qtr 1,February,1
2947,OTHER MANUFACTURES GROUP,CHEMICALS AND PHARM PRODUCTS,PHARMACEUTICAL PRODUCTS,M.T,4489,8271,29625,-2.46,39.48,40.05,Export,2024,Qtr 1,February,1
2948,OTHER MANUFACTURES GROUP,CHEMICALS AND PHARM PRODUCTS,OTHER CHEMICALS,,,12953,46397,,13.51,13.98,Export,2024,Qtr 1,February,1
2950,OTHER MANUFACTURES GROUP,ENGINEERING GOODS,ELECTRIC FANS,TH.NOS,207,835,2990,59.02,18.57,19.08,Export,2024,Qtr 1,February,1
2951,OTHER MANUFACTURES GROUP,ENGINEERING GOODS,TRANSPORT EQUIPMENT,,,636,2278,,626.04,630.13,Export,2024,Qtr 1,February,1
2952,OTHER MANUFACTURES GROUP,ENGINEERING GOODS,OTHER ELECTRICAL MACHINERY,,,831,2976,,26.18,26.69,Export,2024,Qtr 1,February,1
2954,OTHER MANUFACTURES GROUP,ENGINEERING GOODS,MACHINERY SPECIALIZED FOR PARTICULAR INDUSTRIES,,,2639,9452,,150.39,151.38,Export,2024,Qtr 1,February,1
2955,OTHER MANUFACTURES GROUP,ENGINEERING GOODS,AUTO PARTS & ACCESSORIES,,,557,1994,,-12.51,-12.12,Export,2024,Qtr 1,February,1
2956,OTHER MANUFACTURES GROUP,ENGINEERING GOODS,RUBBER TYRES & TUBES,TH.NOS,1308,2004,7178,25.46,20.02,20.5,Export,2024,Qtr 1,February,1
2957,OTHER MANUFACTURES GROUP,ENGINEERING GOODS,OTHER MACHINERY,,,1854,6640,,-17.67,-17.34,Export,2024,Qtr 1,February,1
2958,OTHER MANUFACTURES GROUP,,GEMS,K.G,180,283,1014,38.46,32.31,32.9,Export,2024,Qtr 1,February,1
2959,OTHER MANUFACTURES GROUP,,JEWELLERY,,,94,335,,-13.38,-12.99,Export,2024,Qtr 1,February,1
2960,OTHER MANUFACTURES GROUP,,FURNITURE,TH.NOS,125,181,650,26.26,-17.97,-17.62,Export,2024,Qtr 1,February,1
2961,OTHER MANUFACTURES GROUP,,MOLASSES,M.T,13669,703,2520,-25.74,-21.63,-21.3,Export,2024,Qtr 1,February,1
2962,OTHER MANUFACTURES GROUP,,HANDICRAFTS,,,0,0,,0,0,Export,2024,Qtr 1,February,1
2963,OTHER MANUFACTURES GROUP,,CEMENT,M.T,349512,3698,13248,-10.51,-10.42,-10.05,Export,2024,Qtr 1,February,1
2964,OTHER MANUFACTURES GROUP,,GUAR AND GUAR PRODUCTS,M.T,3676,1501,5376,35.4,26.17,26.67,Export,2024,Qtr 1,February,1
2965,OTHER MANUFACTURES GROUP,,ALL OTHER ITEMS,,,44671,160005,,-12.72,-12.36,Export,2024,Qtr 1,February,1
2969,FOOD GROUP,RICE,BASMATI,M.T,80295,25055,89381,8.13,9.47,10.63,Export,2024,Qtr 1,January,1
2970,FOOD GROUP,RICE,OTHERS,M.T,671738,108803,388138,-13.41,-12.28,-11.35,Export,2024,Qtr 1,January,1
2971,FOOD GROUP,,FISH & FISH PREPARATIONS,M.T,17109,8481,30255,-14.8,-19.25,-18.4,Export,2024,Qtr 1,January,1
2972,FOOD GROUP,,FRUITS,M.T,112585,11138,39732,-28.82,-9.01,-8.05,Export,2024,Qtr 1,January,1
2973,FOOD GROUP,,VEGETABLES,M.T,144262,20449,72947,56.54,78.37,80.27,Export,2024,Qtr 1,January,1
2974,FOOD GROUP,,LEGUMINOUS VEGETABLES (PULSES),M.T,101,25,89,0,100,100,Export,2024,Qtr 1,January,1
2975,FOOD GROUP,,TOBACCO,M.T,3227,3232,11531,-51.87,-59.5,-59.06,Export,2024,Qtr 1,January,1
2976,FOOD GROUP,,WHEAT,M.T,0,0,0,0,0,0,Export,2024,Qtr 1,January,1
2977,FOOD GROUP,,SPICES,M.T,3093,2678,9553,-15.02,-19.99,-19.15,Export,2024,Qtr 1,January,1
2978,FOOD GROUP,,"OIL SEEDS, NUTS AND KERNALS",M.T,10375,3270,11666,-17.17,-15.42,-14.52,Export,2024,Qtr 1,January,1
2979,FOOD GROUP,,SUGAR,M.T,0,0,0,0,0,0,Export,2024,Qtr 1,January,1
2980,FOOD GROUP,,MEAT AND MEAT PREPARATIONS,M.T,10910,13456,48004,3.05,7.9,9.04,Export,2024,Qtr 1,January,1
2981,FOOD GROUP,,ALL OTHER FOOD ITEMS,,,24127,86069,,-17.93,-17.06,Export,2024,Qtr 1,January,1
2983,TEXTILE GROUP,,RAW COTTON,M.T,1333,656,2340,-82.12,-83.07,-82.89,Export,2024,Qtr 1,January,1
2984,TEXTILE GROUP,,COTTON YARN,M.T,31806,22789,81295,-14.87,-15.55,-14.65,Export,2024,Qtr 1,January,1
2985,TEXTILE GROUP,,COTTON CLOTH,M.T,31161,44773,159719,10.04,10.06,11.23,Export,2024,Qtr 1,January,1
2986,TEXTILE GROUP,,COTTON CARDED OR COMBED,M.T,5,2,7,150,194.38,250,Export,2024,Qtr 1,January,1
2987,TEXTILE GROUP,,YARN OTHER THAN COTTON YARN,M.T,698,588,2096,-14.85,-11.33,-10.39,Export,2024,Qtr 1,January,1
2988,TEXTILE GROUP,,KNITWEAR,TH.DOZ,20014,102331,365050,-2.14,-1.51,-0.46,Export,2024,Qtr 1,January,1
2989,TEXTILE GROUP,,BED WEAR,M.T,41389,70662,252076,11.41,10.2,11.37,Export,2024,Qtr 1,January,1
2990,TEXTILE GROUP,,TOWELS,M.T,19998,26930,96070,9.62,8.53,9.68,Export,2024,Qtr 1,January,1
2991,TEXTILE GROUP,,"TENTS,CANVAS & TARPULIN",M.T,3109,2612,9317,-19.26,-25.49,-24.7,Export,2024,Qtr 1,January,1
2992,TEXTILE GROUP,,READYMADE GARMENTS,TH.DOZ,7540,93462,333411,1.21,10.52,11.69,Export,2024,Qtr 1,January,1
2993,TEXTILE GROUP,,"ART,SILK & SYNTHETIC TEXTILE",M.T,7364,9107,32486,5.35,3.13,4.23,Export,2024,Qtr 1,January,1
2994,TEXTILE GROUP,,MADEUP ARTICLES(EXCL TOWELS & BEDWEAR,,,17358,61923,,2.16,3.25,Export,2024,Qtr 1,January,1
2995,TEXTILE GROUP,,OTHER TEXTILE MATERIALS,,,16682,59510,,-5.16,-4.15,Export,2024,Qtr 1,January,1
2997,PETROLEUM GROUP & COAL,,PETROLEUM CRUDE,M.T,0,0,0,0,0,0,Export,2024,Qtr 1,January,1
2998,PETROLEUM GROUP & COAL,,PETROLEUM PRODUCTS(EXCL TOP NAPHTA),M.T,163956,19362,69070,75.99,60.59,62.3,Export,2024,Qtr 1,January,1
2999,PETROLEUM GROUP & COAL,,PETROLEUM TOP NAPHTA,M.T,0,0,0,0,0,0,Export,2024,Qtr 1,January,1
3000,PETROLEUM GROUP & COAL,,SOLID FUELS (COAL),M.T,0,0,0,0,0,0,Export,2024,Qtr 1,January,1
3002,OTHER MANUFACTURES GROUP,,"CARPETS, RUGS & MATS",TH.SQM,151,889,3173,-27.78,-26.19,-25.41,Export,2024,Qtr 1,January,1
3004,OTHER MANUFACTURES GROUP,SPORTS GOODS,FOOTBALLS,TH.DOZ,387,5447,19433,-15.87,-13.13,-12.21,Export,2024,Qtr 1,January,1
3005,OTHER MANUFACTURES GROUP,SPORTS GOODS,GLOVES,TH.DOZ,98,1094,3902,-38.75,-21.63,-20.79,Export,2024,Qtr 1,January,1
3006,OTHER MANUFACTURES GROUP,SPORTS GOODS,OTHERS,,,2064,7361,,-1.3,-0.26,Export,2024,Qtr 1,January,1
3007,OTHER MANUFACTURES GROUP,,LEATHER TANNED,M.T,650,2749,9805,-10.93,-15.81,-14.91,Export,2024,Qtr 1,January,1
3009,OTHER MANUFACTURES GROUP,LEATHER MANUFACTURES,LEATHER GARMENTS,TH.DOZ,131,6234,22240,8.26,12.92,14.12,Export,2024,Qtr 1,January,1
3010,OTHER MANUFACTURES GROUP,LEATHER MANUFACTURES,LEATHER GLOVES,TH.DOZ,720,6379,22758,-13.25,-4.08,-3.06,Export,2024,Qtr 1,January,1
3011,OTHER MANUFACTURES GROUP,LEATHER MANUFACTURES,OTHER LEATHER MANUFACTURES,,,350,1247,,4.33,5.41,Export,2024,Qtr 1,January,1
3013,OTHER MANUFACTURES GROUP,FOOTWEAR,LEATHER FOOTWEAR,TH.Pairs,1012,3764,13429,14.96,24.38,25.7,Export,2024,Qtr 1,January,1
3014,OTHER MANUFACTURES GROUP,FOOTWEAR,CANVAS FOOTWEAR,TH.Pairs,9,52,185,412.45,573.84,585.19,Export,2024,Qtr 1,January,1
3015,OTHER MANUFACTURES GROUP,FOOTWEAR,OTHER FOOTWEAR,TH.Pairs,1661,1118,3987,21.08,20.59,21.85,Export,2024,Qtr 1,January,1
3016,OTHER MANUFACTURES GROUP,,SURGICAL GOODS & MEDICAL INSTRUMENTS,,,10562,37678,,1.36,2.44,Export,2024,Qtr 1,January,1
3017,OTHER MANUFACTURES GROUP,,CUTLERY,,,1303,4650,,-5.03,-4,Export,2024,Qtr 1,January,1
3018,OTHER MANUFACTURES GROUP,,ONYX MANUFACTURED,M.T,124,101,360,-0.94,6.88,8.11,Export,2024,Qtr 1,January,1
3020,OTHER MANUFACTURES GROUP,CHEMICALS AND PHARM PRODUCTS,FERTILIZER MANUFACTURED,M.T,0,0,0,0,0,0,Export,2024,Qtr 1,January,1
3021,OTHER MANUFACTURES GROUP,CHEMICALS AND PHARM PRODUCTS,PLASTIC MATERIALS,M.T,35049,10171,36283,6.65,6.64,7.77,Export,2024,Qtr 1,January,1
3022,OTHER MANUFACTURES GROUP,CHEMICALS AND PHARM PRODUCTS,PHARMACEUTICAL PRODUCTS,M.T,4602,5930,21153,3.9,-9.56,-8.6,Export,2024,Qtr 1,January,1
3023,OTHER MANUFACTURES GROUP,CHEMICALS AND PHARM PRODUCTS,OTHER CHEMICALS,,,11411,40708,,-32.47,-31.75,Export,2024,Qtr 1,January,1
3025,OTHER MANUFACTURES GROUP,ENGINEERING GOODS,ELECTRIC FANS,TH.NOS,130,704,2511,22.64,36.36,37.82,Export,2024,Qtr 1,January,1
3026,OTHER MANUFACTURES GROUP,ENGINEERING GOODS,TRANSPORT EQUIPMENT,,,88,312,,-82.23,-82.06,Export,2024,Qtr 1,January,1
3027,OTHER MANUFACTURES GROUP,ENGINEERING GOODS,OTHER ELECTRICAL MACHINERY,,,658,2349,,-34.8,-34.11,Export,2024,Qtr 1,January,1
3029,OTHER MANUFACTURES GROUP,ENGINEERING GOODS,MACHINERY SPECIALIZED FOR PARTICULAR INDUSTRIES,,,1054,3760,,-5.65,-4.64,Export,2024,Qtr 1,January,1
3030,OTHER MANUFACTURES GROUP,ENGINEERING GOODS,AUTO PARTS & ACCESSORIES,,,636,2269,,-3.39,-2.37,Export,2024,Qtr 1,January,1
3031,OTHER MANUFACTURES GROUP,ENGINEERING GOODS,RUBBER TYRES & TUBES,TH.NOS,1042,1670,5957,39.88,-11.66,-10.72,Export,2024,Qtr 1,January,1
3032,OTHER MANUFACTURES GROUP,ENGINEERING GOODS,OTHER MACHINERY,,,2252,8033,,18.23,19.49,Export,2024,Qtr 1,January,1
3033,OTHER MANUFACTURES GROUP,,GEMS,K.G,130,214,763,-48,-43.97,-43.36,Export,2024,Qtr 1,January,1
3034,OTHER MANUFACTURES GROUP,,JEWELLERY,,,108,385,,-55.93,-55.49,Export,2024,Qtr 1,January,1
3035,OTHER MANUFACTURES GROUP,,FURNITURE,TH.NOS,99,221,789,65,18.42,19.73,Export,2024,Qtr 1,January,1
3036,OTHER MANUFACTURES GROUP,,MOLASSES,M.T,18405,898,3202,5338.06,4432.35,4474.29,Export,2024,Qtr 1,January,1
3037,OTHER MANUFACTURES GROUP,,HANDICRAFTS,,,0,0,,0,0,Export,2024,Qtr 1,January,1
3038,OTHER MANUFACTURES GROUP,,CEMENT,M.T,390553,4129,14728,-31.79,-33.54,-32.83,Export,2024,Qtr 1,January,1
3039,OTHER MANUFACTURES GROUP,,GUAR AND GUAR PRODUCTS,M.T,2715,1190,4244,-31.47,-31.07,-30.33,Export,2024,Qtr 1,January,1
3040,OTHER MANUFACTURES GROUP,,ALL OTHER ITEMS,,,51181,182578,,-15.93,-15.04,Export,2024,Qtr 1,January,1
3044,FOOD GROUP,RICE,BASMATI,M.T,91303,25760,92532,-3.79,-10.26,-10.25,Export,2024,Qtr 3,July,1
3045,FOOD GROUP,RICE,OTHERS,M.T,178617,31518,113214,-47.29,-43.59,-43.58,Export,2024,Qtr 3,July,1
3046,FOOD GROUP,,FISH & FISH PREPARATIONS,M.T,9713,5269,18928,-34.01,-39.04,-39.03,Export,2024,Qtr 3,July,1
3047,FOOD GROUP,,FRUITS,M.T,52479,11235,40357,-25.51,-17.21,-17.2,Export,2024,Qtr 3,July,1
3048,FOOD GROUP,,VEGETABLES,M.T,85204,8041,28884,23.71,39.58,39.61,Export,2024,Qtr 3,July,1
3049,FOOD GROUP,,LEGUMINOUS VEGETABLES (PULSES),M.T,0,0,0,0,0,0,Export,2024,Qtr 3,July,1
3050,FOOD GROUP,,TOBACCO,M.T,165,125,450,-75.78,-77.22,-77.24,Export,2024,Qtr 3,July,1
3051,FOOD GROUP,,WHEAT,M.T,0,0,0,0,0,0,Export,2024,Qtr 3,July,1
3052,FOOD GROUP,,SPICES,M.T,2042,1521,5462,-24.47,-24.43,-24.42,Export,2024,Qtr 3,July,1
3053,FOOD GROUP,,"OIL SEEDS, NUTS AND KERNALS",M.T,5139,1611,5787,-7.41,-30.05,-30.03,Export,2024,Qtr 3,July,1
3054,FOOD GROUP,,SUGAR,M.T,39158,6658,23916,100,100,100,Export,2024,Qtr 3,July,1
3055,FOOD GROUP,,MEAT AND MEAT PREPARATIONS,M.T,8408,10258,36849,5.71,2.28,2.29,Export,2024,Qtr 3,July,1
3056,FOOD GROUP,,ALL OTHER FOOD ITEMS,,,30453,109388,,26.83,26.86,Export,2024,Qtr 3,July,1
3058,TEXTILE GROUP,,RAW COTTON,M.T,,0,0,0,0,0,Export,2024,Qtr 3,July,1
3059,TEXTILE GROUP,,COTTON YARN,M.T,20278,15520,55750,24.27,23,23.02,Export,2024,Qtr 3,July,1
3060,TEXTILE GROUP,,COTTON CLOTH,M.T,26301,39016,140148,5.08,3.7,3.71,Export,2024,Qtr 3,July,1
3061,TEXTILE GROUP,,COTTON CARDED OR COMBED,M.T,0,0,0,0,0,0,Export,2024,Qtr 3,July,1
3062,TEXTILE GROUP,,YARN OTHER THAN COTTON YARN,M.T,936,711,2556,54.48,57.69,57.73,Export,2024,Qtr 3,July,1
3063,TEXTILE GROUP,,KNITWEAR,TH.DOZ,19142,99577,357686,-16.76,-16.36,-16.35,Export,2024,Qtr 3,July,1
3064,TEXTILE GROUP,,BED WEAR,M.T,35739,59661,214305,-9.64,-8.62,-8.61,Export,2024,Qtr 3,July,1
3065,TEXTILE GROUP,,TOWELS,M.T,14768,19513,70093,-17.07,-19.61,-19.59,Export,2024,Qtr 3,July,1
3066,TEXTILE GROUP,,"TENTS,CANVAS & TARPULIN",M.T,3262,3028,10877,21,7.8,7.82,Export,2024,Qtr 3,July,1
3067,TEXTILE GROUP,,READYMADE GARMENTS,TH.DOZ,5678,82271,295522,-10.09,-9.02,-9.01,Export,2024,Qtr 3,July,1
3068,TEXTILE GROUP,,"ART,SILK & SYNTHETIC TEXTILE",M.T,6183,7585,27245,-8.98,-13.2,-13.19,Export,2024,Qtr 3,July,1
3069,TEXTILE GROUP,,MADEUP ARTICLES(EXCL TOWELS & BEDWEAR,,,13379,48057,,-19.4,-19.38,Export,2024,Qtr 3,July,1
3070,TEXTILE GROUP,,OTHER TEXTILE MATERIALS,,,13613,48897,,-14.61,-14.6,Export,2024,Qtr 3,July,1
3072,PETROLEUM GROUP & COAL,,PETROLEUM CRUDE,M.T,0,0,0,-100,-100,-100,Export,2024,Qtr 3,July,1
3073,PETROLEUM GROUP & COAL,,PETROLEUM PRODUCTS(EXCL TOP NAPHTA),M.T,115448,16162,58056,84.98,87.31,87.34,Export,2024,Qtr 3,July,1
3074,PETROLEUM GROUP & COAL,,PETROLEUM TOP NAPHTA,M.T,8638,1567,5630,100,100,100,Export,2024,Qtr 3,July,1
3075,PETROLEUM GROUP & COAL,,SOLID FUELS (COAL),M.T,0,0,0,0,0,0,Export,2024,Qtr 3,July,1
3077,OTHER MANUFACTURES GROUP,,"CARPETS, RUGS & MATS",TH.SQM,264,1620,5818,1.63,24.85,24.87,Export,2024,Qtr 3,July,1
3079,OTHER MANUFACTURES GROUP,SPORTS GOODS,FOOTBALLS,TH.DOZ,335,4949,17775,-17.75,-17.66,-17.65,Export,2024,Qtr 3,July,1
3080,OTHER MANUFACTURES GROUP,SPORTS GOODS,GLOVES,TH.DOZ,62,1282,4606,-6.59,-6.65,-6.65,Export,2024,Qtr 3,July,1
3081,OTHER MANUFACTURES GROUP,SPORTS GOODS,OTHERS,,,1942,6977,,-6.19,-6.17,Export,2024,Qtr 3,July,1
3082,OTHER MANUFACTURES GROUP,,LEATHER TANNED,M.T,1293,3276,11766,118.84,16.74,16.76,Export,2024,Qtr 3,July,1
3084,OTHER MANUFACTURES GROUP,LEATHER MANUFACTURES,LEATHER GARMENTS,TH.DOZ,150,5762,20699,-5.72,-6.87,-6.86,Export,2024,Qtr 3,July,1
3085,OTHER MANUFACTURES GROUP,LEATHER MANUFACTURES,LEATHER GLOVES,TH.DOZ,575,5148,18492,-29.65,-29.43,-29.42,Export,2024,Qtr 3,July,1
3086,OTHER MANUFACTURES GROUP,LEATHER MANUFACTURES,OTHER LEATHER MANUFACTURES,,,237,852,,-36.76,-36.77,Export,2024,Qtr 3,July,1
3088,OTHER MANUFACTURES GROUP,FOOTWEAR,LEATHER FOOTWEAR,TH.Pairs,584,2631,9452,-22.63,-21.95,-21.94,Export,2024,Qtr 3,July,1
3089,OTHER MANUFACTURES GROUP,FOOTWEAR,CANVAS FOOTWEAR,TH.Pairs,8,45,161,-8.55,-14.34,-14.17,Export,2024,Qtr 3,July,1
3090,OTHER MANUFACTURES GROUP,FOOTWEAR,OTHER FOOTWEAR,TH.Pairs,644,607,2180,-27.22,-22.38,-22.37,Export,2024,Qtr 3,July,1
3091,OTHER MANUFACTURES GROUP,,SURGICAL GOODS & MEDICAL INSTRUMENTS,,,8646,31058,,-16.12,-16.1,Export,2024,Qtr 3,July,1
3092,OTHER MANUFACTURES GROUP,,CUTLERY,,,1168,4196,,-11.82,-11.81,Export,2024,Qtr 3,July,1
3093,OTHER MANUFACTURES GROUP,,ONYX MANUFACTURED,M.T,120,65,232,13.85,-3.83,-4.02,Export,2024,Qtr 3,July,1
3095,OTHER MANUFACTURES GROUP,CHEMICALS AND PHARM PRODUCTS,FERTILIZER MANUFACTURED,M.T,0,0,0,0,0,0,Export,2024,Qtr 3,July,1
3096,OTHER MANUFACTURES GROUP,CHEMICALS AND PHARM PRODUCTS,PLASTIC MATERIALS,M.T,35038,11766,42263,8.74,7.34,7.36,Export,2024,Qtr 3,July,1
3097,OTHER MANUFACTURES GROUP,CHEMICALS AND PHARM PRODUCTS,PHARMACEUTICAL PRODUCTS,M.T,7908,9457,33971,3.71,16.61,16.63,Export,2024,Qtr 3,July,1
3098,OTHER MANUFACTURES GROUP,CHEMICALS AND PHARM PRODUCTS,OTHER CHEMICALS,,,16359,58762,,12.99,13.01,Export,2024,Qtr 3,July,1
3100,OTHER MANUFACTURES GROUP,ENGINEERING GOODS,ELECTRIC FANS,TH.NOS,131,589,2116,-38.37,-42.67,-42.68,Export,2024,Qtr 3,July,1
3101,OTHER MANUFACTURES GROUP,ENGINEERING GOODS,TRANSPORT EQUIPMENT,,,584,2099,,37.52,37.55,Export,2024,Qtr 3,July,1
3102,OTHER MANUFACTURES GROUP,ENGINEERING GOODS,OTHER ELECTRICAL MACHINERY,,,1070,3843,,-23.73,-23.72,Export,2024,Qtr 3,July,1
3104,OTHER MANUFACTURES GROUP,ENGINEERING GOODS,MACHINERY SPECIALIZED FOR PARTICULAR INDUSTRIES,,,1534,5509,,44.95,44.97,Export,2024,Qtr 3,July,1
3105,OTHER MANUFACTURES GROUP,ENGINEERING GOODS,AUTO PARTS & ACCESSORIES,,,481,1729,,-3.77,-3.76,Export,2024,Qtr 3,July,1
3106,OTHER MANUFACTURES GROUP,ENGINEERING GOODS,RUBBER TYRES & TUBES,TH.NOS,1465,1699,6103,6.41,-9.68,-9.67,Export,2024,Qtr 3,July,1
3107,OTHER MANUFACTURES GROUP,ENGINEERING GOODS,OTHER MACHINERY,,,1957,7030,,-19.48,-19.47,Export,2024,Qtr 3,July,1
3108,OTHER MANUFACTURES GROUP,,GEMS,K.G,121,223,801,30.84,34.75,34.83,Export,2024,Qtr 3,July,1
3109,OTHER MANUFACTURES GROUP,,JEWELLERY,,,717,2576,,-10.44,-10.41,Export,2024,Qtr 3,July,1
3110,OTHER MANUFACTURES GROUP,,FURNITURE,TH.NOS,71,132,473,-23.82,-15.8,-15.83,Export,2024,Qtr 3,July,1
3111,OTHER MANUFACTURES GROUP,,MOLASSES,M.T,1583,46,167,-93.62,-96.23,-96.23,Export,2024,Qtr 3,July,1
3112,OTHER MANUFACTURES GROUP,,HANDICRAFTS,,,0,0,,0,0,Export,2024,Qtr 3,July,1
3113,OTHER MANUFACTURES GROUP,,CEMENT,M.T,403225,4034,14492,-55.48,-51.25,-51.24,Export,2024,Qtr 3,July,1
3114,OTHER MANUFACTURES GROUP,,GUAR AND GUAR PRODUCTS,M.T,1643,815,2929,34.26,29.13,29.17,Export,2024,Qtr 3,July,1
3115,OTHER MANUFACTURES GROUP,,ALL OTHER ITEMS,,,49378,177372,,-0.36,-0.34,Export,2024,Qtr 3,July,1
3119,FOOD GROUP,RICE,BASMATI,M.T,94675,28705,103093,41.36,37.96,37.87,Export,2024,Qtr 2,June,1
3120,FOOD GROUP,RICE,OTHERS,M.T,330379,55876,200676,-24.82,-25.81,-25.86,Export,2024,Qtr 2,June,1
3121,FOOD GROUP,,FISH & FISH PREPARATIONS,M.T,15689,8644,31044,-16.45,-16.2,-16.26,Export,2024,Qtr 2,June,1
3122,FOOD GROUP,,FRUITS,M.T,78572,13571,48739,57.02,139.22,139.06,Export,2024,Qtr 2,June,1
3123,FOOD GROUP,,VEGETABLES,M.T,68591,5761,20689,-54.13,-46.44,-46.48,Export,2024,Qtr 2,June,1
3124,FOOD GROUP,,LEGUMINOUS VEGETABLES (PULSES),M.T,0,0,0,0,0,0,Export,2024,Qtr 2,June,1
3125,FOOD GROUP,,TOBACCO,M.T,949,550,1977,867.21,1504.19,1503.24,Export,2024,Qtr 2,June,1
3126,FOOD GROUP,,WHEAT,M.T,0,0,0,0,0,0,Export,2024,Qtr 2,June,1
3127,FOOD GROUP,,SPICES,M.T,2647,2012,7226,2.88,-11.8,-11.87,Export,2024,Qtr 2,June,1
3128,FOOD GROUP,,"OIL SEEDS, NUTS AND KERNALS",M.T,5855,2303,8271,-35.97,-11.84,-11.9,Export,2024,Qtr 2,June,1
3129,FOOD GROUP,,SUGAR,M.T,0,0,0,0,0,0,Export,2024,Qtr 2,June,1
3130,FOOD GROUP,,MEAT AND MEAT PREPARATIONS,M.T,8051,10030,36023,-27.01,-18.98,-19.04,Export,2024,Qtr 2,June,1
3131,FOOD GROUP,,ALL OTHER FOOD ITEMS,,,24010,86230,,-7.34,-7.4,Export,2024,Qtr 2,June,1
3133,TEXTILE GROUP,,RAW COTTON,M.T,,0,0,0,0,0,Export,2024,Qtr 2,June,1
3134,TEXTILE GROUP,,COTTON YARN,M.T,16028,12618,45317,-29.81,-29.44,-29.49,Export,2024,Qtr 2,June,1
3135,TEXTILE GROUP,,COTTON CLOTH,M.T,25198,37626,135130,-21.52,-21.8,-21.86,Export,2024,Qtr 2,June,1
3136,TEXTILE GROUP,,COTTON CARDED OR COMBED,M.T,0,0,0,0,0,0,Export,2024,Qtr 2,June,1
3137,TEXTILE GROUP,,YARN OTHER THAN COTTON YARN,M.T,613,451,1620,-26.34,-23.21,-23.29,Export,2024,Qtr 2,June,1
3138,TEXTILE GROUP,,KNITWEAR,TH.DOZ,24192,119053,427573,5.59,3.5,3.43,Export,2024,Qtr 2,June,1
3139,TEXTILE GROUP,,BED WEAR,M.T,39826,65290,234485,-14.47,-15.41,-15.47,Export,2024,Qtr 2,June,1
3140,TEXTILE GROUP,,TOWELS,M.T,18316,24272,87173,-16.2,-15.63,-15.68,Export,2024,Qtr 2,June,1
3141,TEXTILE GROUP,,"TENTS,CANVAS & TARPULIN",M.T,2851,2809,10088,24.98,2.55,2.48,Export,2024,Qtr 2,June,1
3142,TEXTILE GROUP,,READYMADE GARMENTS,TH.DOZ,6777,90445,324829,-7.97,-7.3,-7.36,Export,2024,Qtr 2,June,1
3143,TEXTILE GROUP,,"ART,SILK & SYNTHETIC TEXTILE",M.T,6820,8738,31383,-13.07,-8.49,-8.56,Export,2024,Qtr 2,June,1
3144,TEXTILE GROUP,,MADEUP ARTICLES(EXCL TOWELS & BEDWEAR,,,16598,59612,,-10.56,-10.62,Export,2024,Qtr 2,June,1
3145,TEXTILE GROUP,,OTHER TEXTILE MATERIALS,,,15929,57206,,-9.52,-9.59,Export,2024,Qtr 2,June,1
3147,PETROLEUM GROUP & COAL,,PETROLEUM CRUDE,M.T,64667,11950,42919,100,100,100,Export,2024,Qtr 2,June,1
3148,PETROLEUM GROUP & COAL,,PETROLEUM PRODUCTS(EXCL TOP NAPHTA),M.T,62326,8629,30990,-65.16,-66.02,-66.04,Export,2024,Qtr 2,June,1
3149,PETROLEUM GROUP & COAL,,PETROLEUM TOP NAPHTA,M.T,0,0,0,-100,-100,-100,Export,2024,Qtr 2,June,1
3150,PETROLEUM GROUP & COAL,,SOLID FUELS (COAL),M.T,0,0,0,0,0,0,Export,2024,Qtr 2,June,1
3152,OTHER MANUFACTURES GROUP,,"CARPETS, RUGS & MATS",TH.SQM,372,1297,4659,13.3,-5.74,-5.81,Export,2024,Qtr 2,June,1
3154,OTHER MANUFACTURES GROUP,SPORTS GOODS,FOOTBALLS,TH.DOZ,400,6010,21584,-11.43,-12.81,-12.87,Export,2024,Qtr 2,June,1
3155,OTHER MANUFACTURES GROUP,SPORTS GOODS,GLOVES,TH.DOZ,68,1374,4934,6.79,3.9,3.83,Export,2024,Qtr 2,June,1
3156,OTHER MANUFACTURES GROUP,SPORTS GOODS,OTHERS,,,2071,7436,,-0.24,-0.31,Export,2024,Qtr 2,June,1
3157,OTHER MANUFACTURES GROUP,,LEATHER TANNED,M.T,644,2806,10077,-37.35,-29.42,-29.47,Export,2024,Qtr 2,June,1
3159,OTHER MANUFACTURES GROUP,LEATHER MANUFACTURES,LEATHER GARMENTS,TH.DOZ,190,6188,22222,24.03,19.54,19.45,Export,2024,Qtr 2,June,1
3160,OTHER MANUFACTURES GROUP,LEATHER MANUFACTURES,LEATHER GLOVES,TH.DOZ,910,7295,26198,18.91,9.56,9.49,Export,2024,Qtr 2,June,1
3161,OTHER MANUFACTURES GROUP,LEATHER MANUFACTURES,OTHER LEATHER MANUFACTURES,,,375,1347,,22.11,21.98,Export,2024,Qtr 2,June,1
3163,OTHER MANUFACTURES GROUP,FOOTWEAR,LEATHER FOOTWEAR,TH.Pairs,791,3371,12109,-0.94,2.49,2.42,Export,2024,Qtr 2,June,1
3164,OTHER MANUFACTURES GROUP,FOOTWEAR,CANVAS FOOTWEAR,TH.Pairs,9,52,188,-10.72,2.54,2.7,Export,2024,Qtr 2,June,1
3165,OTHER MANUFACTURES GROUP,FOOTWEAR,OTHER FOOTWEAR,TH.Pairs,887,782,2808,21.61,28.41,28.3,Export,2024,Qtr 2,June,1
3166,OTHER MANUFACTURES GROUP,,SURGICAL GOODS & MEDICAL INSTRUMENTS,,,10308,37020,,-10.1,-10.16,Export,2024,Qtr 2,June,1
3167,OTHER MANUFACTURES GROUP,,CUTLERY,,,1325,4758,,-2.86,-2.92,Export,2024,Qtr 2,June,1
3168,OTHER MANUFACTURES GROUP,,ONYX MANUFACTURED,M.T,99,67,242,-57.67,-58.71,-58.68,Export,2024,Qtr 2,June,1
3170,OTHER MANUFACTURES GROUP,CHEMICALS AND PHARM PRODUCTS,FERTILIZER MANUFACTURED,M.T,0,0,0,0,0,0,Export,2024,Qtr 2,June,1
3171,OTHER MANUFACTURES GROUP,CHEMICALS AND PHARM PRODUCTS,PLASTIC MATERIALS,M.T,32362,10961,39364,-0.89,2.01,1.94,Export,2024,Qtr 2,June,1
3172,OTHER MANUFACTURES GROUP,CHEMICALS AND PHARM PRODUCTS,PHARMACEUTICAL PRODUCTS,M.T,6223,8110,29128,-33.34,-24.42,-24.47,Export,2024,Qtr 2,June,1
3173,OTHER MANUFACTURES GROUP,CHEMICALS AND PHARM PRODUCTS,OTHER CHEMICALS,,,14478,51996,,-38.6,-38.64,Export,2024,Qtr 2,June,1
3175,OTHER MANUFACTURES GROUP,ENGINEERING GOODS,ELECTRIC FANS,TH.NOS,235,1028,3691,7.32,8.78,8.7,Export,2024,Qtr 2,June,1
3176,OTHER MANUFACTURES GROUP,ENGINEERING GOODS,TRANSPORT EQUIPMENT,,,426,1529,,-74.01,-74.02,Export,2024,Qtr 2,June,1
3177,OTHER MANUFACTURES GROUP,ENGINEERING GOODS,OTHER ELECTRICAL MACHINERY,,,1403,5038,,18.66,18.57,Export,2024,Qtr 2,June,1
3179,OTHER MANUFACTURES GROUP,ENGINEERING GOODS,MACHINERY SPECIALIZED FOR PARTICULAR INDUSTRIES,,,1062,3813,,-25.63,-25.68,Export,2024,Qtr 2,June,1
3180,OTHER MANUFACTURES GROUP,ENGINEERING GOODS,AUTO PARTS & ACCESSORIES,,,500,1797,,-30.29,-30.32,Export,2024,Qtr 2,June,1
3181,OTHER MANUFACTURES GROUP,ENGINEERING GOODS,RUBBER TYRES & TUBES,TH.NOS,1383,1881,6756,-34.33,-13.52,-13.58,Export,2024,Qtr 2,June,1
3182,OTHER MANUFACTURES GROUP,ENGINEERING GOODS,OTHER MACHINERY,,,2431,8732,,29.66,29.58,Export,2024,Qtr 2,June,1
3183,OTHER MANUFACTURES GROUP,,GEMS,K.G,125,165,594,71.23,77.57,77.42,Export,2024,Qtr 2,June,1
3184,OTHER MANUFACTURES GROUP,,JEWELLERY,,,801,2875,,158.72,158.52,Export,2024,Qtr 2,June,1
3185,OTHER MANUFACTURES GROUP,,FURNITURE,TH.NOS,86,155,558,-3.37,-1.59,-1.65,Export,2024,Qtr 2,June,1
3186,OTHER MANUFACTURES GROUP,,MOLASSES,M.T,24684,1232,4425,6.39,8.46,8.38,Export,2024,Qtr 2,June,1
3187,OTHER MANUFACTURES GROUP,,HANDICRAFTS,,,0,0,,0,0,Export,2024,Qtr 2,June,1
3188,OTHER MANUFACTURES GROUP,,CEMENT,M.T,904220,8275,29719,2.68,-7.79,-7.85,Export,2024,Qtr 2,June,1
3189,OTHER MANUFACTURES GROUP,,GUAR AND GUAR PRODUCTS,M.T,1161,631,2268,-35.91,-30.04,-30.08,Export,2024,Qtr 2,June,1
3190,OTHER MANUFACTURES GROUP,,ALL OTHER ITEMS,,,50158,180143,,-2.55,-2.61,Export,2024,Qtr 2,June,1
3194,FOOD GROUP,RICE,BASMATI,M.T,72919,23117,82946,-0.2,0.3,0.48,Export,2024,Qtr 1,March,1
3195,FOOD GROUP,RICE,OTHERS,M.T,545000,92099,330453,1.6,3.25,3.43,Export,2024,Qtr 1,March,1
3196,FOOD GROUP,,FISH & FISH PREPARATIONS,M.T,19414,10294,36936,9.58,14.43,14.63,Export,2024,Qtr 1,March,1
3197,FOOD GROUP,,FRUITS,M.T,65299,5356,19218,-50.94,-45.8,-45.71,Export,2024,Qtr 1,March,1
3198,FOOD GROUP,,VEGETABLES,M.T,182690,16567,59441,6.46,-21.26,-21.12,Export,2024,Qtr 1,March,1
3199,FOOD GROUP,,LEGUMINOUS VEGETABLES (PULSES),M.T,72,18,66,100,100,100,Export,2024,Qtr 1,March,1
3200,FOOD GROUP,,TOBACCO,M.T,280,256,919,-74.7,-77.79,-77.76,Export,2024,Qtr 1,March,1
3201,FOOD GROUP,,WHEAT,M.T,,0,0,0,0,0,Export,2024,Qtr 1,March,1
3202,FOOD GROUP,,SPICES,M.T,2617,2477,8889,-21.65,-20.87,-20.73,Export,2024,Qtr 1,March,1
3203,FOOD GROUP,,"OIL SEEDS, NUTS AND KERNALS",M.T,4416,1568,5627,29.43,8.77,8.96,Export,2024,Qtr 1,March,1
3204,FOOD GROUP,,SUGAR,M.T,,0,0,0,0,0,Export,2024,Qtr 1,March,1
3205,FOOD GROUP,,MEAT AND MEAT PREPARATIONS,M.T,13126,15285,54844,26.38,21.51,21.72,Export,2024,Qtr 1,March,1
3206,FOOD GROUP,,ALL OTHER FOOD ITEMS,,,23881,85686,,-5.95,-5.79,Export,2024,Qtr 1,March,1
3208,TEXTILE GROUP,,RAW COTTON,M.T,175,93,334,100,100,100,Export,2024,Qtr 1,March,1
3209,TEXTILE GROUP,,COTTON YARN,M.T,15108,12124,43501,-49.74,-44.67,-44.57,Export,2024,Qtr 1,March,1
3210,TEXTILE GROUP,,COTTON CLOTH,M.T,31287,45425,162986,-9.4,-6.22,-6.06,Export,2024,Qtr 1,March,1
3211,TEXTILE GROUP,,COTTON CARDED OR COMBED,M.T,51,27,98,27.5,66.68,67.11,Export,2024,Qtr 1,March,1
3212,TEXTILE GROUP,,YARN OTHER THAN COTTON YARN,M.T,890,666,2389,-24.48,-7.06,-6.88,Export,2024,Qtr 1,March,1
3213,TEXTILE GROUP,,KNITWEAR,TH.DOZ,21823,93849,336733,-5.07,0.06,0.23,Export,2024,Qtr 1,March,1
3214,TEXTILE GROUP,,BED WEAR,M.T,37121,59994,215259,-10.87,-11.87,-11.71,Export,2024,Qtr 1,March,1
3215,TEXTILE GROUP,,TOWELS,M.T,20035,25935,93054,0.33,-1.74,-1.57,Export,2024,Qtr 1,March,1
3216,TEXTILE GROUP,,"TENTS,CANVAS & TARPULIN",M.T,3030,2836,10175,45.74,48.88,49.14,Export,2024,Qtr 1,March,1
3217,TEXTILE GROUP,,READYMADE GARMENTS,TH.DOZ,6390,80062,287265,-3.96,-6.59,-6.43,Export,2024,Qtr 1,March,1
3218,TEXTILE GROUP,,"ART,SILK & SYNTHETIC TEXTILE",M.T,6964,8444,30298,-9.98,-10.09,-9.93,Export,2024,Qtr 1,March,1
3219,TEXTILE GROUP,,MADEUP ARTICLES(EXCL TOWELS & BEDWEAR,,,16372,58742,,-5.62,-5.46,Export,2024,Qtr 1,March,1
3220,TEXTILE GROUP,,OTHER TEXTILE MATERIALS,,,16259,58339,,-15.07,-14.93,Export,2024,Qtr 1,March,1
3222,PETROLEUM GROUP & COAL,,PETROLEUM CRUDE,M.T,0,0,0,0,0,0,Export,2024,Qtr 1,March,1
3223,PETROLEUM GROUP & COAL,,PETROLEUM PRODUCTS(EXCL TOP NAPHTA),M.T,4465,458,1642,7101.61,4031.58,4039.57,Export,2024,Qtr 1,March,1
3224,PETROLEUM GROUP & COAL,,PETROLEUM TOP NAPHTA,M.T,19258,4040,14497,100,100,100,Export,2024,Qtr 1,March,1
3225,PETROLEUM GROUP & COAL,,SOLID FUELS (COAL),M.T,0,0,0,0,0,0,Export,2024,Qtr 1,March,1
3227,OTHER MANUFACTURES GROUP,,"CARPETS, RUGS & MATS",TH.SQM,225,1022,3668,-23.87,-31.13,-31.02,Export,2024,Qtr 1,March,1
3229,OTHER MANUFACTURES GROUP,SPORTS GOODS,FOOTBALLS,TH.DOZ,440,6780,24327,19.66,19.9,20.11,Export,2024,Qtr 1,March,1
3230,OTHER MANUFACTURES GROUP,SPORTS GOODS,GLOVES,TH.DOZ,70,1057,3794,-13.16,-16.78,-16.63,Export,2024,Qtr 1,March,1
3231,OTHER MANUFACTURES GROUP,SPORTS GOODS,OTHERS,,,2033,7294,,8.24,8.42,Export,2024,Qtr 1,March,1
3232,OTHER MANUFACTURES GROUP,,LEATHER TANNED,M.T,1274,3453,12389,63.46,11.48,11.67,Export,2024,Qtr 1,March,1
3234,OTHER MANUFACTURES GROUP,LEATHER MANUFACTURES,LEATHER GARMENTS,TH.DOZ,110,3960,14209,-20.82,-23.76,-23.63,Export,2024,Qtr 1,March,1
3235,OTHER MANUFACTURES GROUP,LEATHER MANUFACTURES,LEATHER GLOVES,TH.DOZ,786,6419,23031,8.62,3.87,4.05,Export,2024,Qtr 1,March,1
3236,OTHER MANUFACTURES GROUP,LEATHER MANUFACTURES,OTHER LEATHER MANUFACTURES,,,321,1152,,40.51,40.76,Export,2024,Qtr 1,March,1
3238,OTHER MANUFACTURES GROUP,FOOTWEAR,LEATHER FOOTWEAR,TH.Pairs,717,2379,8537,-15.56,-26.52,-26.4,Export,2024,Qtr 1,March,1
3239,OTHER MANUFACTURES GROUP,FOOTWEAR,CANVAS FOOTWEAR,TH.Pairs,15,87,311,133.74,174.15,174.9,Export,2024,Qtr 1,March,1
3240,OTHER MANUFACTURES GROUP,FOOTWEAR,OTHER FOOTWEAR,TH.Pairs,1837,1269,4553,67.71,29.55,29.78,Export,2024,Qtr 1,March,1
3241,OTHER MANUFACTURES GROUP,,SURGICAL GOODS & MEDICAL INSTRUMENTS,,,11205,40202,,34.53,34.76,Export,2024,Qtr 1,March,1
3242,OTHER MANUFACTURES GROUP,,CUTLERY,,,1592,5713,,10.39,10.58,Export,2024,Qtr 1,March,1
3243,OTHER MANUFACTURES GROUP,,ONYX MANUFACTURED,M.T,98,96,345,-6.1,-19.06,-18.96,Export,2024,Qtr 1,March,1
3245,OTHER MANUFACTURES GROUP,CHEMICALS AND PHARM PRODUCTS,FERTILIZER MANUFACTURED,M.T,0,0,0,0,0,0,Export,2024,Qtr 1,March,1
3246,OTHER MANUFACTURES GROUP,CHEMICALS AND PHARM PRODUCTS,PLASTIC MATERIALS,M.T,33426,10118,36302,-7.71,-10.84,-10.69,Export,2024,Qtr 1,March,1
3247,OTHER MANUFACTURES GROUP,CHEMICALS AND PHARM PRODUCTS,PHARMACEUTICAL PRODUCTS,M.T,7919,10613,38080,49.52,28.32,28.54,Export,2024,Qtr 1,March,1
3248,OTHER MANUFACTURES GROUP,CHEMICALS AND PHARM PRODUCTS,OTHER CHEMICALS,,,16682,59856,,28.81,29.03,Export,2024,Qtr 1,March,1
3250,OTHER MANUFACTURES GROUP,ENGINEERING GOODS,ELECTRIC FANS,TH.NOS,314,1089,3908,73.36,30.49,30.7,Export,2024,Qtr 1,March,1
3251,OTHER MANUFACTURES GROUP,ENGINEERING GOODS,TRANSPORT EQUIPMENT,,,718,2575,,13.72,13.91,Export,2024,Qtr 1,March,1
3252,OTHER MANUFACTURES GROUP,ENGINEERING GOODS,OTHER ELECTRICAL MACHINERY,,,1709,6133,,105.73,106.09,Export,2024,Qtr 1,March,1
3254,OTHER MANUFACTURES GROUP,ENGINEERING GOODS,MACHINERY SPECIALIZED FOR PARTICULAR INDUSTRIES,,,877,3146,,-66.55,-66.49,Export,2024,Qtr 1,March,1
3255,OTHER MANUFACTURES GROUP,ENGINEERING GOODS,AUTO PARTS & ACCESSORIES,,,614,2204,,10.35,10.55,Export,2024,Qtr 1,March,1
3256,OTHER MANUFACTURES GROUP,ENGINEERING GOODS,RUBBER TYRES & TUBES,TH.NOS,1621,2201,7896,24.54,9.81,10,Export,2024,Qtr 1,March,1
3257,OTHER MANUFACTURES GROUP,ENGINEERING GOODS,OTHER MACHINERY,,,1794,6435,,-3.13,-2.97,Export,2024,Qtr 1,March,1
3258,OTHER MANUFACTURES GROUP,,GEMS,K.G,34,77,277,-72.33,-72.72,-72.67,Export,2024,Qtr 1,March,1
3259,OTHER MANUFACTURES GROUP,,JEWELLERY,,,268,962,,186.77,187.19,Export,2024,Qtr 1,March,1
3260,OTHER MANUFACTURES GROUP,,FURNITURE,TH.NOS,162,150,539,23.29,-17.51,-17.34,Export,2024,Qtr 1,March,1
3261,OTHER MANUFACTURES GROUP,,MOLASSES,M.T,51541,2630,9438,277.46,273.96,274.59,Export,2024,Qtr 1,March,1
3262,OTHER MANUFACTURES GROUP,,HANDICRAFTS,,,0,0,,0,0,Export,2024,Qtr 1,March,1
3263,OTHER MANUFACTURES GROUP,,CEMENT,M.T,391957,4340,15572,12.14,17.34,17.55,Export,2024,Qtr 1,March,1
3264,OTHER MANUFACTURES GROUP,,GUAR AND GUAR PRODUCTS,M.T,2489,1102,3953,-32.16,-26.6,-26.47,Export,2024,Qtr 1,March,1
3265,OTHER MANUFACTURES GROUP,,ALL OTHER ITEMS,,,62552,224438,,39.43,39.67,Export,2024,Qtr 1,March,1
3269,FOOD GROUP,RICE,BASMATI,M.T,66902,20807,74777,0,-2.67,-2.71,Export,2024,Qtr 2,May,1
3270,FOOD GROUP,RICE,OTHERS,M.T,439414,75311,270660,-5.08,-1.47,-1.51,Export,2024,Qtr 2,May,1
3271,FOOD GROUP,,FISH & FISH PREPARATIONS,M.T,18765,10310,37053,-8.78,-14.95,-14.99,Export,2024,Qtr 2,May,1
3272,FOOD GROUP,,FRUITS,M.T,50040,5673,20388,113.19,144.57,144.48,Export,2024,Qtr 2,May,1
3273,FOOD GROUP,,VEGETABLES,M.T,149519,10756,38654,18.42,18.23,18.18,Export,2024,Qtr 2,May,1
3274,FOOD GROUP,,LEGUMINOUS VEGETABLES (PULSES),M.T,0,0,0,0,0,0,Export,2024,Qtr 2,May,1
3275,FOOD GROUP,,TOBACCO,M.T,60,34,123,-77.85,-84.42,-84.47,Export,2024,Qtr 2,May,1
3276,FOOD GROUP,,WHEAT,M.T,0,0,0,0,0,0,Export,2024,Qtr 2,May,1
3277,FOOD GROUP,,SPICES,M.T,2573,2281,8199,28.92,20.6,20.55,Export,2024,Qtr 2,May,1
3278,FOOD GROUP,,"OIL SEEDS, NUTS AND KERNALS",M.T,9145,2612,9388,124.58,75.2,75.12,Export,2024,Qtr 2,May,1
3279,FOOD GROUP,,SUGAR,M.T,0,0,0,0,0,0,Export,2024,Qtr 2,May,1
3280,FOOD GROUP,,MEAT AND MEAT PREPARATIONS,M.T,11031,12380,44494,1.69,1.39,1.35,Export,2024,Qtr 2,May,1
3281,FOOD GROUP,,ALL OTHER FOOD ITEMS,,,25911,93121,,19.61,19.56,Export,2024,Qtr 2,May,1
3283,TEXTILE GROUP,,RAW COTTON,M.T,,0,0,0,0,0,Export,2024,Qtr 2,May,1
3284,TEXTILE GROUP,,COTTON YARN,M.T,22823,17883,64270,16.88,18.81,18.77,Export,2024,Qtr 2,May,1
3285,TEXTILE GROUP,,COTTON CLOTH,M.T,32262,48117,172926,28.02,28.12,28.07,Export,2024,Qtr 2,May,1
3286,TEXTILE GROUP,,COTTON CARDED OR COMBED,M.T,0,0,0,-100,-100,-100,Export,2024,Qtr 2,May,1
3287,TEXTILE GROUP,,YARN OTHER THAN COTTON YARN,M.T,821,588,2112,5.95,-1.9,-1.93,Export,2024,Qtr 2,May,1
3288,TEXTILE GROUP,,KNITWEAR,TH.DOZ,24535,115022,413376,21.91,26.71,26.67,Export,2024,Qtr 2,May,1
3289,TEXTILE GROUP,,BED WEAR,M.T,46534,77184,277390,34.52,37.02,36.96,Export,2024,Qtr 2,May,1
3290,TEXTILE GROUP,,TOWELS,M.T,21849,28768,103389,30.82,28.09,28.04,Export,2024,Qtr 2,May,1
3291,TEXTILE GROUP,,"TENTS,CANVAS & TARPULIN",M.T,2387,2739,9844,-7.24,6.2,6.16,Export,2024,Qtr 2,May,1
3292,TEXTILE GROUP,,READYMADE GARMENTS,TH.DOZ,7470,97564,350635,20.54,20.42,20.37,Export,2024,Qtr 2,May,1
3293,TEXTILE GROUP,,"ART,SILK & SYNTHETIC TEXTILE",M.T,7837,9550,34320,22.67,23.34,23.29,Export,2024,Qtr 2,May,1
3294,TEXTILE GROUP,,MADEUP ARTICLES(EXCL TOWELS & BEDWEAR,,,18558,66696,,25.03,24.98,Export,2024,Qtr 2,May,1
3295,TEXTILE GROUP,,OTHER TEXTILE MATERIALS,,,17605,63272,,16.04,16,Export,2024,Qtr 2,May,1
3297,PETROLEUM GROUP & COAL,,PETROLEUM CRUDE,M.T,0,0,0,0,0,0,Export,2024,Qtr 2,May,1
3298,PETROLEUM GROUP & COAL,,PETROLEUM PRODUCTS(EXCL TOP NAPHTA),M.T,178878,25393,91261,224.71,257.85,257.71,Export,2024,Qtr 2,May,1
3299,PETROLEUM GROUP & COAL,,PETROLEUM TOP NAPHTA,M.T,9736,2107,7573,100,100,100,Export,2024,Qtr 2,May,1
3300,PETROLEUM GROUP & COAL,,SOLID FUELS (COAL),M.T,0,0,0,0,0,0,Export,2024,Qtr 2,May,1
3302,OTHER MANUFACTURES GROUP,,"CARPETS, RUGS & MATS",TH.SQM,220,1376,4946,34.16,-4.28,-4.32,Export,2024,Qtr 2,May,1
3304,OTHER MANUFACTURES GROUP,SPORTS GOODS,FOOTBALLS,TH.DOZ,482,6893,24772,-5.72,-5.71,-5.74,Export,2024,Qtr 2,May,1
3305,OTHER MANUFACTURES GROUP,SPORTS GOODS,GLOVES,TH.DOZ,70,1322,4752,9.2,6,5.96,Export,2024,Qtr 2,May,1
3306,OTHER MANUFACTURES GROUP,SPORTS GOODS,OTHERS,,,2076,7460,,6.88,6.84,Export,2024,Qtr 2,May,1
3307,OTHER MANUFACTURES GROUP,,LEATHER TANNED,M.T,1040,3975,14287,5,14.57,14.53,Export,2024,Qtr 2,May,1
3309,OTHER MANUFACTURES GROUP,LEATHER MANUFACTURES,LEATHER GARMENTS,TH.DOZ,200,5176,18603,19.5,16.87,16.82,Export,2024,Qtr 2,May,1
3310,OTHER MANUFACTURES GROUP,LEATHER MANUFACTURES,LEATHER GLOVES,TH.DOZ,840,6658,23927,8.37,-4.51,-4.55,Export,2024,Qtr 2,May,1
3311,OTHER MANUFACTURES GROUP,LEATHER MANUFACTURES,OTHER LEATHER MANUFACTURES,,,307,1104,,2.67,2.61,Export,2024,Qtr 2,May,1
3313,OTHER MANUFACTURES GROUP,FOOTWEAR,LEATHER FOOTWEAR,TH.Pairs,823,3290,11822,74.14,67.12,67.05,Export,2024,Qtr 2,May,1
3314,OTHER MANUFACTURES GROUP,FOOTWEAR,CANVAS FOOTWEAR,TH.Pairs,10,51,183,-58.4,-62.5,-62.53,Export,2024,Qtr 2,May,1
3315,OTHER MANUFACTURES GROUP,FOOTWEAR,OTHER FOOTWEAR,TH.Pairs,919,609,2189,12.34,-7.1,-7.12,Export,2024,Qtr 2,May,1
3316,OTHER MANUFACTURES GROUP,,SURGICAL GOODS & MEDICAL INSTRUMENTS,,,11466,41209,,17.38,17.33,Export,2024,Qtr 2,May,1
3317,OTHER MANUFACTURES GROUP,,CUTLERY,,,1364,4901,,9.2,9.15,Export,2024,Qtr 2,May,1
3318,OTHER MANUFACTURES GROUP,,ONYX MANUFACTURED,M.T,235,163,586,98.49,54.27,54.28,Export,2024,Qtr 2,May,1
3320,OTHER MANUFACTURES GROUP,CHEMICALS AND PHARM PRODUCTS,FERTILIZER MANUFACTURED,M.T,0,0,0,0,0,0,Export,2024,Qtr 2,May,1
3321,OTHER MANUFACTURES GROUP,CHEMICALS AND PHARM PRODUCTS,PLASTIC MATERIALS,M.T,32651,10745,38615,22.69,27.47,27.42,Export,2024,Qtr 2,May,1
3322,OTHER MANUFACTURES GROUP,CHEMICALS AND PHARM PRODUCTS,PHARMACEUTICAL PRODUCTS,M.T,9336,10722,38533,26.9,29.73,29.68,Export,2024,Qtr 2,May,1
3323,OTHER MANUFACTURES GROUP,CHEMICALS AND PHARM PRODUCTS,OTHER CHEMICALS,,,23578,84735,,60.75,60.69,Export,2024,Qtr 2,May,1
3325,OTHER MANUFACTURES GROUP,ENGINEERING GOODS,ELECTRIC FANS,TH.NOS,195,945,3396,-10.44,-9.26,-9.28,Export,2024,Qtr 2,May,1
3326,OTHER MANUFACTURES GROUP,ENGINEERING GOODS,TRANSPORT EQUIPMENT,,,1638,5885,,118.67,118.57,Export,2024,Qtr 2,May,1
3327,OTHER MANUFACTURES GROUP,ENGINEERING GOODS,OTHER ELECTRICAL MACHINERY,,,1182,4249,,10.01,9.97,Export,2024,Qtr 2,May,1
3329,OTHER MANUFACTURES GROUP,ENGINEERING GOODS,MACHINERY SPECIALIZED FOR PARTICULAR INDUSTRIES,,,1429,5134,,130.85,130.74,Export,2024,Qtr 2,May,1
3330,OTHER MANUFACTURES GROUP,ENGINEERING GOODS,AUTO PARTS & ACCESSORIES,,,718,2579,,40.17,40.12,Export,2024,Qtr 2,May,1
3331,OTHER MANUFACTURES GROUP,ENGINEERING GOODS,RUBBER TYRES & TUBES,TH.NOS,2106,2175,7818,22.79,-3.11,-3.15,Export,2024,Qtr 2,May,1
3332,OTHER MANUFACTURES GROUP,ENGINEERING GOODS,OTHER MACHINERY,,,1881,6760,,15.93,15.88,Export,2024,Qtr 2,May,1
3333,OTHER MANUFACTURES GROUP,,GEMS,K.G,62,93,335,129.43,81.97,82.01,Export,2024,Qtr 2,May,1
3334,OTHER MANUFACTURES GROUP,,JEWELLERY,,,309,1112,,1575.09,1574.24,Export,2024,Qtr 2,May,1
3335,OTHER MANUFACTURES GROUP,,FURNITURE,TH.NOS,114,155,556,48.03,60.24,60.32,Export,2024,Qtr 2,May,1
3336,OTHER MANUFACTURES GROUP,,MOLASSES,M.T,23201,1136,4083,-45.61,-45.88,-45.9,Export,2024,Qtr 2,May,1
3337,OTHER MANUFACTURES GROUP,,HANDICRAFTS,,,0,0,,0,0,Export,2024,Qtr 2,May,1
3338,OTHER MANUFACTURES GROUP,,CEMENT,M.T,880574,8974,32251,32.46,28.67,28.62,Export,2024,Qtr 2,May,1
3339,OTHER MANUFACTURES GROUP,,GUAR AND GUAR PRODUCTS,M.T,1811,903,3243,6.1,12.73,12.67,Export,2024,Qtr 2,May,1
3340,OTHER MANUFACTURES GROUP,,ALL OTHER ITEMS,,,51738,185942,,-3.52,-3.55,Export,2024,Qtr 2,May,1
3344,FOOD GROUP,RICE,BASMATI,M.T,52918,15085,54299,-19.31,-20.87,-20.91,Export,2024,Qtr 4,November,1
3345,FOOD GROUP,RICE,OTHERS,M.T,728964,104754,377072,35.34,28.46,28.4,Export,2024,Qtr 4,November,1
3346,FOOD GROUP,,FISH & FISH PREPARATIONS,M.T,21195,12840,46220,1.05,0.51,0.46,Export,2024,Qtr 4,November,1
3347,FOOD GROUP,,FRUITS,M.T,28894,4425,15927,-47.28,-34.83,-34.87,Export,2024,Qtr 4,November,1
3348,FOOD GROUP,,VEGETABLES,M.T,52282,5306,19099,-13.66,-1.21,-1.27,Export,2024,Qtr 4,November,1
3349,FOOD GROUP,,LEGUMINOUS VEGETABLES (PULSES),M.T,0,0,0,0,0,0,Export,2024,Qtr 4,November,1
3350,FOOD GROUP,,TOBACCO,M.T,2612,2679,9643,-70.33,-65.88,-65.89,Export,2024,Qtr 4,November,1
3351,FOOD GROUP,,WHEAT,M.T,0,0,0,0,0,0,Export,2024,Qtr 4,November,1
3352,FOOD GROUP,,SPICES,M.T,2224,2065,7434,-13.39,-18.14,-18.2,Export,2024,Qtr 4,November,1
3353,FOOD GROUP,,"OIL SEEDS, NUTS AND KERNALS",M.T,45364,14775,53184,-43.03,-43.8,-43.83,Export,2024,Qtr 4,November,1
3354,FOOD GROUP,,SUGAR,M.T,166283,24578,88470,234.96,221.78,221.62,Export,2024,Qtr 4,November,1
3355,FOOD GROUP,,MEAT AND MEAT PREPARATIONS,M.T,10204,11516,41451,1.74,-6.61,-6.65,Export,2024,Qtr 4,November,1
3356,FOOD GROUP,,ALL OTHER FOOD ITEMS,,,21447,77200,,-16.36,-16.4,Export,2024,Qtr 4,November,1
3358,TEXTILE GROUP,,RAW COTTON,M.T,0,0,0,0,0,0,Export,2024,Qtr 4,November,1
3359,TEXTILE GROUP,,COTTON YARN,M.T,30575,22393,80607,39.54,36.27,36.21,Export,2024,Qtr 4,November,1
3360,TEXTILE GROUP,,COTTON CLOTH,M.T,25295,37899,136422,-11.38,-12.37,-12.42,Export,2024,Qtr 4,November,1
3361,TEXTILE GROUP,,COTTON CARDED OR COMBED,M.T,1,2,6,100,100,100,Export,2024,Qtr 4,November,1
3362,TEXTILE GROUP,,YARN OTHER THAN COTTON YARN,M.T,982,800,2879,0.12,-0.27,-0.31,Export,2024,Qtr 4,November,1
3363,TEXTILE GROUP,,KNITWEAR,TH.DOZ,20205,114997,413943,-10,-15.67,-15.71,Export,2024,Qtr 4,November,1
3364,TEXTILE GROUP,,BED WEAR,M.T,41748,70653,254321,-8.42,-7.38,-7.42,Export,2024,Qtr 4,November,1
3365,TEXTILE GROUP,,TOWELS,M.T,18918,23694,85289,-7.28,-10.31,-10.35,Export,2024,Qtr 4,November,1
3366,TEXTILE GROUP,,"TENTS,CANVAS & TARPULIN",M.T,4413,3566,12834,4.64,10.56,10.51,Export,2024,Qtr 4,November,1
3367,TEXTILE GROUP,,READYMADE GARMENTS,TH.DOZ,6587,91306,328664,-8.7,-9.15,-9.19,Export,2024,Qtr 4,November,1
3368,TEXTILE GROUP,,"ART,SILK & SYNTHETIC TEXTILE",M.T,6001,8277,29792,-13.78,-15.16,-15.2,Export,2024,Qtr 4,November,1
3369,TEXTILE GROUP,,MADEUP ARTICLES(EXCL TOWELS & BEDWEAR,,,17543,63146,,-13.13,-13.17,Export,2024,Qtr 4,November,1
3370,TEXTILE GROUP,,OTHER TEXTILE MATERIALS,,,14771,53169,,-19.02,-19.06,Export,2024,Qtr 4,November,1
3372,PETROLEUM GROUP & COAL,,PETROLEUM CRUDE,M.T,0,0,0,0,0,0,Export,2024,Qtr 4,November,1
3373,PETROLEUM GROUP & COAL,,PETROLEUM PRODUCTS(EXCL TOP NAPHTA),M.T,116242,14635,52679,61.49,71.23,71.14,Export,2024,Qtr 4,November,1
3374,PETROLEUM GROUP & COAL,,PETROLEUM TOP NAPHTA,M.T,9210,1517,5461,100,100,100,Export,2024,Qtr 4,November,1
3375,PETROLEUM GROUP & COAL,,SOLID FUELS (COAL),M.T,0,0,0,0,0,0,Export,2024,Qtr 4,November,1
3377,OTHER MANUFACTURES GROUP,,"CARPETS, RUGS & MATS",TH.SQM,279,1624,5844,3.47,25.37,25.3,Export,2024,Qtr 4,November,1
3379,OTHER MANUFACTURES GROUP,SPORTS GOODS,FOOTBALLS,TH.DOZ,295,4821,17354,-5.45,-4.7,-4.75,Export,2024,Qtr 4,November,1
3380,OTHER MANUFACTURES GROUP,SPORTS GOODS,GLOVES,TH.DOZ,70,1517,5461,-9.09,-8.38,-8.42,Export,2024,Qtr 4,November,1
3381,OTHER MANUFACTURES GROUP,SPORTS GOODS,OTHERS,,,1819,6548,,-19.69,-19.75,Export,2024,Qtr 4,November,1
3382,OTHER MANUFACTURES GROUP,,LEATHER TANNED,M.T,690,2893,10415,1.76,-10.97,-11.01,Export,2024,Qtr 4,November,1
3384,OTHER MANUFACTURES GROUP,LEATHER MANUFACTURES,LEATHER GARMENTS,TH.DOZ,140,5057,18202,-22.65,-21.89,-21.93,Export,2024,Qtr 4,November,1
3385,OTHER MANUFACTURES GROUP,LEATHER MANUFACTURES,LEATHER GLOVES,TH.DOZ,780,7516,27056,-11.06,-9.08,-9.12,Export,2024,Qtr 4,November,1
3386,OTHER MANUFACTURES GROUP,LEATHER MANUFACTURES,OTHER LEATHER MANUFACTURES,,,342,1231,,4.88,4.86,Export,2024,Qtr 4,November,1
3388,OTHER MANUFACTURES GROUP,FOOTWEAR,LEATHER FOOTWEAR,TH.Pairs,757,2899,10434,-12.72,-7.63,-7.69,Export,2024,Qtr 4,November,1
3389,OTHER MANUFACTURES GROUP,FOOTWEAR,CANVAS FOOTWEAR,TH.Pairs,24,132,475,32.27,38.85,38.89,Export,2024,Qtr 4,November,1
3390,OTHER MANUFACTURES GROUP,FOOTWEAR,OTHER FOOTWEAR,TH.Pairs,1390,870,3131,80.05,25.33,25.24,Export,2024,Qtr 4,November,1
3391,OTHER MANUFACTURES GROUP,,SURGICAL GOODS & MEDICAL INSTRUMENTS,,,10336,37206,,-8.48,-8.53,Export,2024,Qtr 4,November,1
3392,OTHER MANUFACTURES GROUP,,CUTLERY,,,1322,4759,,-22.19,-22.21,Export,2024,Qtr 4,November,1
3393,OTHER MANUFACTURES GROUP,,ONYX MANUFACTURED,M.T,267,188,675,103.76,64.56,64.63,Export,2024,Qtr 4,November,1
3395,OTHER MANUFACTURES GROUP,CHEMICALS AND PHARM PRODUCTS,FERTILIZER MANUFACTURED,M.T,0,0,0,0,0,0,Export,2024,Qtr 4,November,1
3396,OTHER MANUFACTURES GROUP,CHEMICALS AND PHARM PRODUCTS,PLASTIC MATERIALS,M.T,43049,13067,47037,4.95,-1.82,-1.87,Export,2024,Qtr 4,November,1
3397,OTHER MANUFACTURES GROUP,CHEMICALS AND PHARM PRODUCTS,PHARMACEUTICAL PRODUCTS,M.T,6828,8687,31270,-32.27,-12.9,-12.95,Export,2024,Qtr 4,November,1
3398,OTHER MANUFACTURES GROUP,CHEMICALS AND PHARM PRODUCTS,OTHER CHEMICALS,,,10252,36902,,-12.89,-12.94,Export,2024,Qtr 4,November,1
3400,OTHER MANUFACTURES GROUP,ENGINEERING GOODS,ELECTRIC FANS,TH.NOS,57,346,1245,11.76,13.75,13.7,Export,2024,Qtr 4,November,1
3401,OTHER MANUFACTURES GROUP,ENGINEERING GOODS,TRANSPORT EQUIPMENT,,,406,1460,,-57.71,-57.72,Export,2024,Qtr 4,November,1
3402,OTHER MANUFACTURES GROUP,ENGINEERING GOODS,OTHER ELECTRICAL MACHINERY,,,2068,7442,,36.74,36.68,Export,2024,Qtr 4,November,1
3404,OTHER MANUFACTURES GROUP,ENGINEERING GOODS,MACHINERY SPECIALIZED FOR PARTICULAR INDUSTRIES,,,814,2929,,-20.85,-20.86,Export,2024,Qtr 4,November,1
3405,OTHER MANUFACTURES GROUP,ENGINEERING GOODS,AUTO PARTS & ACCESSORIES,,,429,1543,,-13.73,-13.75,Export,2024,Qtr 4,November,1
3406,OTHER MANUFACTURES GROUP,ENGINEERING GOODS,RUBBER TYRES & TUBES,TH.NOS,1689,2392,8610,-25.57,-11.38,-11.42,Export,2024,Qtr 4,November,1
3407,OTHER MANUFACTURES GROUP,ENGINEERING GOODS,OTHER MACHINERY,,,1209,4351,,-49.36,-49.38,Export,2024,Qtr 4,November,1
3408,OTHER MANUFACTURES GROUP,,GEMS,K.G,52,95,344,-23.08,-11.64,-11.34,Export,2024,Qtr 4,November,1
3409,OTHER MANUFACTURES GROUP,,JEWELLERY,,,338,1217,,-60.73,-60.74,Export,2024,Qtr 4,November,1
3410,OTHER MANUFACTURES GROUP,,FURNITURE,TH.NOS,79,189,681,75.56,78.45,78.74,Export,2024,Qtr 4,November,1
3411,OTHER MANUFACTURES GROUP,,MOLASSES,M.T,303,11,38,-98.93,-99.07,-99.08,Export,2024,Qtr 4,November,1
3412,OTHER MANUFACTURES GROUP,,HANDICRAFTS,,,0,0,,0,0,Export,2024,Qtr 4,November,1
3413,OTHER MANUFACTURES GROUP,,CEMENT,M.T,881469,8600,30957,-17.22,-21.44,-21.47,Export,2024,Qtr 4,November,1
3414,OTHER MANUFACTURES GROUP,,GUAR AND GUAR PRODUCTS,M.T,2159,1034,3720,18.8,23.78,23.75,Export,2024,Qtr 4,November,1
3415,OTHER MANUFACTURES GROUP,,ALL OTHER ITEMS,,,54361,195677,,-3.2,-3.25,Export,2024,Qtr 4,November,1
3419,FOOD GROUP,RICE,BASMATI,M.T,65544,19064,68657,0.67,-2.88,-2.68,Export,2024,Qtr 4,October,1
3420,FOOD GROUP,RICE,OTHERS,M.T,538600,81544,293672,74.14,57.02,57.34,Export,2024,Qtr 4,October,1
3421,FOOD GROUP,,FISH & FISH PREPARATIONS,M.T,21395,12775,46009,35.57,31.18,31.45,Export,2024,Qtr 4,October,1
3422,FOOD GROUP,,FRUITS,M.T,53988,6790,24454,16.44,12.7,12.94,Export,2024,Qtr 4,October,1
3423,FOOD GROUP,,VEGETABLES,M.T,55747,5371,19344,-17.24,-6.5,-6.32,Export,2024,Qtr 4,October,1
3424,FOOD GROUP,,LEGUMINOUS VEGETABLES (PULSES),M.T,0,0,0,0,0,0,Export,2024,Qtr 4,October,1
3425,FOOD GROUP,,TOBACCO,M.T,6238,7851,28274,58.76,64.07,64.41,Export,2024,Qtr 4,October,1
3426,FOOD GROUP,,WHEAT,M.T,0,0,0,0,0,0,Export,2024,Qtr 4,October,1
3427,FOOD GROUP,,SPICES,M.T,2735,2523,9088,55.48,6.65,6.87,Export,2024,Qtr 4,October,1
3428,FOOD GROUP,,"OIL SEEDS, NUTS AND KERNALS",M.T,88330,26289,94678,21.65,5.48,5.7,Export,2024,Qtr 4,October,1
3429,FOOD GROUP,,SUGAR,M.T,49643,7638,27508,-3.52,-2.86,-2.66,Export,2024,Qtr 4,October,1
3430,FOOD GROUP,,MEAT AND MEAT PREPARATIONS,M.T,10567,12330,44405,6.16,9.42,9.65,Export,2024,Qtr 4,October,1
3431,FOOD GROUP,,ALL OTHER FOOD ITEMS,,,25642,92346,,6.88,7.1,Export,2024,Qtr 4,October,1
3433,TEXTILE GROUP,,RAW COTTON,M.T,0,0,0,0,0,0,Export,2024,Qtr 4,October,1
3434,TEXTILE GROUP,,COTTON YARN,M.T,22011,16433,59180,15.12,13.59,13.83,Export,2024,Qtr 4,October,1
3435,TEXTILE GROUP,,COTTON CLOTH,M.T,28775,43251,155764,-21,-22.66,-22.5,Export,2024,Qtr 4,October,1
3436,TEXTILE GROUP,,COTTON CARDED OR COMBED,M.T,0,0,0,0,0,0,Export,2024,Qtr 4,October,1
3437,TEXTILE GROUP,,YARN OTHER THAN COTTON YARN,M.T,1247,802,2888,37.23,10.14,10.44,Export,2024,Qtr 4,October,1
3438,TEXTILE GROUP,,KNITWEAR,TH.DOZ,23634,136359,491083,7.66,9.31,9.54,Export,2024,Qtr 4,October,1
3439,TEXTILE GROUP,,BED WEAR,M.T,45588,76281,274718,-5.62,-5.54,-5.34,Export,2024,Qtr 4,October,1
3440,TEXTILE GROUP,,TOWELS,M.T,20431,26419,95145,5.71,4.86,5.07,Export,2024,Qtr 4,October,1
3441,TEXTILE GROUP,,"TENTS,CANVAS & TARPULIN",M.T,4413,3225,11616,19.46,25.75,26,Export,2024,Qtr 4,October,1
3442,TEXTILE GROUP,,READYMADE GARMENTS,TH.DOZ,8122,100547,362109,15.03,6.81,7.03,Export,2024,Qtr 4,October,1
3443,TEXTILE GROUP,,"ART,SILK & SYNTHETIC TEXTILE",M.T,7055,9755,35132,-6.53,-0.51,-0.3,Export,2024,Qtr 4,October,1
3444,TEXTILE GROUP,,MADEUP ARTICLES(EXCL TOWELS & BEDWEAR,,,20198,72741,,1.3,1.51,Export,2024,Qtr 4,October,1
3445,TEXTILE GROUP,,OTHER TEXTILE MATERIALS,,,18161,65406,,-0.69,-0.49,Export,2024,Qtr 4,October,1
3447,PETROLEUM GROUP & COAL,,PETROLEUM CRUDE,M.T,0,0,0,-100,-100,-100,Export,2024,Qtr 4,October,1
3448,PETROLEUM GROUP & COAL,,PETROLEUM PRODUCTS(EXCL TOP NAPHTA),M.T,71399,8547,30781,22.53,16.73,16.97,Export,2024,Qtr 4,October,1
3449,PETROLEUM GROUP & COAL,,PETROLEUM TOP NAPHTA,M.T,0,0,0,-100,-100,-100,Export,2024,Qtr 4,October,1
3450,PETROLEUM GROUP & COAL,,SOLID FUELS (COAL),M.T,0,0,0,0,0,0,Export,2024,Qtr 4,October,1
3452,OTHER MANUFACTURES GROUP,,"CARPETS, RUGS & MATS",TH.SQM,279,1295,4664,33.28,37.2,37.5,Export,2024,Qtr 4,October,1
3454,OTHER MANUFACTURES GROUP,SPORTS GOODS,FOOTBALLS,TH.DOZ,321,5059,18219,2.56,3.16,3.37,Export,2024,Qtr 4,October,1
3455,OTHER MANUFACTURES GROUP,SPORTS GOODS,GLOVES,TH.DOZ,73,1656,5963,-8.75,-8.37,-8.19,Export,2024,Qtr 4,October,1
3456,OTHER MANUFACTURES GROUP,SPORTS GOODS,OTHERS,,,2265,8159,,16.59,16.82,Export,2024,Qtr 4,October,1
3457,OTHER MANUFACTURES GROUP,,LEATHER TANNED,M.T,841,3250,11703,4.94,-13.32,-13.14,Export,2024,Qtr 4,October,1
3459,OTHER MANUFACTURES GROUP,LEATHER MANUFACTURES,LEATHER GARMENTS,TH.DOZ,162,6474,23316,-5.26,-5.13,-4.93,Export,2024,Qtr 4,October,1
3460,OTHER MANUFACTURES GROUP,LEATHER MANUFACTURES,LEATHER GLOVES,TH.DOZ,870,8267,29772,-0.8,-0.21,0,Export,2024,Qtr 4,October,1
3461,OTHER MANUFACTURES GROUP,LEATHER MANUFACTURES,OTHER LEATHER MANUFACTURES,,,326,1174,,-8.68,-8.5,Export,2024,Qtr 4,October,1
3463,OTHER MANUFACTURES GROUP,FOOTWEAR,LEATHER FOOTWEAR,TH.Pairs,826,3138,11303,3.56,-7.01,-6.82,Export,2024,Qtr 4,October,1
3464,OTHER MANUFACTURES GROUP,FOOTWEAR,CANVAS FOOTWEAR,TH.Pairs,18,95,342,99.38,102.31,103.57,Export,2024,Qtr 4,October,1
3465,OTHER MANUFACTURES GROUP,FOOTWEAR,OTHER FOOTWEAR,TH.Pairs,810,721,2598,9.76,1.74,2,Export,2024,Qtr 4,October,1
3466,OTHER MANUFACTURES GROUP,,SURGICAL GOODS & MEDICAL INSTRUMENTS,,,11294,40675,,1.29,1.5,Export,2024,Qtr 4,October,1
3467,OTHER MANUFACTURES GROUP,,CUTLERY,,,1699,6118,,23.1,23.35,Export,2024,Qtr 4,October,1
3468,OTHER MANUFACTURES GROUP,,ONYX MANUFACTURED,M.T,188,114,410,0.74,-20.37,-20.39,Export,2024,Qtr 4,October,1
3470,OTHER MANUFACTURES GROUP,CHEMICALS AND PHARM PRODUCTS,FERTILIZER MANUFACTURED,M.T,0,0,0,0,0,0,Export,2024,Qtr 4,October,1
3471,OTHER MANUFACTURES GROUP,CHEMICALS AND PHARM PRODUCTS,PLASTIC MATERIALS,M.T,41579,13310,47933,20.27,12.76,13,Export,2024,Qtr 4,October,1
3472,OTHER MANUFACTURES GROUP,CHEMICALS AND PHARM PRODUCTS,PHARMACEUTICAL PRODUCTS,M.T,8630,9974,35920,3.93,-17.8,-17.63,Export,2024,Qtr 4,October,1
3473,OTHER MANUFACTURES GROUP,CHEMICALS AND PHARM PRODUCTS,OTHER CHEMICALS,,,11769,42387,,-23.49,-23.33,Export,2024,Qtr 4,October,1
3475,OTHER MANUFACTURES GROUP,ENGINEERING GOODS,ELECTRIC FANS,TH.NOS,55,304,1095,-45,-43.51,-43.41,Export,2024,Qtr 4,October,1
3476,OTHER MANUFACTURES GROUP,ENGINEERING GOODS,TRANSPORT EQUIPMENT,,,968,3487,,-18.92,-18.74,Export,2024,Qtr 4,October,1
3477,OTHER MANUFACTURES GROUP,ENGINEERING GOODS,OTHER ELECTRICAL MACHINERY,,,1512,5445,,42.78,43.1,Export,2024,Qtr 4,October,1
3479,OTHER MANUFACTURES GROUP,ENGINEERING GOODS,MACHINERY SPECIALIZED FOR PARTICULAR INDUSTRIES,,,1032,3717,,-19.12,-18.93,Export,2024,Qtr 4,October,1
3480,OTHER MANUFACTURES GROUP,ENGINEERING GOODS,AUTO PARTS & ACCESSORIES,,,497,1789,,-18.02,-17.82,Export,2024,Qtr 4,October,1
3481,OTHER MANUFACTURES GROUP,ENGINEERING GOODS,RUBBER TYRES & TUBES,TH.NOS,2131,2699,9720,17.91,0.89,1.1,Export,2024,Qtr 4,October,1
3482,OTHER MANUFACTURES GROUP,ENGINEERING GOODS,OTHER MACHINERY,,,2385,8588,,-2.27,-2.08,Export,2024,Qtr 4,October,1
3483,OTHER MANUFACTURES GROUP,,GEMS,K.G,107,108,388,-32.21,19.71,19.75,Export,2024,Qtr 4,October,1
3484,OTHER MANUFACTURES GROUP,,JEWELLERY,,,861,3100,,315.88,316.11,Export,2024,Qtr 4,October,1
3485,OTHER MANUFACTURES GROUP,,FURNITURE,TH.NOS,68,106,381,-41.84,-53.58,-53.42,Export,2024,Qtr 4,October,1
3486,OTHER MANUFACTURES GROUP,,MOLASSES,M.T,28177,1149,4138,129.44,117.62,118.25,Export,2024,Qtr 4,October,1
3487,OTHER MANUFACTURES GROUP,,HANDICRAFTS,,,0,0,,-100,-100,Export,2024,Qtr 4,October,1
3488,OTHER MANUFACTURES GROUP,,CEMENT,M.T,1064855,10947,39423,32.99,38.09,38.37,Export,2024,Qtr 4,October,1
3489,OTHER MANUFACTURES GROUP,,GUAR AND GUAR PRODUCTS,M.T,1654,835,3006,12.96,7.57,7.74,Export,2024,Qtr 4,October,1
3490,OTHER MANUFACTURES GROUP,,ALL OTHER ITEMS,,,56534,203603,,4.95,5.17,Export,2024,Qtr 4,October,1
3494,FOOD GROUP,RICE,BASMATI,M.T,65063,19630,70551,-31.73,-29.58,-29.5,Export,2024,Qtr 3,September,1
3495,FOOD GROUP,RICE,OTHERS,M.T,309265,51933,186646,23,17.38,17.5,Export,2024,Qtr 3,September,1
3496,FOOD GROUP,,FISH & FISH PREPARATIONS,M.T,16227,9739,35000,112.12,116.13,116.34,Export,2024,Qtr 3,September,1
3497,FOOD GROUP,,FRUITS,M.T,47852,6025,21653,25.42,-28.34,-28.27,Export,2024,Qtr 3,September,1
3498,FOOD GROUP,,VEGETABLES,M.T,67456,5745,20649,-7.31,-7.27,-7.17,Export,2024,Qtr 3,September,1
3499,FOOD GROUP,,LEGUMINOUS VEGETABLES (PULSES),M.T,0,0,0,0,0,0,Export,2024,Qtr 3,September,1
3500,FOOD GROUP,,TOBACCO,M.T,4295,4785,17197,-18.17,-12.14,-12.05,Export,2024,Qtr 3,September,1
3501,FOOD GROUP,,WHEAT,M.T,0,0,0,0,0,0,Export,2024,Qtr 3,September,1
3502,FOOD GROUP,,SPICES,M.T,1926,2366,8504,-15.39,6.82,6.93,Export,2024,Qtr 3,September,1
3503,FOOD GROUP,,"OIL SEEDS, NUTS AND KERNALS",M.T,74797,24923,89573,509.14,361.54,362.07,Export,2024,Qtr 3,September,1
3504,FOOD GROUP,,SUGAR,M.T,51452,7863,28261,9.49,-1.16,-1.05,Export,2024,Qtr 3,September,1
3505,FOOD GROUP,,MEAT AND MEAT PREPARATIONS,M.T,9992,11268,40496,12.2,5.38,5.5,Export,2024,Qtr 3,September,1
3506,FOOD GROUP,,ALL OTHER FOOD ITEMS,,,23991,86222,,-9.14,-9.04,Export,2024,Qtr 3,September,1
3508,TEXTILE GROUP,,RAW COTTON,M.T,0,0,0,0,0,0,Export,2024,Qtr 3,September,1
3509,TEXTILE GROUP,,COTTON YARN,M.T,18806,14466,51991,-5.24,-5.3,-5.19,Export,2024,Qtr 3,September,1
3510,TEXTILE GROUP,,COTTON CLOTH,M.T,36654,55925,200992,9.66,10,10.12,Export,2024,Qtr 3,September,1
3511,TEXTILE GROUP,,COTTON CARDED OR COMBED,M.T,0,0,0,0,0,0,Export,2024,Qtr 3,September,1
3512,TEXTILE GROUP,,YARN OTHER THAN COTTON YARN,M.T,1009,728,2615,-16.18,-23.1,-23,Export,2024,Qtr 3,September,1
3513,TEXTILE GROUP,,KNITWEAR,TH.DOZ,21345,124743,448323,-2.42,-3.25,-3.15,Export,2024,Qtr 3,September,1
3514,TEXTILE GROUP,,BED WEAR,M.T,48897,80751,290219,0.3,-0.18,-0.08,Export,2024,Qtr 3,September,1
3515,TEXTILE GROUP,,TOWELS,M.T,19322,25195,90550,-8.2,-10.15,-10.06,Export,2024,Qtr 3,September,1
3516,TEXTILE GROUP,,"TENTS,CANVAS & TARPULIN",M.T,3724,2565,9219,5.08,5.87,5.97,Export,2024,Qtr 3,September,1
3517,TEXTILE GROUP,,READYMADE GARMENTS,TH.DOZ,6811,94151,338376,-6.98,-6.88,-6.79,Export,2024,Qtr 3,September,1
3518,TEXTILE GROUP,,"ART,SILK & SYNTHETIC TEXTILE",M.T,7633,9805,35238,5.22,3.53,3.64,Export,2024,Qtr 3,September,1
3519,TEXTILE GROUP,,MADEUP ARTICLES(EXCL TOWELS & BEDWEAR,,,19942,71671,,0.38,0.49,Export,2024,Qtr 3,September,1
3520,TEXTILE GROUP,,OTHER TEXTILE MATERIALS,,,18266,65647,,-9.58,-9.48,Export,2024,Qtr 3,September,1
3522,PETROLEUM GROUP & COAL,,PETROLEUM CRUDE,M.T,40552,6879,24723,100,100,100,Export,2024,Qtr 3,September,1
3523,PETROLEUM GROUP & COAL,,PETROLEUM PRODUCTS(EXCL TOP NAPHTA),M.T,58248,7322,26315,4.78,-0.28,-0.19,Export,2024,Qtr 3,September,1
3524,PETROLEUM GROUP & COAL,,PETROLEUM TOP NAPHTA,M.T,9279,1864,6698,100,100,100,Export,2024,Qtr 3,September,1
3525,PETROLEUM GROUP & COAL,,SOLID FUELS (COAL),M.T,0,0,0,0,0,0,Export,2024,Qtr 3,September,1
3527,OTHER MANUFACTURES GROUP,,"CARPETS, RUGS & MATS",TH.SQM,154,944,3392,-27.36,-32.69,-32.59,Export,2024,Qtr 3,September,1
3529,OTHER MANUFACTURES GROUP,SPORTS GOODS,FOOTBALLS,TH.DOZ,367,4904,17625,-1.08,-15.91,-15.82,Export,2024,Qtr 3,September,1
3530,OTHER MANUFACTURES GROUP,SPORTS GOODS,GLOVES,TH.DOZ,96,1807,6495,39.13,38.28,38.4,Export,2024,Qtr 3,September,1
3531,OTHER MANUFACTURES GROUP,SPORTS GOODS,OTHERS,,,1943,6984,,-0.25,-0.13,Export,2024,Qtr 3,September,1
3532,OTHER MANUFACTURES GROUP,,LEATHER TANNED,M.T,854,3749,13474,20.45,32.2,32.33,Export,2024,Qtr 3,September,1
3534,OTHER MANUFACTURES GROUP,LEATHER MANUFACTURES,LEATHER GARMENTS,TH.DOZ,221,6824,24524,1.84,4.46,4.58,Export,2024,Qtr 3,September,1
3535,OTHER MANUFACTURES GROUP,LEATHER MANUFACTURES,LEATHER GLOVES,TH.DOZ,985,8284,29772,8.72,-1.71,-1.61,Export,2024,Qtr 3,September,1
3536,OTHER MANUFACTURES GROUP,LEATHER MANUFACTURES,OTHER LEATHER MANUFACTURES,,,357,1283,,3.51,3.47,Export,2024,Qtr 3,September,1
3538,OTHER MANUFACTURES GROUP,FOOTWEAR,LEATHER FOOTWEAR,TH.Pairs,776,3375,12130,-15.13,-19.75,-19.66,Export,2024,Qtr 3,September,1
3539,OTHER MANUFACTURES GROUP,FOOTWEAR,CANVAS FOOTWEAR,TH.Pairs,9,47,168,-37.09,-40.24,-40,Export,2024,Qtr 3,September,1
3540,OTHER MANUFACTURES GROUP,FOOTWEAR,OTHER FOOTWEAR,TH.Pairs,924,710,2553,0.44,-18.08,-17.99,Export,2024,Qtr 3,September,1
3541,OTHER MANUFACTURES GROUP,,SURGICAL GOODS & MEDICAL INSTRUMENTS,,,11150,40074,,3.71,3.82,Export,2024,Qtr 3,September,1
3542,OTHER MANUFACTURES GROUP,,CUTLERY,,,1380,4960,,-18.92,-18.85,Export,2024,Qtr 3,September,1
3543,OTHER MANUFACTURES GROUP,,ONYX MANUFACTURED,M.T,196,143,515,158.48,138.67,140.65,Export,2024,Qtr 3,September,1
3545,OTHER MANUFACTURES GROUP,CHEMICALS AND PHARM PRODUCTS,FERTILIZER MANUFACTURED,M.T,0,0,0,0,0,0,Export,2024,Qtr 3,September,1
3546,OTHER MANUFACTURES GROUP,CHEMICALS AND PHARM PRODUCTS,PLASTIC MATERIALS,M.T,35192,11803,42419,-16.13,-15.57,-15.48,Export,2024,Qtr 3,September,1
3547,OTHER MANUFACTURES GROUP,CHEMICALS AND PHARM PRODUCTS,PHARMACEUTICAL PRODUCTS,M.T,8540,12133,43607,26.76,53.61,53.78,Export,2024,Qtr 3,September,1
3548,OTHER MANUFACTURES GROUP,CHEMICALS AND PHARM PRODUCTS,OTHER CHEMICALS,,,15382,55282,,8.45,8.56,Export,2024,Qtr 3,September,1
3550,OTHER MANUFACTURES GROUP,ENGINEERING GOODS,ELECTRIC FANS,TH.NOS,91,538,1935,-36.07,-23.63,-23.58,Export,2024,Qtr 3,September,1
3551,OTHER MANUFACTURES GROUP,ENGINEERING GOODS,TRANSPORT EQUIPMENT,,,1196,4297,,182.02,182.33,Export,2024,Qtr 3,September,1
3552,OTHER MANUFACTURES GROUP,ENGINEERING GOODS,OTHER ELECTRICAL MACHINERY,,,1059,3805,,-34.41,-34.32,Export,2024,Qtr 3,September,1
3554,OTHER MANUFACTURES GROUP,ENGINEERING GOODS,MACHINERY SPECIALIZED FOR PARTICULAR INDUSTRIES,,,1276,4587,,-72.96,-72.93,Export,2024,Qtr 3,September,1
3555,OTHER MANUFACTURES GROUP,ENGINEERING GOODS,AUTO PARTS & ACCESSORIES,,,606,2177,,32.53,32.74,Export,2024,Qtr 3,September,1
3556,OTHER MANUFACTURES GROUP,ENGINEERING GOODS,RUBBER TYRES & TUBES,TH.NOS,1696,2675,9614,-13.36,9.1,9.21,Export,2024,Qtr 3,September,1
3557,OTHER MANUFACTURES GROUP,ENGINEERING GOODS,OTHER MACHINERY,,,2442,8775,,-7.09,-7.01,Export,2024,Qtr 3,September,1
3558,OTHER MANUFACTURES GROUP,,GEMS,K.G,75,90,324,176.9,20.31,19.56,Export,2024,Qtr 3,September,1
3559,OTHER MANUFACTURES GROUP,,JEWELLERY,,,207,745,,26.48,26.49,Export,2024,Qtr 3,September,1
3560,OTHER MANUFACTURES GROUP,,FURNITURE,TH.NOS,127,228,818,12.55,-2.76,-2.5,Export,2024,Qtr 3,September,1
3561,OTHER MANUFACTURES GROUP,,MOLASSES,M.T,12293,528,1896,46.26,52.94,53.03,Export,2024,Qtr 3,September,1
3562,OTHER MANUFACTURES GROUP,,HANDICRAFTS,,,1,2,,-97.26,-97.67,Export,2024,Qtr 3,September,1
3563,OTHER MANUFACTURES GROUP,,CEMENT,M.T,800677,7927,28490,35.98,28.13,28.26,Export,2024,Qtr 3,September,1
3564,OTHER MANUFACTURES GROUP,,GUAR AND GUAR PRODUCTS,M.T,1465,776,2790,-2.49,2.68,2.8,Export,2024,Qtr 3,September,1
3565,OTHER MANUFACTURES GROUP,,ALL OTHER ITEMS,,,54765,196825,,6.22,6.33,Export,2024,Qtr 3,September,1
3569,FOOD GROUP,RICE,BASMATI,M.T,83254,24682,88368,17.67,13.88,13.61,Export,2025,Qtr 1,February,1
3570,FOOD GROUP,RICE,OTHERS,M.T,430828,56027,200595,-15,-16.66,-16.86,Export,2025,Qtr 1,February,1
3571,FOOD GROUP,,FISH & FISH PREPARATIONS,M.T,15895,8747,31315,3.86,3.68,3.43,Export,2025,Qtr 1,February,1
3572,FOOD GROUP,,FRUITS,M.T,57791,7429,26597,-40.22,-35.67,-35.82,Export,2025,Qtr 1,February,1
3573,FOOD GROUP,,VEGETABLES,M.T,268135,17398,62289,90.41,83.23,82.79,Export,2025,Qtr 1,February,1
3574,FOOD GROUP,,LEGUMINOUS VEGETABLES (PULSES),M.T,0,0,0,0,0,0,Export,2025,Qtr 1,February,1
3575,FOOD GROUP,,TOBACCO,M.T,6072,6240,22343,132.02,102.28,101.82,Export,2025,Qtr 1,February,1
3576,FOOD GROUP,,WHEAT,M.T,0,0,0,0,0,0,Export,2025,Qtr 1,February,1
3577,FOOD GROUP,,SPICES,M.T,1711,1630,5838,-32.77,-29.57,-29.72,Export,2025,Qtr 1,February,1
3578,FOOD GROUP,,"OIL SEEDS, NUTS AND KERNALS",M.T,18982,5150,18439,21.39,9.35,9.09,Export,2025,Qtr 1,February,1
3579,FOOD GROUP,,SUGAR,M.T,180,25,90,-99.86,-99.86,-99.86,Export,2025,Qtr 1,February,1
3580,FOOD GROUP,,MEAT AND MEAT PREPARATIONS,M.T,9725,12331,44148,-7.61,-3.04,-3.26,Export,2025,Qtr 1,February,1
3581,FOOD GROUP,,ALL OTHER FOOD ITEMS,,,16753,59981,,-27.14,-27.31,Export,2025,Qtr 1,February,1
3583,TEXTILE GROUP,,RAW COTTON,M.T,101,71,255,100,100,100,Export,2025,Qtr 1,February,1
3584,TEXTILE GROUP,,COTTON YARN,M.T,19679,14363,51424,-20.36,-20.82,-21.01,Export,2025,Qtr 1,February,1
3585,TEXTILE GROUP,,COTTON CLOTH,M.T,28503,41548,148757,-8.45,-9.67,-9.88,Export,2025,Qtr 1,February,1
3586,TEXTILE GROUP,,COTTON CARDED OR COMBED,M.T,0,0,0,0,0,0,Export,2025,Qtr 1,February,1
3587,TEXTILE GROUP,,YARN OTHER THAN COTTON YARN,M.T,966,774,2772,-11.16,-5.23,-5.49,Export,2025,Qtr 1,February,1
3588,TEXTILE GROUP,,KNITWEAR,TH.DOZ,20642,102098,365545,-23.84,-21.76,-21.94,Export,2025,Qtr 1,February,1
3589,TEXTILE GROUP,,BED WEAR,M.T,41275,69716,249607,-11.96,-13.33,-13.54,Export,2025,Qtr 1,February,1
3590,TEXTILE GROUP,,TOWELS,M.T,20536,27195,97367,-7.29,-4.28,-4.51,Export,2025,Qtr 1,February,1
3591,TEXTILE GROUP,,"TENTS,CANVAS & TARPULIN",M.T,2364,2190,7842,-53.18,-53.15,-53.26,Export,2025,Qtr 1,February,1
3592,TEXTILE GROUP,,READYMADE GARMENTS,TH.DOZ,6555,91934,329152,-15.18,-16.86,-17.06,Export,2025,Qtr 1,February,1
3593,TEXTILE GROUP,,"ART,SILK & SYNTHETIC TEXTILE",M.T,7417,9504,34027,-3.78,-8.47,-8.69,Export,2025,Qtr 1,February,1
3594,TEXTILE GROUP,,MADEUP ARTICLES(EXCL TOWELS & BEDWEAR,,,17590,62977,,-15.22,-15.42,Export,2025,Qtr 1,February,1
3595,TEXTILE GROUP,,OTHER TEXTILE MATERIALS,,,17746,63537,,-7.04,-7.26,Export,2025,Qtr 1,February,1
3597,PETROLEUM GROUP & COAL,,PETROLEUM CRUDE,M.T,0,0,0,0,0,0,Export,2025,Qtr 1,February,1
3598,PETROLEUM GROUP & COAL,,PETROLEUM PRODUCTS(EXCL TOP NAPHTA),M.T,39845,5340,19118,-66.71,-65.66,-65.75,Export,2025,Qtr 1,February,1
3599,PETROLEUM GROUP & COAL,,PETROLEUM TOP NAPHTA,M.T,0,0,0,-100,-100,-100,Export,2025,Qtr 1,February,1
3600,PETROLEUM GROUP & COAL,,SOLID FUELS (COAL),M.T,0,0,0,0,0,0,Export,2025,Qtr 1,February,1
3602,OTHER MANUFACTURES GROUP,,"CARPETS, RUGS & MATS",TH.SQM,271,1275,4565,12.59,34.06,33.71,Export,2025,Qtr 1,February,1
3604,OTHER MANUFACTURES GROUP,SPORTS GOODS,FOOTBALLS,TH.DOZ,306,5104,18274,5.15,5.46,5.19,Export,2025,Qtr 1,February,1
3605,OTHER MANUFACTURES GROUP,SPORTS GOODS,GLOVES,TH.DOZ,73,1462,5235,-5.19,-5.19,-5.42,Export,2025,Qtr 1,February,1
3606,OTHER MANUFACTURES GROUP,SPORTS GOODS,OTHERS,,,2146,7682,,-8.81,-9.02,Export,2025,Qtr 1,February,1
3607,OTHER MANUFACTURES GROUP,,LEATHER TANNED,M.T,655,3035,10868,-15.93,-3.51,-3.75,Export,2025,Qtr 1,February,1
3609,OTHER MANUFACTURES GROUP,LEATHER MANUFACTURES,LEATHER GARMENTS,TH.DOZ,122,4679,16754,-18.67,-17.41,-17.61,Export,2025,Qtr 1,February,1
3610,OTHER MANUFACTURES GROUP,LEATHER MANUFACTURES,LEATHER GLOVES,TH.DOZ,800,7158,25629,-8.68,-8.4,-8.61,Export,2025,Qtr 1,February,1
3611,OTHER MANUFACTURES GROUP,LEATHER MANUFACTURES,OTHER LEATHER MANUFACTURES,,,340,1216,,4.79,4.65,Export,2025,Qtr 1,February,1
3613,OTHER MANUFACTURES GROUP,FOOTWEAR,LEATHER FOOTWEAR,TH.Pairs,937,3439,12313,9.29,-12.49,-12.71,Export,2025,Qtr 1,February,1
3614,OTHER MANUFACTURES GROUP,FOOTWEAR,CANVAS FOOTWEAR,TH.Pairs,7,37,133,49.38,23.71,22.02,Export,2025,Qtr 1,February,1
3615,OTHER MANUFACTURES GROUP,FOOTWEAR,OTHER FOOTWEAR,TH.Pairs,1577,1267,4535,467.35,1.34,1.09,Export,2025,Qtr 1,February,1
3616,OTHER MANUFACTURES GROUP,,SURGICAL GOODS & MEDICAL INSTRUMENTS,,,10091,36130,,-9.8,-10.01,Export,2025,Qtr 1,February,1
3617,OTHER MANUFACTURES GROUP,,CUTLERY,,,1377,4931,,-7.76,-7.95,Export,2025,Qtr 1,February,1
3618,OTHER MANUFACTURES GROUP,,ONYX MANUFACTURED,M.T,124,108,388,42.58,39,38.08,Export,2025,Qtr 1,February,1
3620,OTHER MANUFACTURES GROUP,CHEMICALS AND PHARM PRODUCTS,FERTILIZER MANUFACTURED,M.T,0,0,0,0,0,0,Export,2025,Qtr 1,February,1
3621,OTHER MANUFACTURES GROUP,CHEMICALS AND PHARM PRODUCTS,PLASTIC MATERIALS,M.T,23176,7475,26762,-26.52,-25.66,-25.84,Export,2025,Qtr 1,February,1
3622,OTHER MANUFACTURES GROUP,CHEMICALS AND PHARM PRODUCTS,PHARMACEUTICAL PRODUCTS,M.T,5780,7760,27784,-60.14,-49.28,-49.4,Export,2025,Qtr 1,February,1
3623,OTHER MANUFACTURES GROUP,CHEMICALS AND PHARM PRODUCTS,OTHER CHEMICALS,,,19182,68679,,53.07,52.7,Export,2025,Qtr 1,February,1
3625,OTHER MANUFACTURES GROUP,ENGINEERING GOODS,ELECTRIC FANS,TH.NOS,101,698,2499,-3.81,-0.57,-0.83,Export,2025,Qtr 1,February,1
3626,OTHER MANUFACTURES GROUP,ENGINEERING GOODS,TRANSPORT EQUIPMENT,,,678,2429,,29.72,29.34,Export,2025,Qtr 1,February,1
3627,OTHER MANUFACTURES GROUP,ENGINEERING GOODS,OTHER ELECTRICAL MACHINERY,,,1308,4682,,22.68,22.41,Export,2025,Qtr 1,February,1
3629,OTHER MANUFACTURES GROUP,ENGINEERING GOODS,MACHINERY SPECIALIZED FOR PARTICULAR INDUSTRIES,,,759,2716,,-16.16,-16.43,Export,2025,Qtr 1,February,1
3630,OTHER MANUFACTURES GROUP,ENGINEERING GOODS,AUTO PARTS & ACCESSORIES,,,443,1588,,-30.6,-30.72,Export,2025,Qtr 1,February,1
3631,OTHER MANUFACTURES GROUP,ENGINEERING GOODS,RUBBER TYRES & TUBES,TH.NOS,746,1535,5495,-47.62,-41.84,-41.99,Export,2025,Qtr 1,February,1
3632,OTHER MANUFACTURES GROUP,ENGINEERING GOODS,OTHER MACHINERY,,,1717,6149,,-0.43,-0.69,Export,2025,Qtr 1,February,1
3633,OTHER MANUFACTURES GROUP,,GEMS,K.G,18,48,170,-88.6,-86.83,-86.88,Export,2025,Qtr 1,February,1
3634,OTHER MANUFACTURES GROUP,,JEWELLERY,,,101,361,,-37.71,-38.08,Export,2025,Qtr 1,February,1
3635,OTHER MANUFACTURES GROUP,,FURNITURE,TH.NOS,209,183,654,308.83,23.5,23.16,Export,2025,Qtr 1,February,1
3636,OTHER MANUFACTURES GROUP,,MOLASSES,M.T,1464,41,146,-81.28,-85.75,-85.77,Export,2025,Qtr 1,February,1
3637,OTHER MANUFACTURES GROUP,,HANDICRAFTS,,,4,15,,100,100,Export,2025,Qtr 1,February,1
3638,OTHER MANUFACTURES GROUP,,CEMENT,M.T,588173,5578,19972,1.13,-2.9,-3.14,Export,2025,Qtr 1,February,1
3639,OTHER MANUFACTURES GROUP,,GUAR AND GUAR PRODUCTS,M.T,1415,720,2577,-16.08,-15.42,-15.65,Export,2025,Qtr 1,February,1
3640,OTHER MANUFACTURES GROUP,,ALL OTHER ITEMS,,,49615,177641,,-7.26,-7.47,Export,2025,Qtr 1,February,1
3644,FOOD GROUP,RICE,BASMATI,M.T,70696,21674,77782,53.04,63.38,63.07,Export,2025,Qtr 1,January,1
3645,FOOD GROUP,RICE,OTHERS,M.T,506845,67228,241270,-20.32,-22.55,-22.69,Export,2025,Qtr 1,January,1
3646,FOOD GROUP,,FISH & FISH PREPARATIONS,M.T,15305,8436,30277,-21.15,-23.52,-23.66,Export,2025,Qtr 1,January,1
3647,FOOD GROUP,,FRUITS,M.T,97172,11548,41442,10.31,13.74,13.52,Export,2025,Qtr 1,January,1
3648,FOOD GROUP,,VEGETABLES,M.T,141359,9495,34076,149.69,65.42,65.11,Export,2025,Qtr 1,January,1
3649,FOOD GROUP,,LEGUMINOUS VEGETABLES (PULSES),M.T,0,0,0,0,0,0,Export,2025,Qtr 1,January,1
3650,FOOD GROUP,,TOBACCO,M.T,2783,3085,11071,-28.21,-32.2,-32.34,Export,2025,Qtr 1,January,1
3651,FOOD GROUP,,WHEAT,M.T,0,0,0,0,0,0,Export,2025,Qtr 1,January,1
3652,FOOD GROUP,,SPICES,M.T,2530,2315,8307,-7.04,-14.65,-14.81,Export,2025,Qtr 1,January,1
3653,FOOD GROUP,,"OIL SEEDS, NUTS AND KERNALS",M.T,15634,4710,16902,-55.19,-58.97,-59.04,Export,2025,Qtr 1,January,1
3654,FOOD GROUP,,SUGAR,M.T,124793,17927,64338,-55.31,-55.81,-55.89,Export,2025,Qtr 1,January,1
3655,FOOD GROUP,,MEAT AND MEAT PREPARATIONS,M.T,10498,12717,45638,-5.44,-3.27,-3.46,Export,2025,Qtr 1,January,1
3656,FOOD GROUP,,ALL OTHER FOOD ITEMS,,,22994,82520,,-5.79,-5.97,Export,2025,Qtr 1,January,1
3658,TEXTILE GROUP,,RAW COTTON,M.T,0,0,0,-100,-100,-100,Export,2025,Qtr 1,January,1
3659,TEXTILE GROUP,,COTTON YARN,M.T,24695,18139,65099,7.42,3.91,3.72,Export,2025,Qtr 1,January,1
3660,TEXTILE GROUP,,COTTON CLOTH,M.T,31599,45995,165067,12.11,11.13,10.92,Export,2025,Qtr 1,January,1
3661,TEXTILE GROUP,,COTTON CARDED OR COMBED,M.T,0,0,0,0,0,0,Export,2025,Qtr 1,January,1
3662,TEXTILE GROUP,,YARN OTHER THAN COTTON YARN,M.T,1109,817,2933,-10.17,-4.53,-4.71,Export,2025,Qtr 1,January,1
3663,TEXTILE GROUP,,KNITWEAR,TH.DOZ,24253,130493,468314,19.22,19.78,19.56,Export,2025,Qtr 1,January,1
3664,TEXTILE GROUP,,BED WEAR,M.T,46897,80442,288691,13.5,12.9,12.69,Export,2025,Qtr 1,January,1
3665,TEXTILE GROUP,,TOWELS,M.T,22534,28413,101970,24.88,15.75,15.53,Export,2025,Qtr 1,January,1
3666,TEXTILE GROUP,,"TENTS,CANVAS & TARPULIN",M.T,5384,4675,16778,29.87,24.14,23.91,Export,2025,Qtr 1,January,1
3667,TEXTILE GROUP,,READYMADE GARMENTS,TH.DOZ,7014,110618,396985,10.6,11.4,11.19,Export,2025,Qtr 1,January,1
3668,TEXTILE GROUP,,"ART,SILK & SYNTHETIC TEXTILE",M.T,7988,10384,37265,-0.26,-2.08,-2.27,Export,2025,Qtr 1,January,1
3669,TEXTILE GROUP,,MADEUP ARTICLES(EXCL TOWELS & BEDWEAR,,,20749,74463,,26.51,26.27,Export,2025,Qtr 1,January,1
3670,TEXTILE GROUP,,OTHER TEXTILE MATERIALS,,,19043,68343,,17.67,17.45,Export,2025,Qtr 1,January,1
3672,PETROLEUM GROUP & COAL,,PETROLEUM CRUDE,M.T,0,0,0,0,0,0,Export,2025,Qtr 1,January,1
3673,PETROLEUM GROUP & COAL,,PETROLEUM PRODUCTS(EXCL TOP NAPHTA),M.T,119659,15552,55815,60.4,60,59.7,Export,2025,Qtr 1,January,1
3674,PETROLEUM GROUP & COAL,,PETROLEUM TOP NAPHTA,M.T,17444,3220,11557,100,100,100,Export,2025,Qtr 1,January,1
3675,PETROLEUM GROUP & COAL,,SOLID FUELS (COAL),M.T,0,0,0,0,0,0,Export,2025,Qtr 1,January,1
3677,OTHER MANUFACTURES GROUP,,"CARPETS, RUGS & MATS",TH.SQM,169,951,3414,-35.25,-35.77,-35.89,Export,2025,Qtr 1,January,1
3679,OTHER MANUFACTURES GROUP,SPORTS GOODS,FOOTBALLS,TH.DOZ,285,4840,17372,-13.9,-11.23,-11.4,Export,2025,Qtr 1,January,1
3680,OTHER MANUFACTURES GROUP,SPORTS GOODS,GLOVES,TH.DOZ,74,1542,5535,1.37,3.1,2.92,Export,2025,Qtr 1,January,1
3681,OTHER MANUFACTURES GROUP,SPORTS GOODS,OTHERS,,,2353,8444,,16.37,16.15,Export,2025,Qtr 1,January,1
3682,OTHER MANUFACTURES GROUP,,LEATHER TANNED,M.T,670,3146,11292,10.2,8.69,8.47,Export,2025,Qtr 1,January,1
3684,OTHER MANUFACTURES GROUP,LEATHER MANUFACTURES,LEATHER GARMENTS,TH.DOZ,138,5666,20334,-5.48,-5.54,-5.72,Export,2025,Qtr 1,January,1
3685,OTHER MANUFACTURES GROUP,LEATHER MANUFACTURES,LEATHER GLOVES,TH.DOZ,880,7815,28045,-5.68,-5.48,-5.66,Export,2025,Qtr 1,January,1
3686,OTHER MANUFACTURES GROUP,LEATHER MANUFACTURES,OTHER LEATHER MANUFACTURES,,,324,1162,,-2.75,-2.92,Export,2025,Qtr 1,January,1
3688,OTHER MANUFACTURES GROUP,FOOTWEAR,LEATHER FOOTWEAR,TH.Pairs,1058,3930,14106,31.16,6.37,6.19,Export,2025,Qtr 1,January,1
3689,OTHER MANUFACTURES GROUP,FOOTWEAR,CANVAS FOOTWEAR,TH.Pairs,7,30,109,-52.91,-65.42,-65.72,Export,2025,Qtr 1,January,1
3690,OTHER MANUFACTURES GROUP,FOOTWEAR,OTHER FOOTWEAR,TH.Pairs,1813,1250,4486,61.98,17.81,17.59,Export,2025,Qtr 1,January,1
3691,OTHER MANUFACTURES GROUP,,SURGICAL GOODS & MEDICAL INSTRUMENTS,,,11187,40149,,2.41,2.21,Export,2025,Qtr 1,January,1
3692,OTHER MANUFACTURES GROUP,,CUTLERY,,,1493,5357,,12.83,12.64,Export,2025,Qtr 1,January,1
3693,OTHER MANUFACTURES GROUP,,ONYX MANUFACTURED,M.T,87,78,281,9.13,10.36,10.2,Export,2025,Qtr 1,January,1
3695,OTHER MANUFACTURES GROUP,CHEMICALS AND PHARM PRODUCTS,FERTILIZER MANUFACTURED,M.T,0,0,0,0,0,0,Export,2025,Qtr 1,January,1
3696,OTHER MANUFACTURES GROUP,CHEMICALS AND PHARM PRODUCTS,PLASTIC MATERIALS,M.T,31621,10055,36085,3.78,9.02,8.81,Export,2025,Qtr 1,January,1
3697,OTHER MANUFACTURES GROUP,CHEMICALS AND PHARM PRODUCTS,PHARMACEUTICAL PRODUCTS,M.T,13770,15300,54908,-27.93,-13.24,-13.4,Export,2025,Qtr 1,January,1
3698,OTHER MANUFACTURES GROUP,CHEMICALS AND PHARM PRODUCTS,OTHER CHEMICALS,,,12532,44975,,-19.87,-20.02,Export,2025,Qtr 1,January,1
3700,OTHER MANUFACTURES GROUP,ENGINEERING GOODS,ELECTRIC FANS,TH.NOS,112,702,2520,8.74,8.53,8.34,Export,2025,Qtr 1,January,1
3701,OTHER MANUFACTURES GROUP,ENGINEERING GOODS,TRANSPORT EQUIPMENT,,,526,1887,,8.89,8.57,Export,2025,Qtr 1,January,1
3702,OTHER MANUFACTURES GROUP,ENGINEERING GOODS,OTHER ELECTRICAL MACHINERY,,,1066,3825,,-64.93,-64.99,Export,2025,Qtr 1,January,1
3704,OTHER MANUFACTURES GROUP,ENGINEERING GOODS,MACHINERY SPECIALIZED FOR PARTICULAR INDUSTRIES,,,907,3254,,-20.96,-21.1,Export,2025,Qtr 1,January,1
3705,OTHER MANUFACTURES GROUP,ENGINEERING GOODS,AUTO PARTS & ACCESSORIES,,,639,2292,,17.18,17.06,Export,2025,Qtr 1,January,1
3706,OTHER MANUFACTURES GROUP,ENGINEERING GOODS,RUBBER TYRES & TUBES,TH.NOS,1421,2639,9473,-19.37,-9.54,-9.72,Export,2025,Qtr 1,January,1
3707,OTHER MANUFACTURES GROUP,ENGINEERING GOODS,OTHER MACHINERY,,,1725,6190,,-21.13,-21.28,Export,2025,Qtr 1,January,1
3708,OTHER MANUFACTURES GROUP,,GEMS,K.G,180,361,1296,233.33,301.23,301.24,Export,2025,Qtr 1,January,1
3709,OTHER MANUFACTURES GROUP,,JEWELLERY,,,162,583,,-25.83,-25.92,Export,2025,Qtr 1,January,1
3710,OTHER MANUFACTURES GROUP,,FURNITURE,TH.NOS,67,148,531,5.9,-5.74,-5.68,Export,2025,Qtr 1,January,1
3711,OTHER MANUFACTURES GROUP,,MOLASSES,M.T,7819,286,1026,355.89,392.76,390.91,Export,2025,Qtr 1,January,1
3712,OTHER MANUFACTURES GROUP,,HANDICRAFTS,,,0,0,,-100,-100,Export,2025,Qtr 1,January,1
3713,OTHER MANUFACTURES GROUP,,CEMENT,M.T,581574,5745,20619,-38.91,-35.24,-35.36,Export,2025,Qtr 1,January,1
3714,OTHER MANUFACTURES GROUP,,GUAR AND GUAR PRODUCTS,M.T,1685,851,3055,-4.04,7.09,6.89,Export,2025,Qtr 1,January,1
3715,OTHER MANUFACTURES GROUP,,ALL OTHER ITEMS,,,53811,193117,,-4.43,-4.61,Export,2025,Qtr 1,January,1
3719,FOOD GROUP,RICE,BASMATI,M.T,75994,21567,77002,-24.54,-12.62,-12.86,Export,2025,Qtr 1,March,1
3720,FOOD GROUP,RICE,OTHERS,M.T,436683,55270,197333,1.35,-1.35,-1.63,Export,2025,Qtr 1,March,1
3721,FOOD GROUP,,FISH & FISH PREPARATIONS,M.T,25730,16614,59317,60.76,89.94,89.42,Export,2025,Qtr 1,March,1
3722,FOOD GROUP,,FRUITS,M.T,34438,4348,15525,-39.96,-41.47,-41.64,Export,2025,Qtr 1,March,1
3723,FOOD GROUP,,VEGETABLES,M.T,257569,14849,53018,-3.92,-14.65,-14.88,Export,2025,Qtr 1,March,1
3724,FOOD GROUP,,LEGUMINOUS VEGETABLES (PULSES),M.T,0,0,0,0,0,0,Export,2025,Qtr 1,March,1
3725,FOOD GROUP,,TOBACCO,M.T,4456,5461,19499,-21.43,-13.01,-13.25,Export,2025,Qtr 1,March,1
3726,FOOD GROUP,,WHEAT,M.T,0,0,0,0,0,0,Export,2025,Qtr 1,March,1
3727,FOOD GROUP,,SPICES,M.T,2445,2582,9218,29.79,58.4,57.9,Export,2025,Qtr 1,March,1
3728,FOOD GROUP,,"OIL SEEDS, NUTS AND KERNALS",M.T,14669,4865,17368,-22.76,-5.54,-5.81,Export,2025,Qtr 1,March,1
3729,FOOD GROUP,,SUGAR,M.T,0,0,0,-100,-100,-100,Export,2025,Qtr 1,March,1
3730,FOOD GROUP,,MEAT AND MEAT PREPARATIONS,M.T,11695,14697,52473,19.97,19.19,18.86,Export,2025,Qtr 1,March,1
3731,FOOD GROUP,,ALL OTHER FOOD ITEMS,,,21125,75424,,26.1,25.75,Export,2025,Qtr 1,March,1
3733,TEXTILE GROUP,,RAW COTTON,M.T,0,0,0,-100,-100,-100,Export,2025,Qtr 1,March,1
3734,TEXTILE GROUP,,COTTON YARN,M.T,21688,15888,56727,10.24,10.62,10.31,Export,2025,Qtr 1,March,1
3735,TEXTILE GROUP,,COTTON CLOTH,M.T,27247,40898,146019,-3.16,-1.57,-1.84,Export,2025,Qtr 1,March,1
3736,TEXTILE GROUP,,COTTON CARDED OR COMBED,M.T,0,0,0,0,0,0,Export,2025,Qtr 1,March,1
3737,TEXTILE GROUP,,YARN OTHER THAN COTTON YARN,M.T,745,648,2315,-20.27,-16.24,-16.49,Export,2025,Qtr 1,March,1
3738,TEXTILE GROUP,,KNITWEAR,TH.DOZ,24781,108096,385942,22.33,5.89,5.6,Export,2025,Qtr 1,March,1
3739,TEXTILE GROUP,,BED WEAR,M.T,42211,71633,255757,2.27,2.75,2.46,Export,2025,Qtr 1,March,1
3740,TEXTILE GROUP,,TOWELS,M.T,18073,25039,89398,-11.95,-7.93,-8.18,Export,2025,Qtr 1,March,1
3741,TEXTILE GROUP,,"TENTS,CANVAS & TARPULIN",M.T,2655,2732,9754,13.81,24.75,24.38,Export,2025,Qtr 1,March,1
3742,TEXTILE GROUP,,READYMADE GARMENTS,TH.DOZ,6421,89987,321287,-0.88,-2.11,-2.38,Export,2025,Qtr 1,March,1
3743,TEXTILE GROUP,,"ART,SILK & SYNTHETIC TEXTILE",M.T,6973,9269,33093,-4.87,-2.48,-2.74,Export,2025,Qtr 1,March,1
3744,TEXTILE GROUP,,MADEUP ARTICLES(EXCL TOWELS & BEDWEAR,,,18161,64842,,3.26,2.97,Export,2025,Qtr 1,March,1
3745,TEXTILE GROUP,,OTHER TEXTILE MATERIALS,,,18159,64834,,2.19,1.9,Export,2025,Qtr 1,March,1
3747,PETROLEUM GROUP & COAL,,PETROLEUM CRUDE,M.T,0,0,0,0,0,0,Export,2025,Qtr 1,March,1
3748,PETROLEUM GROUP & COAL,,PETROLEUM PRODUCTS(EXCL TOP NAPHTA),M.T,131535,17024,60782,229.95,218.8,217.93,Export,2025,Qtr 1,March,1
3749,PETROLEUM GROUP & COAL,,PETROLEUM TOP NAPHTA,M.T,9206,2004,7156,100,100,100,Export,2025,Qtr 1,March,1
3750,PETROLEUM GROUP & COAL,,SOLID FUELS (COAL),M.T,0,0,0,0,0,0,Export,2025,Qtr 1,March,1
3752,OTHER MANUFACTURES GROUP,,"CARPETS, RUGS & MATS",TH.SQM,257,1143,4081,1.83,-10.36,-10.6,Export,2025,Qtr 1,March,1
3754,OTHER MANUFACTURES GROUP,SPORTS GOODS,FOOTBALLS,TH.DOZ,344,5696,20335,10.61,11.59,11.28,Export,2025,Qtr 1,March,1
3755,OTHER MANUFACTURES GROUP,SPORTS GOODS,GLOVES,TH.DOZ,70,1340,4784,2.94,-8.34,-8.62,Export,2025,Qtr 1,March,1
3756,OTHER MANUFACTURES GROUP,SPORTS GOODS,OTHERS,,,2153,7686,,0.31,0.05,Export,2025,Qtr 1,March,1
3757,OTHER MANUFACTURES GROUP,,LEATHER TANNED,M.T,833,3522,12575,32.2,16.04,15.71,Export,2025,Qtr 1,March,1
3759,OTHER MANUFACTURES GROUP,LEATHER MANUFACTURES,LEATHER GARMENTS,TH.DOZ,143,4635,16550,9.16,-0.93,-1.22,Export,2025,Qtr 1,March,1
3760,OTHER MANUFACTURES GROUP,LEATHER MANUFACTURES,LEATHER GLOVES,TH.DOZ,890,7578,27056,10.56,5.87,5.57,Export,2025,Qtr 1,March,1
3761,OTHER MANUFACTURES GROUP,LEATHER MANUFACTURES,OTHER LEATHER MANUFACTURES,,,380,1357,,11.83,11.6,Export,2025,Qtr 1,March,1
3763,OTHER MANUFACTURES GROUP,FOOTWEAR,LEATHER FOOTWEAR,TH.Pairs,756,2795,9979,0.85,-18.72,-18.96,Export,2025,Qtr 1,March,1
3764,OTHER MANUFACTURES GROUP,FOOTWEAR,CANVAS FOOTWEAR,TH.Pairs,3,17,60,-50.98,-54.85,-54.89,Export,2025,Qtr 1,March,1
3765,OTHER MANUFACTURES GROUP,FOOTWEAR,OTHER FOOTWEAR,TH.Pairs,775,805,2874,-49.33,-36.36,-36.53,Export,2025,Qtr 1,March,1
3766,OTHER MANUFACTURES GROUP,,SURGICAL GOODS & MEDICAL INSTRUMENTS,,,10697,38193,,6.01,5.71,Export,2025,Qtr 1,March,1
3767,OTHER MANUFACTURES GROUP,,CUTLERY,,,1287,4595,,-6.53,-6.81,Export,2025,Qtr 1,March,1
3768,OTHER MANUFACTURES GROUP,,ONYX MANUFACTURED,M.T,111,117,417,18.09,8.1,7.47,Export,2025,Qtr 1,March,1
3770,OTHER MANUFACTURES GROUP,CHEMICALS AND PHARM PRODUCTS,FERTILIZER MANUFACTURED,M.T,0,0,0,0,0,0,Export,2025,Qtr 1,March,1
3771,OTHER MANUFACTURES GROUP,CHEMICALS AND PHARM PRODUCTS,PLASTIC MATERIALS,M.T,39301,11718,41836,69.41,56.76,56.33,Export,2025,Qtr 1,March,1
3772,OTHER MANUFACTURES GROUP,CHEMICALS AND PHARM PRODUCTS,PHARMACEUTICAL PRODUCTS,M.T,8018,10033,35821,8.98,29.24,28.89,Export,2025,Qtr 1,March,1
3773,OTHER MANUFACTURES GROUP,CHEMICALS AND PHARM PRODUCTS,OTHER CHEMICALS,,,15443,55138,,-19.49,-19.72,Export,2025,Qtr 1,March,1
3775,OTHER MANUFACTURES GROUP,ENGINEERING GOODS,ELECTRIC FANS,TH.NOS,198,1252,4470,75.22,79.37,78.87,Export,2025,Qtr 1,March,1
3776,OTHER MANUFACTURES GROUP,ENGINEERING GOODS,TRANSPORT EQUIPMENT,,,1208,4313,,78.44,78,Export,2025,Qtr 1,March,1
3777,OTHER MANUFACTURES GROUP,ENGINEERING GOODS,OTHER ELECTRICAL MACHINERY,,,1243,4440,,-5.01,-5.23,Export,2025,Qtr 1,March,1
3779,OTHER MANUFACTURES GROUP,ENGINEERING GOODS,MACHINERY SPECIALIZED FOR PARTICULAR INDUSTRIES,,,1168,4172,,54.15,53.61,Export,2025,Qtr 1,March,1
3780,OTHER MANUFACTURES GROUP,ENGINEERING GOODS,AUTO PARTS & ACCESSORIES,,,551,1967,,24.37,23.87,Export,2025,Qtr 1,March,1
3781,OTHER MANUFACTURES GROUP,ENGINEERING GOODS,RUBBER TYRES & TUBES,TH.NOS,2228,2729,9742,190.13,77.76,77.29,Export,2025,Qtr 1,March,1
3782,OTHER MANUFACTURES GROUP,ENGINEERING GOODS,OTHER MACHINERY,,,2586,9233,,50.61,50.2,Export,2025,Qtr 1,March,1
3783,OTHER MANUFACTURES GROUP,,GEMS,K.G,28,51,181,16.67,5.72,6.47,Export,2025,Qtr 1,March,1
3784,OTHER MANUFACTURES GROUP,,JEWELLERY,,,276,986,,176.22,174.65,Export,2025,Qtr 1,March,1
3785,OTHER MANUFACTURES GROUP,,FURNITURE,TH.NOS,69,115,411,21.74,-37.04,-37.16,Export,2025,Qtr 1,March,1
3786,OTHER MANUFACTURES GROUP,,MOLASSES,M.T,9183,340,1215,527.23,729.73,732.19,Export,2025,Qtr 1,March,1
3787,OTHER MANUFACTURES GROUP,,HANDICRAFTS,,,0,0,,-100,-100,Export,2025,Qtr 1,March,1
3788,OTHER MANUFACTURES GROUP,,CEMENT,M.T,627552,6163,22004,6.69,10.49,10.17,Export,2025,Qtr 1,March,1
3789,OTHER MANUFACTURES GROUP,,GUAR AND GUAR PRODUCTS,M.T,1106,541,1933,-21.85,-24.8,-24.99,Export,2025,Qtr 1,March,1
3790,OTHER MANUFACTURES GROUP,,ALL OTHER ITEMS,,,62556,223348,,26.94,26.58,Export,2025,Qtr 1,March,1
3791, FOOD GROUP,RICE,BASMATI, M.T,43895,12840,45741,-37.93,-40.46,-40.6,Export,2025,Qtr 2,April,1
3792, FOOD GROUP,RICE,OTHERS, M.T,363434,45070,160555,-17.22,-18.45,-18.64,Export,2025,Qtr 2,April,1
3793, FOOD GROUP,,FISH & FISH PREPARATIONS, M.T,20358,13470,47985,-20.07,-18.92,-19.1,Export,2025,Qtr 2,April,1
3794, FOOD GROUP,,FRUITS, M.T,16228,1713,6103,-54.63,-60.6,-60.69,Export,2025,Qtr 2,April,1
3795, FOOD GROUP,,VEGETABLES, M.T,198875,11404,40626,-24.8,-23.2,-23.37,Export,2025,Qtr 2,April,1
3796, FOOD GROUP,,LEGUMINOUS VEGETABLES  (PULSES), M.T,0,0,0,0,0,0,Export,2025,Qtr 2,April,1
3797, FOOD GROUP,,TOBACCO, M.T,1892,1988,7083,-60.93,-63.59,-63.68,Export,2025,Qtr 2,April,1
3798, FOOD GROUP,,WHEAT, M.T,0,0,0,0,0,0,Export,2025,Qtr 2,April,1
3799, FOOD GROUP,,SPICES, M.T,1876,1881,6700,-26.04,-27.16,-27.32,Export,2025,Qtr 2,April,1
3800, FOOD GROUP,,"OIL SEEDS, NUTS AND KERNALS", M.T,4868,1803,6424,-60.43,-62.93,-63.01,Export,2025,Qtr 2,April,1
3801, FOOD GROUP,,SUGAR, M.T,0,0,0,0,0,0,Export,2025,Qtr 2,April,1
3802, FOOD GROUP,,MEAT AND MEAT PREPARATIONS, M.T,7812,9836,35038,-33.59,-33.08,-33.23,Export,2025,Qtr 2,April,1
3803, FOOD GROUP,,ALL OTHER FOOD ITEMS,    -,,16316,58122,,-22.77,-22.94,Export,2025,Qtr 2,April,1
3804, TEXTILE GROUP,,RAW COTTON, M.T,0,0,0,0,0,0,Export,2025,Qtr 2,April,1
3805, TEXTILE GROUP,,COTTON YARN, M.T,14007,10565,37635,-35.43,-33.5,-33.66,Export,2025,Qtr 2,April,1
3806, TEXTILE GROUP,,COTTON CLOTH, M.T,23358,35474,126371,-13.28,-13.26,-13.46,Export,2025,Qtr 2,April,1
3807, TEXTILE GROUP,,COTTON CARDED OR COMBED, M.T,0,0,0,0,0,0,Export,2025,Qtr 2,April,1
3808, TEXTILE GROUP,,YARN OTHER THAN COTTON YARN, M.T,848,607,2161,24.51,-6.39,-6.65,Export,2025,Qtr 2,April,1
3809, TEXTILE GROUP,,KNITWEAR,TH.DOZ,20643,93448,332895,-10.61,-13.54,-13.74,Export,2025,Qtr 2,April,1
3810, TEXTILE GROUP,,BED WEAR, M.T,32331,54922,195650,-23.41,-23.33,-23.5,Export,2025,Qtr 2,April,1
3811, TEXTILE GROUP,,TOWELS, M.T,17438,23748,84598,-3.54,-5.16,-5.37,Export,2025,Qtr 2,April,1
3812, TEXTILE GROUP,,"TENTS,CANVAS & TARPULIN", M.T,2248,2209,7870,-14.1,-19.1,-19.29,Export,2025,Qtr 2,April,1
3813, TEXTILE GROUP,,READYMADE GARMENTS,TH.DOZ,5941,84968,302687,-5.68,-5.56,-5.77,Export,2025,Qtr 2,April,1
3814, TEXTILE GROUP,,"ART,SILK & SYNTHETIC TEXTILE", M.T,5834,7563,26943,-17.03,-18.4,-18.58,Export,2025,Qtr 2,April,1
3815, TEXTILE GROUP,,MADEUP ARTICLES(EXCL,   -,,15302,54511,,-15.74,-15.93,Export,2025,Qtr 2,April,1
3816, TEXTILE GROUP,,OTHER TEXTILE MATERIALS,   -,,13849,49334,,-23.91,-24.08,Export,2025,Qtr 2,April,1
3817, PETROLEUM GROUP & COAL,,PETROLEUM CRUDE, M.T,0,0,0,0,0,0,Export,2025,Qtr 2,April,1
3818, PETROLEUM GROUP & COAL,,PETROLEUM PRODUCTS(EXCL TOP NAPHTA), M.T,105515,12811,45637,-19.78,-24.75,-24.92,Export,2025,Qtr 2,April,1
3819, PETROLEUM GROUP & COAL,,PETROLEUM TOP NAPHTA, M.T,28489,5702,20313,209.46,184.54,183.86,Export,2025,Qtr 2,April,1
3820, PETROLEUM GROUP & COAL,,SOLID FUELS (COAL), M.T,0,0,0,0,0,0,Export,2025,Qtr 2,April,1
3821, OTHER MANUFACTURES GROUP,,"CARPETS, RUGS & MATS",TH.SQM,117,724,2579,-57.79,-36.65,-36.8,Export,2025,Qtr 2,April,1
3822, OTHER MANUFACTURES GROUP,SPORTS GOODS,  FOOTBALLS,TH.DOZ,300,4918,17520,-13.29,-13.66,-13.84,Export,2025,Qtr 2,April,1
3823, OTHER MANUFACTURES GROUP,SPORTS GOODS,  GLOVES,TH.DOZ,67,1333,4748,1.52,-0.54,-0.75,Export,2025,Qtr 2,April,1
3824, OTHER MANUFACTURES GROUP,SPORTS GOODS,  OTHERS,   -,,1923,6851,,-10.68,-10.86,Export,2025,Qtr 2,April,1
3825, OTHER MANUFACTURES GROUP,LEATHER MANUFACTURES, LEATHER GARMENTS, TH.DOZ,127,4143,14759,-10.56,-10.61,-10.82,Export,2025,Qtr 2,April,1
3826, OTHER MANUFACTURES GROUP,LEATHER MANUFACTURES, LEATHER GLOVES, TH.DOZ,601,5586,19898,-25.8,-26.29,-26.46,Export,2025,Qtr 2,April,1
3827, OTHER MANUFACTURES GROUP,LEATHER MANUFACTURES, OTHER LEATHER MANUFACTURES,    -,,256,910,,-32.74,-32.94,Export,2025,Qtr 2,April,1
3828, OTHER MANUFACTURES GROUP,FOOTWEAR, LEATHER FOOTWEAR,TH.Pairs,453,2011,7165,-40.38,-28.01,-28.18,Export,2025,Qtr 2,April,1
3829, OTHER MANUFACTURES GROUP,FOOTWEAR, CANVAS FOOTWEAR,TH.Pairs,1,5,17,-72.03,-71.71,-71.67,Export,2025,Qtr 2,April,1
3830, OTHER MANUFACTURES GROUP,FOOTWEAR, OTHER FOOTWEAR,TH.Pairs,682,554,1973,-22.02,-30.41,-30.63,Export,2025,Qtr 2,April,1
3831, OTHER MANUFACTURES GROUP,,SURGICAL GOODS & MEDICAL INSTRUMENTS,    -,,9823,34994,,-8.17,-8.38,Export,2025,Qtr 2,April,1
3832, OTHER MANUFACTURES GROUP,,CUTLERY,    -,,1175,4188,,-8.66,-8.86,Export,2025,Qtr 2,April,1
3833, OTHER MANUFACTURES GROUP,,ONYX MANUFACTURED,   M.T,81,75,268,-19.8,-35.76,-35.73,Export,2025,Qtr 2,April,1
3834, OTHER MANUFACTURES GROUP,CHEMICALS AND PHARM PRODUCTS, FERTILIZER MANUFACTURED,   M.T,0,0,0,0,0,0,Export,2025,Qtr 2,April,1
3835, OTHER MANUFACTURES GROUP,CHEMICALS AND PHARM PRODUCTS, PLASTIC MATERIALS,   M.T,38071,11322,40333,-1.01,-3.38,-3.59,Export,2025,Qtr 2,April,1
3836, OTHER MANUFACTURES GROUP,CHEMICALS AND PHARM PRODUCTS, PHARMACEUTICAL PRODUCTS,   M.T,6315,10244,36494,-32.05,1.81,1.59,Export,2025,Qtr 2,April,1
3837, OTHER MANUFACTURES GROUP,CHEMICALS AND PHARM PRODUCTS, OTHER CHEMICALS,    -,,17392,61957,,12.62,12.37,Export,2025,Qtr 2,April,1
3838, OTHER MANUFACTURES GROUP,ENGINEERING GOODS, ELECTRIC FANS,TH.NOS,115,728,2593,-42.21,-41.87,-41.99,Export,2025,Qtr 2,April,1
3839, OTHER MANUFACTURES GROUP,ENGINEERING GOODS, TRANSPORT EQUIPMENT,    -,,1010,3598,,-16.25,-16.44,Export,2025,Qtr 2,April,1
3840, OTHER MANUFACTURES GROUP,ENGINEERING GOODS, OTHER ELECTRICAL MACHINERY,    -,,736,2622,,-40.79,-40.95,Export,2025,Qtr 2,April,1
3841, OTHER MANUFACTURES GROUP,ENGINEERING GOODS, MACHINERY SPECIALIZED FOR PARTICULAR INDUSTRIES,    -,,1082,3854,,-7.37,-7.62,Export,2025,Qtr 2,April,1
3842, OTHER MANUFACTURES GROUP,ENGINEERING GOODS, AUTO PARTS & ACCESSORIES,    -,,444,1582,,-19.39,-19.57,Export,2025,Qtr 2,April,1
3843, OTHER MANUFACTURES GROUP,ENGINEERING GOODS, RUBBER TYRES & TUBES,TH.NOS,1329,1597,5691,-44.75,-41.46,-41.58,Export,2025,Qtr 2,April,1
3844, OTHER MANUFACTURES GROUP,ENGINEERING GOODS, OTHER MACHINERY,    -,,1737,6186,,-32.9,-33.05,Export,2025,Qtr 2,April,1
3845, OTHER MANUFACTURES GROUP,,GEMS,K.G,91,359,1278,468.75,603.19,606.08,Export,2025,Qtr 2,April,1
3846, OTHER MANUFACTURES GROUP,,JEWELLARY,    -,,157,560,,-43.03,-43.2,Export,2025,Qtr 2,April,1
3847, OTHER MANUFACTURES GROUP,,FURNITURE,TH.NOS,98,145,515,128.69,25.68,25.3,Export,2025,Qtr 2,April,1
3848, OTHER MANUFACTURES GROUP,,MOLASSES,   M.T,5415,202,720,-41.03,-40.56,-40.74,Export,2025,Qtr 2,April,1
3849, OTHER MANUFACTURES GROUP,,HANDICRAFTS,    -,,29,105,,100,100,Export,2025,Qtr 2,April,1
3850, OTHER MANUFACTURES GROUP,,CEMENT,   M.T,643831,6637,23644,2.59,7.69,7.45,Export,2025,Qtr 2,April,1
3851, OTHER MANUFACTURES GROUP,,GUAR AND GUAR PRODUCTS,   M.T,915,502,1788,-24.72,-7.21,-7.5,Export,2025,Qtr 2,April,1
3852, OTHER MANUFACTURES GROUP,, ALL OTHER ITEMS,,,43855,156230,,-29.58,-29.73,Export,2025,Qtr 2,April,1
3853, FOOD GROUP,RICE, BASMATI, M.T,59077,16682,59226,34.5,29.92,29.48,Export,2025,Qtr 2,May,1
3854, FOOD GROUP,RICE, OTHERS, M.T,399785,50707,180025,10,12.51,12.13,Export,2025,Qtr 2,May,1
3855, FOOD GROUP,,FISH & FISH PREPARATIONS, M.T,26941,15908,56480,32.34,18.1,17.7,Export,2025,Qtr 2,May,1
3856, FOOD GROUP,,FRUITS, M.T,20851,3620,12852,28.49,111.33,110.58,Export,2025,Qtr 2,May,1
3857, FOOD GROUP,,VEGETABLES, M.T,128382,9069,32197,-35.45,-20.48,-20.75,Export,2025,Qtr 2,May,1
3858, FOOD GROUP,,LEGUMINOUS VEGETABLES  (PULSES), M.T,0,0,0,0,0,0,Export,2025,Qtr 2,May,1
3859, FOOD GROUP,,TOBACCO, M.T,2089,1934,6867,21.94,-3.62,-3.96,Export,2025,Qtr 2,May,1
3860, FOOD GROUP,,WHEAT, M.T,0,0,0,0,0,0,Export,2025,Qtr 2,May,1
3861, FOOD GROUP,,SPICES, M.T,2574,2458,8725,37.21,30.65,30.22,Export,2025,Qtr 2,May,1
3862, FOOD GROUP,,"OIL SEEDS, NUTS AND KERNALS", M.T,12761,3731,13246,162.14,106.94,106.2,Export,2025,Qtr 2,May,1
3863, FOOD GROUP,,SUGAR, M.T,7955,1153,4094,100,100,100,Export,2025,Qtr 2,May,1
3864, FOOD GROUP,,MEAT AND MEAT PREPARATIONS, M.T,9460,11419,40542,21.09,16.1,15.71,Export,2025,Qtr 2,May,1
3865, FOOD GROUP,,ALL OTHER FOOD ITEMS,    -,,47979,170340,,194.06,193.07,Export,2025,Qtr 2,May,1
3866, TEXTILE GROUP,,RAW COTTON, M.T,0,0,0,0,0,0,Export,2025,Qtr 2,May,1
3867, TEXTILE GROUP,,COTTON YARN, M.T,15992,11976,42518,14.32,13.35,12.97,Export,2025,Qtr 2,May,1
3868, TEXTILE GROUP,,COTTON CLOTH, M.T,25561,38147,135435,9.96,7.54,7.17,Export,2025,Qtr 2,May,1
3869, TEXTILE GROUP,,COTTON CARDED OR COMBED, M.T,0,0,0,0,0,0,Export,2025,Qtr 2,May,1
3870, TEXTILE GROUP,,YARN OTHER THAN COTTON YARN, M.T,1247,869,3085,52.42,43.16,42.76,Export,2025,Qtr 2,May,1
3871, TEXTILE GROUP,,KNITWEAR,TH.DOZ,23865,123121,437117,34.04,31.75,31.31,Export,2025,Qtr 2,May,1
3872, TEXTILE GROUP,,BED WEAR, M.T,43162,75937,269599,34.06,38.26,37.8,Export,2025,Qtr 2,May,1
3873, TEXTILE GROUP,,TOWELS, M.T,19018,25939,92093,9.13,9.23,8.86,Export,2025,Qtr 2,May,1
3874, TEXTILE GROUP,,"TENTS,CANVAS & TARPULIN", M.T,2799,2470,8769,22.41,11.81,11.44,Export,2025,Qtr 2,May,1
3875, TEXTILE GROUP,,READYMADE GARMENTS,TH.DOZ,7102,105420,374273,25.32,24.08,23.66,Export,2025,Qtr 2,May,1
3876, TEXTILE GROUP,,"ART,SILK & SYNTHETIC TEXTILE", M.T,7166,9815,34846,27.33,29.78,29.33,Export,2025,Qtr 2,May,1
3877, TEXTILE GROUP,,MADEUP ARTICLES(EXCL,   -,,19895,70632,,30.04,29.6,Export,2025,Qtr 2,May,1
3878, TEXTILE GROUP,,OTHER TEXTILE MATERIALS,   -,,17621,62560,,27.12,26.69,Export,2025,Qtr 2,May,1
3879, PETROLEUM GROUP & COAL,,PETROLEUM CRUDE, M.T,0,0,0,0,0,0,Export,2025,Qtr 2,May,1
3880, PETROLEUM GROUP & COAL,,PETROLEUM PRODUCTS(EXCL TOP NAPHTA), M.T,34779,4257,15114,-67.04,-66.77,-66.88,Export,2025,Qtr 2,May,1
3881, PETROLEUM GROUP & COAL,,PETROLEUM TOP NAPHTA, M.T,6913,1229,4362,-75.73,-78.45,-78.53,Export,2025,Qtr 2,May,1
3882, PETROLEUM GROUP & COAL,,SOLID FUELS (COAL), M.T,0,0,0,0,0,0,Export,2025,Qtr 2,May,1
3883, OTHER MANUFACTURES GROUP,,"CARPETS, RUGS & MATS",TH.SQM,343,1459,5179,102.85,101.48,100.81,Export,2025,Qtr 2,May,1
3884, OTHER MANUFACTURES GROUP,SPORTS GOODS,  FOOTBALLS,TH.DOZ,398,6491,23045,33.11,31.99,31.54,Export,2025,Qtr 2,May,1
3885, OTHER MANUFACTURES GROUP,SPORTS GOODS,  GLOVES,TH.DOZ,70,1376,4886,9.38,3.25,2.91,Export,2025,Qtr 2,May,1
3886, OTHER MANUFACTURES GROUP,SPORTS GOODS,  OTHERS,   -,,2726,9678,,41.76,41.26,Export,2025,Qtr 2,May,1
3887, OTHER MANUFACTURES GROUP,,LEATHER TANNED, M.T,867,3580,12711,37.62,15.72,15.32,Export,2025,Qtr 2,May,1
3888, OTHER MANUFACTURES GROUP,LEATHER MANUFACTURES, LEATHER GARMENTS, TH.DOZ,116,4790,17007,16,15.62,15.23,Export,2025,Qtr 2,May,1
3889, OTHER MANUFACTURES GROUP,LEATHER MANUFACTURES, LEATHER GLOVES, TH.DOZ,900,7329,26019,43.31,31.2,30.76,Export,2025,Qtr 2,May,1
3890, OTHER MANUFACTURES GROUP,LEATHER MANUFACTURES, OTHER LEATHER MANUFACTURES,    -,,353,1252,,37.81,37.58,Export,2025,Qtr 2,May,1
3891, OTHER MANUFACTURES GROUP,FOOTWEAR, LEATHER FOOTWEAR,TH.Pairs,706,2890,10262,44.67,43.73,43.22,Export,2025,Qtr 2,May,1
3892, OTHER MANUFACTURES GROUP,FOOTWEAR, CANVAS FOOTWEAR,TH.Pairs,5,26,92,385.8,416.4,441.18,Export,2025,Qtr 2,May,1
3893, OTHER MANUFACTURES GROUP,FOOTWEAR, OTHER FOOTWEAR,TH.Pairs,1256,851,3020,133.84,54.09,53.61,Export,2025,Qtr 2,May,1
3894, OTHER MANUFACTURES GROUP,,SURGICAL GOODS & MEDICAL INSTRUMENTS,    -,,10318,36633,,5.04,4.68,Export,2025,Qtr 2,May,1
3895, OTHER MANUFACTURES GROUP,,CUTLERY,    -,,1508,5353,,28.33,27.85,Export,2025,Qtr 2,May,1
3896, OTHER MANUFACTURES GROUP,,ONYX MANUFACTURED,   M.T,141,122,432,67.86,62.16,61.19,Export,2025,Qtr 2,May,1
3897, OTHER MANUFACTURES GROUP,CHEMICALS AND PHARM PRODUCTS, FERTILIZER MANUFACTURED,   M.T,0,0,0,0,0,0,Export,2025,Qtr 2,May,1
3898, OTHER MANUFACTURES GROUP,CHEMICALS AND PHARM PRODUCTS, PLASTIC MATERIALS,   M.T,32374,9673,34343,-15.12,-14.56,-14.85,Export,2025,Qtr 2,May,1
3899, OTHER MANUFACTURES GROUP,CHEMICALS AND PHARM PRODUCTS, PHARMACEUTICAL PRODUCTS,   M.T,7161,10171,36110,14.99,-0.71,-1.05,Export,2025,Qtr 2,May,1
3900, OTHER MANUFACTURES GROUP,CHEMICALS AND PHARM PRODUCTS, OTHER CHEMICALS,    -,,15433,54793,,-11.26,-11.56,Export,2025,Qtr 2,May,1
3901, OTHER MANUFACTURES GROUP,ENGINEERING GOODS, ELECTRIC FANS,TH.NOS,143,904,3210,22.22,24.21,23.79,Export,2025,Qtr 2,May,1
3902, OTHER MANUFACTURES GROUP,ENGINEERING GOODS, TRANSPORT EQUIPMENT,    -,,1297,4606,,29.73,29.24,Export,2025,Qtr 2,May,1
3903, OTHER MANUFACTURES GROUP,ENGINEERING GOODS, OTHER ELECTRICAL MACHINERY,    -,,1899,6743,,158.06,157.17,Export,2025,Qtr 2,May,1
3904, OTHER MANUFACTURES GROUP,ENGINEERING GOODS,MACHINERY SPECIALIZED FOR PARTICULAR INDUSTRIES,    -,,1175,4173,,8.63,8.28,Export,2025,Qtr 2,May,1
3905, OTHER MANUFACTURES GROUP,ENGINEERING GOODS,AUTO PARTS & ACCESSORIES,    -,,710,2520,,59.88,59.29,Export,2025,Qtr 2,May,1
3906, OTHER MANUFACTURES GROUP,ENGINEERING GOODS,RUBBER TYRES & TUBES,TH.NOS,1947,3730,13242,47.48,133.55,132.68,Export,2025,Qtr 2,May,1
3907, OTHER MANUFACTURES GROUP,ENGINEERING GOODS,OTHER MACHINERY,    -,,2898,10290,,65.99,65.43,Export,2025,Qtr 2,May,1
3908, OTHER MANUFACTURES GROUP,,GEMS,K.G,30,116,413,-83.08,-67.57,-67.68,Export,2025,Qtr 2,May,1
3909, OTHER MANUFACTURES GROUP,,JEWELLARY,    -,,174,617,,10.69,10.18,Export,2025,Qtr 2,May,1
3910, OTHER MANUFACTURES GROUP,,FURNITURE,TH.NOS,70,219,777,52.17,50.89,50.87,Export,2025,Qtr 2,May,1
3911, OTHER MANUFACTURES GROUP,,MOLASSES,   M.T,1514,45,160,-72.04,-77.71,-77.78,Export,2025,Qtr 2,May,1
3912, OTHER MANUFACTURES GROUP,,HANDICRAFTS,    -,,0,0,,-100,-100,Export,2025,Qtr 2,May,1
3913, OTHER MANUFACTURES GROUP,,CEMENT,   M.T,885288,9643,34236,37.5,45.29,44.8,Export,2025,Qtr 2,May,1
3914, OTHER MANUFACTURES GROUP,,GUAR AND GUAR PRODUCTS,   M.T,1309,739,2625,43.04,47.29,46.81,Export,2025,Qtr 2,May,1
3915, OTHER MANUFACTURES GROUP,, ALL OTHER ITEMS,,,48724,172987,,14,13.62,Export,2025,Qtr 2,May,1
, FOOD GROUP,,GROUP,,,104056.0854,367690,,-36.8,-37.09,Export,2025,Qtr 3,June,1
, FOOD GROUP,,,M.T,272752.1864,42395.53012,149807,-40.57,-37.09,-37.39,Export,2025,Qtr 3,June,1
, FOOD GROUP,RICE,BASMATI,M.T,47516.47616,13763.74511,48635,-18.78,-17.49,-17.88,Export,2025,Qtr 3,June,1
, FOOD GROUP,RICE,OTHERS,M.T,225235.7102,28631.78501,101172,-43.76,-43.53,-43.8,Export,2025,Qtr 3,June,1
, FOOD GROUP,,FISH & FISH PREPARATIONS,M.T,17637.54251,10762.82315,38031,-34.25,-32.34,-32.66,Export,2025,Qtr 3,June,1
, FOOD GROUP,,FRUITS,M.T,42310.4642,10350.64775,36575,100.13,185.93,184.59,Export,2025,Qtr 3,June,1
, FOOD GROUP,,VEGETABLES,M.T,51140.67141,4105.768003,14508,-60.33,-54.73,-54.94,Export,2025,Qtr 3,June,1
, FOOD GROUP,,LEGUMINOUS VEGETABLES  (PULSES),M.T,0,0,0,0,0,0,Export,2025,Qtr 3,June,1
, FOOD GROUP,,TOBACCO,M.T,2338.266,2259.683673,7985,25.11,16.84,16.28,Export,2025,Qtr 3,June,1
, FOOD GROUP,,WHEAT,M.T,0,0,0,0,0,0,Export,2025,Qtr 3,June,1
, FOOD GROUP,,SPICES,M.T,2301.082376,2408.973772,8512,-7.92,-1.99,-2.44,Export,2025,Qtr 3,June,1
, FOOD GROUP,,"OIL SEEDS, NUTS AND KERNALS",M.T,7766.219532,2349.617485,8303,-36.71,-37.02,-37.32,Export,2025,Qtr 3,June,1
, FOOD GROUP,,SUGAR,M.T,0,0,0,100,100,100,Export,2025,Qtr 3,June,1
, FOOD GROUP,,MEAT AND MEAT PREPARATIONS,M.T,6212.689659,8065.994045,28502,-34.19,-29.21,-29.54,Export,2025,Qtr 3,June,1
, FOOD GROUP,,ALL OTHER FOOD ITEMS,-,,21357.04739,75467,-,-55.49,-55.7,Export,2025,Qtr 3,June,1
, TEXTILE GROUP,,GROUP,,,430645.9192,1521716,,-0.13,-0.6,Export,2025,Qtr 3,June,1
, TEXTILE GROUP,,RAW COTTON,M.T,0,0,0,0,0,0,Export,2025,Qtr 3,June,1
, TEXTILE GROUP,,COTTON YARN,M.T,24857.73866,17592.71472,62165,55.44,46.9,46.21,Export,2025,Qtr 3,June,1
, TEXTILE GROUP,,COTTON CLOTH,M.T,22726.75942,34720.73916,122688,-10.77,-8.98,-9.41,Export,2025,Qtr 3,June,1
, TEXTILE GROUP,,COTTON CARDED OR COMBED,M.T,0,0,0,0,0,0,Export,2025,Qtr 3,June,1
, TEXTILE GROUP,,YARN OTHER THAN COTTON YARN,M.T,1282.340335,952.4898753,3366,8.86,9.61,9.11,Export,2025,Qtr 3,June,1
, TEXTILE GROUP,,KNITWEAR,TH.DOZ,24765,128799.7133,455122,1.05,4.61,4.12,Export,2025,Qtr 3,June,1
, TEXTILE GROUP,,BED WEAR,M.T,44401.65246,77355.39096,273340,8.67,1.87,1.39,Export,2025,Qtr 3,June,1
, TEXTILE GROUP,,TOWELS,M.T,18313.4349,24674.17556,87188,4.35,-4.88,-5.33,Export,2025,Qtr 3,June,1
, TEXTILE GROUP,,"TENTS,CANVAS & TARPULIN",M.T,2233.334984,2009.57509,7101,10.18,-18.64,-19.02,Export,2025,Qtr 3,June,1
, TEXTILE GROUP,,READYMADE GARMENTS,TH.DOZ,7100,101915.0069,360124,-2.03,-3.32,-3.78,Export,2025,Qtr 3,June,1
, TEXTILE GROUP,,"ART,SILK & SYNTHETIC TEXTILE",M.T,7024.545993,9567.489077,33807,-1.91,-2.52,-2.98,Export,2025,Qtr 3,June,1
, TEXTILE GROUP,,MADEUP ARTICLES(EXCL TOWELS & BEDWEAR ),-,-,17694.39688,62524,-,-11.06,-11.48,Export,2025,Qtr 3,June,1
, TEXTILE GROUP,,OTHER TEXTILE MATERIALS,-,-,15364.22772,54291,-,-12.81,-13.22,Export,2025,Qtr 3,June,1
, PETROLEUM GROUP & COAL,,GROUP & COAL,,,17495.73391,61822,,218.92,217.43,Export,2025,Qtr 3,June,1
, PETROLEUM GROUP & COAL,,PETROLEUM CRUDE,M.T,39883.971,4970.416246,17563,0,0,0,Export,2025,Qtr 3,June,1
, PETROLEUM GROUP & COAL,,PETROLEUM PRODUCTS(EXCL TOP NAPHTA),M.T,85583.483,10753.21974,37997,146.06,152.6,151.4,Export,2025,Qtr 3,June,1
, PETROLEUM GROUP & COAL,,PETROLEUM TOP NAPHTA,M.T,9812.571,1772.097923,6262,41.94,44.19,43.56,Export,2025,Qtr 3,June,1
, PETROLEUM GROUP & COAL,,SOLID FUELS (COAL),M.T,0,0,0,0,0,0,Export,2025,Qtr 3,June,1
,OTHER MANUFACTURES GROUP,,MANUFACTURES GROUP,,,102214.5871,361183,,-0.42,-0.89,Export,2025,Qtr 3,June,1
,OTHER MANUFACTURES GROUP,,"CARPETS, RUGS & MATS",TH.SQM,361.7035754,1982.462526,7005,-21.71,35.88,35.26,Export,2025,Qtr 3,June,1
,OTHER MANUFACTURES GROUP,,,-,-,10295.1249,36379,-,-2.81,-3.27,Export,2025,Qtr 3,June,1
,OTHER MANUFACTURES GROUP,SPORTS GOODS, FOOTBALLS,TH.DOZ,366,6145.750748,21716,-7.11,-5.32,-5.77,Export,2025,Qtr 3,June,1
,OTHER MANUFACTURES GROUP,SPORTS GOODS, GLOVES,TH.DOZ,85,1562.302721,5521,13.33,13.54,13,Export,2025,Qtr 3,June,1
,OTHER MANUFACTURES GROUP,SPORTS GOODS, OTHERS,-,-,2587.071433,9142,-,-5.1,-5.54,Export,2025,Qtr 3,June,1
,OTHER MANUFACTURES GROUP,,LEATHER TANNED,M.T,617.2731798,3333.602282,11780,-26.6,-6.88,-7.32,Export,2025,Qtr 3,June,1
,OTHER MANUFACTURES GROUP,,,-,,14360.93091,50745,-,15.15,14.61,Export,2025,Qtr 3,June,1
,OTHER MANUFACTURES GROUP,LEATHER MANUFACTURES,LEATHER GARMENTS,TH.DOZ,300,7029.706336,24840,45.63,46.76,46.06,Export,2025,Qtr 3,June,1
,OTHER MANUFACTURES GROUP,LEATHER MANUFACTURES,LEATHER GLOVES,TH.DOZ,799,7032.524818,24850,-4.54,-4.05,-4.49,Export,2025,Qtr 3,June,1
,OTHER MANUFACTURES GROUP,LEATHER MANUFACTURES,OTHER LEATHER MANUFACTURES,-,-,298.6997539,1055,-,-15.38,-15.73,Export,2025,Qtr 3,June,1
,OTHER MANUFACTURES GROUP,,,TH.Pairs,1474.28295,4151.830415,14671,-0.92,10.22,9.7,Export,2025,Qtr 3,June,1
,OTHER MANUFACTURES GROUP,FOOTWEAR,LEATHER FOOTWEAR,TH.Pairs,732.63538,3405.557643,12034,17.6,17.84,17.27,Export,2025,Qtr 3,June,1
,OTHER MANUFACTURES GROUP,FOOTWEAR,CANVAS FOOTWEAR,TH.Pairs,13.656,81.49288655,288,173.12,213.43,213.04,Export,2025,Qtr 3,June,1
,OTHER MANUFACTURES GROUP,FOOTWEAR,OTHER FOOTWEAR,TH.Pairs,727.99157,664.7798853,2349,-15.35,-21.88,-22.22,Export,2025,Qtr 3,June,1
,OTHER MANUFACTURES GROUP,,SURGICAL GOODS & MEDICAL INSTRUMENTS,-,-,10946.30132,38679,-,6.09,5.59,Export,2025,Qtr 3,June,1
,OTHER MANUFACTURES GROUP,,CUTLERY,-,-,1305.001768,4611,-,-13.46,-13.86,Export,2025,Qtr 3,June,1
,OTHER MANUFACTURES GROUP,,ONYX MANUFACTURED,M.T,154,157.1787467,555,46.67,28.84,28.47,Export,2025,Qtr 3,June,1
,OTHER MANUFACTURES GROUP,,,-,-,33355.20555,117863,-,-5.45,-5.89,Export,2025,Qtr 3,June,1
,OTHER MANUFACTURES GROUP,CHEMICALS AND PHARM PRODUCTS,FERTILIZER MANUFACTURED,M.T,0,0,0,0,0,0,Export,2025,Qtr 3,June,1
,OTHER MANUFACTURES GROUP,CHEMICALS AND PHARM PRODUCTS,PLASTIC MATERIALS,M.T,23578.11709,7596.141539,26841,-27.41,-21.47,-21.84,Export,2025,Qtr 3,June,1
,OTHER MANUFACTURES GROUP,CHEMICALS AND PHARM PRODUCTS,PHARMACEUTICAL PRODUCTS,M.T,6417.473862,8404.221526,29697,-28.09,-17.37,-17.76,Export,2025,Qtr 3,June,1
,OTHER MANUFACTURES GROUP,CHEMICALS AND PHARM PRODUCTS,OTHER CHEMICALS,-,-,17354.84248,61325,-,12.45,11.92,Export,2025,Qtr 3,June,1
,OTHER MANUFACTURES GROUP,,,-,-,9698.036995,34270,-,-23.12,-23.48,Export,2025,Qtr 3,June,1
,OTHER MANUFACTURES GROUP,ENGINEERING GOODS,ELECTRIC FANS,TH.NOS,128,846.8803415,2993,-11.11,-6.32,-6.76,Export,2025,Qtr 3,June,1
,OTHER MANUFACTURES GROUP,ENGINEERING GOODS,TRANSPORT EQUIPMENT,-,-,487.5857637,1723,-,-62.17,-62.34,Export,2025,Qtr 3,June,1
,OTHER MANUFACTURES GROUP,ENGINEERING GOODS,OTHER ELECTRICAL MACHINERY,-,-,2096.647197,7409,-,10.41,9.88,Export,2025,Qtr 3,June,1
,OTHER MANUFACTURES GROUP,ENGINEERING GOODS,MACHINERY SPECIALIZED FOR,,,,,,,,Export,2025,Qtr 3,June,1
,OTHER MANUFACTURES GROUP,,INDUSTRIES,-,-,1383.880446,4890,-,17.78,17.18,Export,2025,Qtr 3,June,1
,OTHER MANUFACTURES GROUP,ENGINEERING GOODS,AUTO PARTS & ACCESSORIES,-,-,524.027431,1852,-,-26.19,-26.51,Export,2025,Qtr 3,June,1
,OTHER MANUFACTURES GROUP,ENGINEERING GOODS,RUBBER TYRES & TUBES,TH.NOS,1816.073,2534.07264,8954,-19.29,-32.06,-32.38,Export,2025,Qtr 3,June,1
,OTHER MANUFACTURES GROUP,ENGINEERING GOODS,OTHER MACHINERY,-,-,1824.943176,6449,-,-37.22,-37.52,Export,2025,Qtr 3,June,1
,OTHER MANUFACTURES GROUP,,GEMS,K.G,1,1.879796925,7,-98.15,-98.38,-98.31,Export,2025,Qtr 3,June,1
,OTHER MANUFACTURES GROUP,,JEWELLARY,-,-,7.750556144,27,-,-95.55,-95.62,Export,2025,Qtr 3,June,1
,OTHER MANUFACTURES GROUP,,FURNITURE,TH.NOS,117.5574,190.5076006,673,65.57,-13.01,-13.38,Export,2025,Qtr 3,June,1
,OTHER MANUFACTURES GROUP,,MOLASSES,M.T,1665.8,51.99912286,184,10.03,15.55,15,Export,2025,Qtr 3,June,1
,OTHER MANUFACTURES GROUP,,HANDICRAFTS,-,-,46.8565,166,-,100,100,Export,2025,Qtr 3,June,1
,OTHER MANUFACTURES GROUP,,CEMENT,M.T,1106009.906,11843.07467,41848,24.91,22.82,22.23,Export,2025,Qtr 3,June,1
,OTHER MANUFACTURES GROUP,,GUAR AND GUAR PRODUCTS,M.T,819.99,486.8434042,1720,-37.88,-34.12,-34.48,Export,2025,Qtr 3,June,1
, FOOD GROUP,,GROUP,,,121232.6432,426995.2731,,16.5,16.13,Export,2025,Qtr 3,July,1
, FOOD GROUP,,,M.T,291901.506,47694.67462,168109.9071,6.92,12.5,12.22,Export,2025,Qtr 3,July,1
, FOOD GROUP,RICE,BASMATI,M.T,52339.35886,15823.61293,55759.53783,11.5,14.96,14.65,Export,2025,Qtr 3,July,1
, FOOD GROUP,RICE,OTHERS,M.T,239562.1472,31871.0617,112350.3693,5.97,11.31,11.05,Export,2025,Qtr 3,July,1
, FOOD GROUP,,FISH & FISH PREPARATIONS,M.T,11781.96271,6379.65124,22447.66952,-33.7,-40.73,-40.98,Export,2025,Qtr 3,July,1
, FOOD GROUP,,FRUITS,M.T,59981.08007,16469.32915,57964.66381,37.79,59.11,58.48,Export,2025,Qtr 3,July,1
, FOOD GROUP,,VEGETABLES,M.T,60146.79995,4512.967688,15899.84055,13.94,9.91,9.59,Export,2025,Qtr 3,July,1
, FOOD GROUP,,LEGUMINOUS VEGETABLES  (PULSES),M.T,0,0,0,0,0,0,Export,2025,Qtr 3,July,1
, FOOD GROUP,,TOBACCO,M.T,866,1130.123863,3989.85604,-51.51,-49.99,-50.03,Export,2025,Qtr 3,July,1
, FOOD GROUP,,WHEAT,M.T,0,0,0,0,0,0,Export,2025,Qtr 3,July,1
, FOOD GROUP,,SPICES,M.T,2044.798938,1919.446819,6753.143346,-2.12,-20.32,-20.66,Export,2025,Qtr 3,July,1
, FOOD GROUP,,"OIL SEEDS, NUTS AND KERNALS",M.T,3533.746682,1196.218364,4210.653495,-49.45,-49.1,-49.29,Export,2025,Qtr 3,July,1
, FOOD GROUP,,SUGAR,M.T,0,0,0,0,0,0,Export,2025,Qtr 3,July,1
, FOOD GROUP,,MEAT AND MEAT PREPARATIONS,M.T,9031.209461,11496.24549,40460.58858,44.31,42.53,41.96,Export,2025,Qtr 3,July,1
, FOOD GROUP,,ALL OTHER FOOD ITEMS,-,-,30433.98594,107158.9506,-,42.5,41.99,Export,2025,Qtr 3,July,1
, TEXTILE GROUP,,GROUP,,,477085.8812,1679590.986,,10.78,10.37,Export,2025,Qtr 3,July,1
, TEXTILE GROUP,,RAW COTTON,M.T,0,0,0,0,0,0,Export,2025,Qtr 3,July,1
, TEXTILE GROUP,,COTTON YARN,M.T,22536.36995,15930.58583,56070.2529,-9.34,-9.45,-9.8,Export,2025,Qtr 3,July,1
, TEXTILE GROUP,,COTTON CLOTH,M.T,27893.51915,40281.24736,141822.5449,22.73,16.01,15.6,Export,2025,Qtr 3,July,1
, TEXTILE GROUP,,COTTON CARDED OR COMBED,M.T,0,0,0,0,0,0,Export,2025,Qtr 3,July,1
, TEXTILE GROUP,,YARN OTHER THAN COTTON YARN,M.T,1222.075685,842.3504216,2965.442147,-4.67,-11.52,-11.9,Export,2025,Qtr 3,July,1
, TEXTILE GROUP,,KNITWEAR,TH.DOZ,27649,145798.8279,513276.7949,16.21,13.2,12.78,Export,2025,Qtr 3,July,1
, TEXTILE GROUP,,BED WEAR,M.T,49495.92886,84179.61599,296354.1546,11.68,8.82,8.42,Export,2025,Qtr 3,July,1
, TEXTILE GROUP,,TOWELS,M.T,19355.63977,26665.54107,93876.94593,6.48,8.07,7.67,Export,2025,Qtr 3,July,1
, TEXTILE GROUP,,"TENTS,CANVAS & TARPULIN",M.T,2422.491347,1926.924709,6783.374217,10.06,-4.13,-4.47,Export,2025,Qtr 3,July,1
, TEXTILE GROUP,,READYMADE GARMENTS,TH.DOZ,7854,113682.9454,400251.5365,11.88,11.55,11.14,Export,2025,Qtr 3,July,1
, TEXTILE GROUP,,"ART,SILK & SYNTHETIC TEXTILE",M.T,6627.365693,9416.412963,33149.65735,-5.66,-1.57,-1.94,Export,2025,Qtr 3,July,1
, TEXTILE GROUP,,MADEUP ARTICLES(EXCL TOWELS & BEDWEAR ),-,-,19847.49377,69866.72841,-,12.17,11.74,Export,2025,Qtr 3,July,1
, TEXTILE GROUP,,OTHER TEXTILE MATERIALS,-,-,18513.93575,65173.55403,-,20.5,20.05,Export,2025,Qtr 3,July,1
, PETROLEUM GROUP & COAL,,GROUP & COAL,,,13787.62679,48803.50053,,-21.19,-21.06,Export,2025,Qtr 3,July,1
, PETROLEUM GROUP & COAL,,PETROLEUM CRUDE,M.T,0,0,0,-100,-100,-100,Export,2025,Qtr 3,July,1
, PETROLEUM GROUP & COAL,,PETROLEUM PRODUCTS(EXCL TOP NAPHTA),M.T,82760.25073,10674.86455,37821.80275,-3.3,-0.73,-0.46,Export,2025,Qtr 3,July,1
, PETROLEUM GROUP & COAL,,PETROLEUM TOP NAPHTA,M.T,18326.882,3112.762237,10981.69778,86.76,75.66,75.37,Export,2025,Qtr 3,July,1
, PETROLEUM GROUP & COAL,,SOLID FUELS (COAL),M.T,0,0,0,0,0,0,Export,2025,Qtr 3,July,1
,OTHER MANUFACTURES GROUP,,MANUFACTURES GROUP,,,98426.95431,346570.097,,-3.71,-4.05,Export,2025,Qtr 3,July,1
,OTHER MANUFACTURES GROUP,,"CARPETS, RUGS & MATS",TH.SQM,215.713503,1314.527855,4630.455889,-40.41,-33.68,-33.9,Export,2025,Qtr 3,July,1
,OTHER MANUFACTURES GROUP,,,-,-,11048.36927,38900.72808,-,7.32,6.93,Export,2025,Qtr 3,July,1
,OTHER MANUFACTURES GROUP,SPORTS GOODS, FOOTBALLS,TH.DOZ,444,7304.730296,25720.04574,19.03,18.85,18.44,Export,2025,Qtr 3,July,1
,OTHER MANUFACTURES GROUP,SPORTS GOODS, GLOVES,TH.DOZ,82,1428.073355,5028.826444,-7.87,-8.57,-8.9,Export,2025,Qtr 3,July,1
,OTHER MANUFACTURES GROUP,SPORTS GOODS, OTHERS,-,-,2315.565616,8151.855897,-,-10.49,-10.83,Export,2025,Qtr 3,July,1
,OTHER MANUFACTURES GROUP,,LEATHER TANNED,M.T,754.6050786,2921.442467,10283.01753,-2.88,-12.37,-12.71,Export,2025,Qtr 3,July,1
,OTHER MANUFACTURES GROUP,,,-,,15141.78324,53307.25037,-,5.43,5.05,Export,2025,Qtr 3,July,1
,OTHER MANUFACTURES GROUP,LEATHER MANUFACTURES,LEATHER GARMENTS,TH.DOZ,201,7170.194497,25243.06016,1.52,1.99,1.62,Export,2025,Qtr 3,July,1
,OTHER MANUFACTURES GROUP,LEATHER MANUFACTURES,LEATHER GLOVES,TH.DOZ,1144,7622.509404,26834.59715,6.12,8.38,7.99,Export,2025,Qtr 3,July,1
,OTHER MANUFACTURES GROUP,LEATHER MANUFACTURES,OTHER LEATHER MANUFACTURES,-,-,349.0793426,1229.593053,-,16.75,16.55,Export,2025,Qtr 3,July,1
,OTHER MANUFACTURES GROUP,,,TH.Pairs,1811.703,4997.381549,17588.49705,21.35,20.36,19.89,Export,2025,Qtr 3,July,1
,OTHER MANUFACTURES GROUP,FOOTWEAR,LEATHER FOOTWEAR,TH.Pairs,793.026,4189.412748,14744.27386,9.38,23,22.52,Export,2025,Qtr 3,July,1
,OTHER MANUFACTURES GROUP,FOOTWEAR,CANVAS FOOTWEAR,TH.Pairs,17.837,100.0113675,352.1978272,37.21,23.47,22.29,Export,2025,Qtr 3,July,1
,OTHER MANUFACTURES GROUP,FOOTWEAR,OTHER FOOTWEAR,TH.Pairs,1000.84,707.9574339,2492.025357,32.56,6.46,6.09,Export,2025,Qtr 3,July,1
,OTHER MANUFACTURES GROUP,,SURGICAL GOODS & MEDICAL INSTRUMENTS,-,-,10882.15561,38312.49487,-,-0.58,-0.95,Export,2025,Qtr 3,July,1
,OTHER MANUFACTURES GROUP,,CUTLERY,-,-,1223.500122,4306.61538,-,-6.25,-6.6,Export,2025,Qtr 3,July,1
,OTHER MANUFACTURES GROUP,,ONYX MANUFACTURED,M.T,189.7,126.6079805,445.6527586,39.49,-19.36,-19.7,Export,2025,Qtr 3,July,1
,OTHER MANUFACTURES GROUP,,,-,,29133.16077,102581.6298,-,-12.66,-12.97,Export,2025,Qtr 3,July,1
,OTHER MANUFACTURES GROUP,CHEMICALS AND PHARM PRODUCTS,FERTILIZER MANUFACTURED,M.T,0,0,0,0,0,0,Export,2025,Qtr 3,July,1
,OTHER MANUFACTURES GROUP,CHEMICALS AND PHARM PRODUCTS,PLASTIC MATERIALS,M.T,21904.15728,7110.814603,25047.87977,-7.04,-6.39,-6.68,Export,2025,Qtr 3,July,1
,OTHER MANUFACTURES GROUP,CHEMICALS AND PHARM PRODUCTS,PHARMACEUTICAL PRODUCTS,M.T,6640.895972,9556.14117,33637.77694,-10.34,13.71,13.27,Export,2025,Qtr 3,July,1
,OTHER MANUFACTURES GROUP,CHEMICALS AND PHARM PRODUCTS,OTHER CHEMICALS,-,-,12466.205,43895.97309,-,-28.17,-28.42,Export,2025,Qtr 3,July,1
,OTHER MANUFACTURES GROUP,,,-,,10657.42936,37523.9063,-,9.88,9.49,Export,2025,Qtr 3,July,1
,OTHER MANUFACTURES GROUP,ENGINEERING GOODS,ELECTRIC FANS,TH.NOS,202.385,1021.692949,3597.866309,22.66,20.62,20.21,Export,2025,Qtr 3,July,1
,OTHER MANUFACTURES GROUP,ENGINEERING GOODS,TRANSPORT EQUIPMENT,-,-,102.1979674,359.9608439,-,-79.01,-79.08,Export,2025,Qtr 3,July,1
,OTHER MANUFACTURES GROUP,ENGINEERING GOODS,OTHER ELECTRICAL MACHINERY,-,-,2662.201546,9370.811114,-,26.95,26.48,Export,2025,Qtr 3,July,1
,OTHER MANUFACTURES GROUP,ENGINEERING GOODS,MACHINERY SPECIALIZED FOR,,,,,,,,Export,2025,Qtr 3,July,1
,OTHER MANUFACTURES GROUP,,INDUSTRIES,-,-,1224.849227,4316.173001,-,-11.5,-11.73,Export,2025,Qtr 3,July,1
,OTHER MANUFACTURES GROUP,ENGINEERING GOODS,AUTO PARTS & ACCESSORIES,-,-,569.8671203,2007.12978,-,8.75,8.38,Export,2025,Qtr 3,July,1
,OTHER MANUFACTURES GROUP,ENGINEERING GOODS,RUBBER TYRES & TUBES,TH.NOS,2188.326,2683.806941,9449.980369,12.51,5.91,5.54,Export,2025,Qtr 3,July,1
,OTHER MANUFACTURES GROUP,ENGINEERING GOODS,OTHER MACHINERY,-,-,2392.813607,8421.984878,-,31.04,30.55,Export,2025,Qtr 3,July,1
,OTHER MANUFACTURES GROUP,,GEMS,K.G,110.930474,145.2481267,510.8539676,10993.05,7162.41,7197.91,Export,2025,Qtr 3,July,1
,OTHER MANUFACTURES GROUP,,JEWELLARY,-,-,4.767207996,16.78468716,-,-40.41,-37.83,Export,2025,Qtr 3,July,1
,OTHER MANUFACTURES GROUP,,FURNITURE,TH.NOS,112.479,222.023972,781.6940311,54.08,16.24,16.15,Export,2025,Qtr 3,July,1
,OTHER MANUFACTURES GROUP,,MOLASSES,M.T,1933.485,50.72352978,178.526908,19.79,-2.45,-2.97,Export,2025,Qtr 3,July,1
,OTHER MANUFACTURES GROUP,,HANDICRAFTS,-,-,0,0,-,-100,-100,Export,2025,Qtr 3,July,1
,OTHER MANUFACTURES GROUP,,CEMENT,M.T,877086.379,9910.665279,34924.3256,-20.8,-16.32,-16.54,Export,2025,Qtr 3,July,1
,OTHER MANUFACTURES GROUP,,GUAR AND GUAR PRODUCTS,M.T,1167.2825,647.1679711,2277.66383,38.8,32.89,32.42,Export,2025,Qtr 3,July,1
, FOOD GROUP,,GROUP,,,98266.03896,347562.1378,,-18.94,-18.55,Export,2025,Qtr 3,August,1
, FOOD GROUP,,,M.T,252237.4534,41388.26813,146278.1895,-13.96,-13.22,-12.83,Export,2025,Qtr 3,August,1
, FOOD GROUP,RICE,BASMATI,M.T,49240.0353,14574.3394,51534.22006,-6.55,-7.9,-7.58,Export,2025,Qtr 3,August,1
, FOOD GROUP,RICE,OTHERS,M.T,202997.4181,26813.92873,94743.96949,-15.58,-15.87,-15.67,Export,2025,Qtr 3,August,1
, FOOD GROUP,,FISH & FISH PREPARATIONS,M.T,10695.5976,6742.91159,23908.68686,-8.88,5.69,6.51,Export,2025,Qtr 3,August,1
, FOOD GROUP,,FRUITS,M.T,45464.02874,8910.57565,31543.34268,-26.09,-45.89,-45.58,Export,2025,Qtr 3,August,1
, FOOD GROUP,,VEGETABLES,M.T,50997.76754,3779.321803,13386.5406,-17.12,-16.26,-15.81,Export,2025,Qtr 3,August,1
, FOOD GROUP,,LEGUMINOUS VEGETABLES  (PULSES),M.T,0,0,0,0,0,0,Export,2025,Qtr 3,August,1
, FOOD GROUP,,TOBACCO,M.T,804.199,501.9154063,1771.447102,-37.76,-55.58,-55.6,Export,2025,Qtr 3,August,1
, FOOD GROUP,,WHEAT,M.T,0,0,0,0,0,0,Export,2025,Qtr 3,August,1
, FOOD GROUP,,SPICES,M.T,2313.775181,1785.726497,6310.263221,8.88,-6.94,-6.56,Export,2025,Qtr 3,August,1
, FOOD GROUP,,"OIL SEEDS, NUTS AND KERNALS",M.T,6996.66624,1929.283033,6829.532069,105.72,61.31,62.2,Export,2025,Qtr 3,August,1
, FOOD GROUP,,SUGAR,M.T,0,0,0,0,0,0,Export,2025,Qtr 3,August,1
, FOOD GROUP,,MEAT AND MEAT PREPARATIONS,M.T,8035.634293,10287.48122,36438.36213,-12.09,-10.51,-9.94,Export,2025,Qtr 3,August,1
, FOOD GROUP,,ALL OTHER FOOD ITEMS,-,-,22940.55564,81095.77356,-,-24.62,-24.32,Export,2025,Qtr 3,August,1
, TEXTILE GROUP,,GROUP,,,430786.6974,1523583.884,,-9.7,-9.29,Export,2025,Qtr 3,August,1
, TEXTILE GROUP,,RAW COTTON,M.T,0,0,0,0,0,0,Export,2025,Qtr 3,August,1
, TEXTILE GROUP,,COTTON YARN,M.T,25542.55501,17852.78597,63125.93953,13.34,12.06,12.58,Export,2025,Qtr 3,August,1
, TEXTILE GROUP,,COTTON CLOTH,M.T,30244.2917,44517.05702,157475.2455,9.06,10.52,11.04,Export,2025,Qtr 3,August,1
, TEXTILE GROUP,,COTTON CARDED OR COMBED,M.T,0,0,0,0,0,0,Export,2025,Qtr 3,August,1
, TEXTILE GROUP,,YARN OTHER THAN COTTON YARN,M.T,1175.070478,840.8320808,2973.405025,0.18,-0.14,0.27,Export,2025,Qtr 3,August,1
, TEXTILE GROUP,,KNITWEAR,TH.DOZ,19825,125999.3004,445686.574,-24.26,-13.58,-13.17,Export,2025,Qtr 3,August,1
, TEXTILE GROUP,,BED WEAR,M.T,44632.89222,76094.7434,269120.2038,-9.64,-9.6,-9.19,Export,2025,Qtr 3,August,1
, TEXTILE GROUP,,TOWELS,M.T,18307.14616,24100.4738,85224.07883,-5.18,-9.62,-9.22,Export,2025,Qtr 3,August,1
, TEXTILE GROUP,,"TENTS,CANVAS & TARPULIN",M.T,2882.026706,2614.258123,9244.22737,30.88,35.66,36.28,Export,2025,Qtr 3,August,1
, TEXTILE GROUP,,READYMADE GARMENTS,TH.DOZ,5848.970636,92764.59205,328054.3175,-18.3,-18.4,-18.04,Export,2025,Qtr 3,August,1
, TEXTILE GROUP,,"ART,SILK & SYNTHETIC TEXTILE",M.T,6792.811169,9330.058566,32998.52432,2.39,-0.91,-0.46,Export,2025,Qtr 3,August,1
, TEXTILE GROUP,,MADEUP ARTICLES(EXCL TOWELS & BEDWEAR ),-,-,18860.48246,66682.61228,-,-4.97,-4.56,Export,2025,Qtr 3,August,1
, TEXTILE GROUP,,OTHER TEXTILE MATERIALS,-,-,17812.11353,62998.75561,-,-3.79,-3.34,Export,2025,Qtr 3,August,1
, PETROLEUM GROUP & COAL,,GROUP & COAL,,,5582.382488,19748.38604,,-59.51,-59.53,Export,2025,Qtr 3,August,1
, PETROLEUM GROUP & COAL,,PETROLEUM CRUDE,M.T,0,0,0,0,0,0,Export,2025,Qtr 3,August,1
, PETROLEUM GROUP & COAL,,PETROLEUM PRODUCTS(EXCL TOP NAPHTA),M.T,42947.921,5582.382488,19748.38604,-48.4,-47.71,-47.79,Export,2025,Qtr 3,August,1
, PETROLEUM GROUP & COAL,,PETROLEUM TOP NAPHTA,M.T,0,0,0,-100,-100,-100,Export,2025,Qtr 3,August,1
, PETROLEUM GROUP & COAL,,SOLID FUELS (COAL),M.T,0,0,0,0,0,0,Export,2025,Qtr 3,August,1
,OTHER MANUFACTURES GROUP,,MANUFACTURES GROUP,,,97428.04855,344425.4535,,-0.98,-0.62,Export,2025,Qtr 3,August,1
,OTHER MANUFACTURES GROUP,,"CARPETS, RUGS & MATS",TH.SQM,158.1116619,1049.476244,3714.037495,-10.67,-20.19,-19.79,Export,2025,Qtr 3,August,1
,OTHER MANUFACTURES GROUP,,,-,-,10281.918,36335.70379,-,-6.94,-6.59,Export,2025,Qtr 3,August,1
,OTHER MANUFACTURES GROUP,SPORTS GOODS, FOOTBALLS,TH.DOZ,395,6499.184866,22963.81662,-11.04,-11.03,-10.72,Export,2025,Qtr 3,August,1
,OTHER MANUFACTURES GROUP,SPORTS GOODS, GLOVES,TH.DOZ,104,1545.939406,5464.119856,7.22,8.26,8.66,Export,2025,Qtr 3,August,1
,OTHER MANUFACTURES GROUP,SPORTS GOODS, OTHERS,-,-,2236.793731,7907.767315,-,-3.42,-2.99,Export,2025,Qtr 3,August,1
,OTHER MANUFACTURES GROUP,,LEATHER TANNED,M.T,639.1731084,3240.117743,11465.18807,-5.45,10.92,11.5,Export,2025,Qtr 3,August,1
,OTHER MANUFACTURES GROUP,,,-,-,14436.85808,51058.14332,-,-4.66,-4.22,Export,2025,Qtr 3,August,1
,OTHER MANUFACTURES GROUP,LEATHER MANUFACTURES,LEATHER GARMENTS,TH.DOZ,255,6912.548302,24456.36014,-5.56,-3.59,-3.12,Export,2025,Qtr 3,August,1
,OTHER MANUFACTURES GROUP,LEATHER MANUFACTURES,LEATHER GLOVES,TH.DOZ,848.3670383,7223.52246,25538.20168,-3.7,-5.24,-4.83,Export,2025,Qtr 3,August,1
,OTHER MANUFACTURES GROUP,LEATHER MANUFACTURES,OTHER LEATHER MANUFACTURES,-,-,300.7873183,1063.581498,-,-13.81,-13.5,Export,2025,Qtr 3,August,1
,OTHER MANUFACTURES GROUP,,,TH.Pairs,1727.885005,4529.605898,16013.88562,5.49,-9.35,-8.95,Export,2025,Qtr 3,August,1
,OTHER MANUFACTURES GROUP,FOOTWEAR,LEATHER FOOTWEAR,TH.Pairs,719.8190029,3542.802858,12522.34114,-7.24,-15.43,-15.07,Export,2025,Qtr 3,August,1
,OTHER MANUFACTURES GROUP,FOOTWEAR,CANVAS FOOTWEAR,TH.Pairs,3.26,22.12099721,78.20796999,-79.63,-77.88,-77.79,Export,2025,Qtr 3,August,1
,OTHER MANUFACTURES GROUP,FOOTWEAR,OTHER FOOTWEAR,TH.Pairs,1004.806002,964.6820425,3413.336503,18.77,36.25,36.97,Export,2025,Qtr 3,August,1
,OTHER MANUFACTURES GROUP,,SURGICAL GOODS & MEDICAL INSTRUMENTS,-,-,10254.92895,36267.85304,-,-5.76,-5.34,Export,2025,Qtr 3,August,1
,OTHER MANUFACTURES GROUP,,CUTLERY,-,-,1250.710954,4421.35603,-,2.18,2.66,Export,2025,Qtr 3,August,1
,OTHER MANUFACTURES GROUP,,ONYX MANUFACTURED,M.T,199,131.3101289,464.2690112,80.91,3.39,4.18,Export,2025,Qtr 3,August,1
,OTHER MANUFACTURES GROUP,,,-,,30831.53996,108994.2819,-,5.97,6.25,Export,2025,Qtr 3,August,1
,OTHER MANUFACTURES GROUP,CHEMICALS AND PHARM PRODUCTS,FERTILIZER MANUFACTURED,M.T,0,0,0,0,0,0,Export,2025,Qtr 3,August,1
,OTHER MANUFACTURES GROUP,CHEMICALS AND PHARM PRODUCTS,PLASTIC MATERIALS,M.T,32076.12246,9457.657631,33438.63828,48.56,33.73,33.5,Export,2025,Qtr 3,August,1
,OTHER MANUFACTURES GROUP,CHEMICALS AND PHARM PRODUCTS,PHARMACEUTICAL PRODUCTS,M.T,6545.75726,8861.928129,31352.54079,-22.21,-7.26,-6.79,Export,2025,Qtr 3,August,1
,OTHER MANUFACTURES GROUP,CHEMICALS AND PHARM PRODUCTS,OTHER CHEMICALS,-,-,12511.9542,44203.10284,-,0.37,0.7,Export,2025,Qtr 3,August,1
,OTHER MANUFACTURES GROUP,,,-,-,9858.193606,34865.11521,-,-7.5,-7.09,Export,2025,Qtr 3,August,1
,OTHER MANUFACTURES GROUP,ENGINEERING GOODS,ELECTRIC FANS,TH.NOS,99,524.4664129,1855.39361,-45,-48.68,-48.43,Export,2025,Qtr 3,August,1
,OTHER MANUFACTURES GROUP,ENGINEERING GOODS,TRANSPORT EQUIPMENT,-,-,451.0128232,1597.664268,-,369.81,343.84,Export,2025,Qtr 3,August,1
,OTHER MANUFACTURES GROUP,ENGINEERING GOODS,OTHER ELECTRICAL MACHINERY,-,-,2764.374725,9773.01423,-,3.85,4.29,Export,2025,Qtr 3,August,1
,OTHER MANUFACTURES GROUP,ENGINEERING GOODS,MACHINERY SPECIALIZED FOR,,,,,,,,Export,2025,Qtr 3,August,1
,OTHER MANUFACTURES GROUP,,INDUSTRIES,-,-,1018.657273,3603.941786,-,-16.84,-16.5,Export,2025,Qtr 3,August,1
,OTHER MANUFACTURES GROUP,ENGINEERING GOODS,AUTO PARTS & ACCESSORIES,-,-,624.8732898,2208.864658,-,9.63,10.05,Export,2025,Qtr 3,August,1
,OTHER MANUFACTURES GROUP,ENGINEERING GOODS,RUBBER TYRES & TUBES,TH.NOS,2242.343446,2233.331119,7897.049344,-7.42,-16.79,-16.43,Export,2025,Qtr 3,August,1
,OTHER MANUFACTURES GROUP,ENGINEERING GOODS,OTHER MACHINERY,-,-,2241.477962,7929.187312,-,-6.57,-5.85,Export,2025,Qtr 3,August,1
,OTHER MANUFACTURES GROUP,,GEMS,K.G,73.9696425,173.6353504,614.7594255,-12.98,19.75,20.34,Export,2025,Qtr 3,August,1
,OTHER MANUFACTURES GROUP,,JEWELLARY,-,-,7.56021823,26.76915081,-,51.2,59.49,Export,2025,Qtr 3,August,1
,OTHER MANUFACTURES GROUP,,FURNITURE,TH.NOS,71.057,133.7912796,473.4331577,-28.23,-39.73,-39.43,Export,2025,Qtr 3,August,1
,OTHER MANUFACTURES GROUP,,MOLASSES,M.T,1220.34,38.75118889,136.8488767,-36.87,-24.02,-23.35,Export,2025,Qtr 3,August,1
,OTHER MANUFACTURES GROUP,,HANDICRAFTS,-,-,1.33577441,4.689395856,-,100,100,Export,2025,Qtr 3,August,1
,OTHER MANUFACTURES GROUP,,CEMENT,M.T,980692.406,10705.64749,37790.35935,11.45,8.02,8.21,Export,2025,Qtr 3,August,1
,OTHER MANUFACTURES GROUP,,GUAR AND GUAR PRODUCTS,M.T,886.28,502.6676881,1778.760683,-27.71,-22.31,-21.9,Export,2025,Qtr 3,August,1
, FOOD GROUP,,GROUP,,,94212.69818,334550.2592,,-4.12,-3.74,Export,2025,Qtr 3,September,1
, FOOD GROUP,,,M.T,167324.5788,29387.1938,104306.9038,-33.68,-29,-28.74,Export,2025,Qtr 3,September,1
, FOOD GROUP,RICE,BASMATI,M.T,35092.51649,11574.23528,41093.8862,-28.79,-20.58,-20.28,Export,2025,Qtr 3,September,1
, FOOD GROUP,RICE,OTHERS,M.T,132232.0623,17812.95851,63213.01755,-34.87,-33.57,-33.35,Export,2025,Qtr 3,September,1
, FOOD GROUP,,FISH & FISH PREPARATIONS,M.T,18100.60901,12190.01639,43304.92013,69.23,80.78,81.58,Export,2025,Qtr 3,September,1
, FOOD GROUP,,FRUITS,M.T,45459.56261,5193.135426,18444.82788,-0.01,-41.72,-41.47,Export,2025,Qtr 3,September,1
, FOOD GROUP,,VEGETABLES,M.T,39944.37024,3659.612596,12999.22181,-21.67,-3.16,-2.75,Export,2025,Qtr 3,September,1
, FOOD GROUP,,LEGUMINOUS VEGETABLES  (PULSES),M.T,0,0,0,0,0,0,Export,2025,Qtr 3,September,1
, FOOD GROUP,,TOBACCO,M.T,3464.28,3806.204368,13512.76156,385.87,658.21,661.28,Export,2025,Qtr 3,September,1
, FOOD GROUP,,WHEAT,M.T,0,0,0,0,0,0,Export,2025,Qtr 3,September,1
, FOOD GROUP,,SPICES,M.T,2344.522395,1954.844291,6941.85135,1.32,9.45,9.91,Export,2025,Qtr 3,September,1
, FOOD GROUP,,"OIL SEEDS, NUTS AND KERNALS",M.T,21888.90835,7188.133138,25529.86399,212.83,272.64,274.12,Export,2025,Qtr 3,September,1
, FOOD GROUP,,SUGAR,M.T,0,0,0,0,0,0,Export,2025,Qtr 3,September,1
, FOOD GROUP,,MEAT AND MEAT PREPARATIONS,M.T,10119.61239,12770.39419,45363.96959,25.93,24.14,24.67,Export,2025,Qtr 3,September,1
, FOOD GROUP,,ALL OTHER FOOD ITEMS,-,-,18063.16398,64145.93914,-,-21.26,-20.94,Export,2025,Qtr 3,September,1
, TEXTILE GROUP,,GROUP,,,442925.4685,1572919.516,,2.82,3.23,Export,2025,Qtr 3,September,1
, TEXTILE GROUP,,RAW COTTON,M.T,346.948,164.117992,583.2195878,100,100,100,Export,2025,Qtr 3,September,1
, TEXTILE GROUP,,COTTON YARN,M.T,25147.7508,17810.11147,63252.20533,-1.55,-0.24,0.17,Export,2025,Qtr 3,September,1
, TEXTILE GROUP,,COTTON CLOTH,M.T,28934.98804,42260.63807,150095.9263,-4.33,-5.07,-4.67,Export,2025,Qtr 3,September,1
, TEXTILE GROUP,,COTTON CARDED OR COMBED,M.T,0,0,0,0,0,0,Export,2025,Qtr 3,September,1
, TEXTILE GROUP,,YARN OTHER THAN COTTON YARN,M.T,1362.985351,888.8396981,3156.934495,16,5.69,6.15,Export,2025,Qtr 3,September,1
, TEXTILE GROUP,,KNITWEAR,TH.DOZ,21287,130988.9608,465166.11,12.53,3.96,4.38,Export,2025,Qtr 3,September,1
, TEXTILE GROUP,,BED WEAR,M.T,47525.79239,80974.55575,287545.204,6.5,6.41,6.84,Export,2025,Qtr 3,September,1
, TEXTILE GROUP,,TOWELS,M.T,18404.52338,24218.18466,86004.0545,4.82,0.49,0.9,Export,2025,Qtr 3,September,1
, TEXTILE GROUP,,"TENTS,CANVAS & TARPULIN",M.T,5724.256629,6671.681698,23691.30402,93.19,155.23,156.23,Export,2025,Qtr 3,September,1
, TEXTILE GROUP,,READYMADE GARMENTS,TH.DOZ,6430,92701.94888,329199.3944,-1.71,-0.07,0.34,Export,2025,Qtr 3,September,1
, TEXTILE GROUP,,"ART,SILK & SYNTHETIC TEXTILE",M.T,6519.205215,8986.256498,31910.95263,-3.96,-3.68,-3.3,Export,2025,Qtr 3,September,1
, TEXTILE GROUP,,MADEUP ARTICLES(EXCL TOWELS & BEDWEAR ),-,-,19789.19062,70273.83058,-,4.93,5.35,Export,2025,Qtr 3,September,1
, TEXTILE GROUP,,OTHER TEXTILE MATERIALS,-,-,17470.98238,62040.38036,-,-1.91,-1.52,Export,2025,Qtr 3,September,1
, PETROLEUM GROUP & COAL,,GROUP & COAL,,,11332.98288,40213.36455,,103.03,103.67,Export,2025,Qtr 3,September,1
, PETROLEUM GROUP & COAL,,PETROLEUM CRUDE,M.T,0,0,0,0,0,0,Export,2025,Qtr 3,September,1
, PETROLEUM GROUP & COAL,,PETROLEUM PRODUCTS(EXCL TOP NAPHTA),M.T,85640.314,9820.284607,34839.65844,99.38,75.93,76.46,Export,2025,Qtr 3,September,1
, PETROLEUM GROUP & COAL,,PETROLEUM TOP NAPHTA,M.T,9233.172,1512.698268,5373.706104,100,100,100,Export,2025,Qtr 3,September,1
, PETROLEUM GROUP & COAL,,SOLID FUELS (COAL),M.T,0,0,0,0,0,0,Export,2025,Qtr 3,September,1
,OTHER MANUFACTURES GROUP,,MANUFACTURES GROUP,,,97212.12807,345196.6568,,-0.22,0.18,Export,2025,Qtr 3,September,1
,OTHER MANUFACTURES GROUP,,"CARPETS, RUGS & MATS",TH.SQM,198.4532802,1152.370401,4092.465914,-20.62,9.85,10.25,Export,2025,Qtr 3,September,1
,OTHER MANUFACTURES GROUP,,,-,-,10057.96932,35714.62987,-,-2.18,-1.79,Export,2025,Qtr 3,September,1
,OTHER MANUFACTURES GROUP,SPORTS GOODS, FOOTBALLS,TH.DOZ,386,6430.000358,22830.99675,-2.28,-1.06,-0.68,Export,2025,Qtr 3,September,1
,OTHER MANUFACTURES GROUP,SPORTS GOODS, GLOVES,TH.DOZ,51,1218.673875,4327.374126,-22.73,-21.17,-20.86,Export,2025,Qtr 3,September,1
,OTHER MANUFACTURES GROUP,SPORTS GOODS, OTHERS,-,-,2409.295083,8556.258989,-,7.7,8.16,Export,2025,Qtr 3,September,1
,OTHER MANUFACTURES GROUP,,LEATHER TANNED,M.T,812.5471242,3484.676242,12377.51626,27.16,7.55,8.01,Export,2025,Qtr 3,September,1
,OTHER MANUFACTURES GROUP,,,-,-,13637.52053,48427.62047,-,-5.54,-5.16,Export,2025,Qtr 3,September,1
,OTHER MANUFACTURES GROUP,LEATHER MANUFACTURES,LEATHER GARMENTS,TH.DOZ,185,5777.950632,20519.58649,-16.67,-16.42,-16.07,Export,2025,Qtr 3,September,1
,OTHER MANUFACTURES GROUP,LEATHER MANUFACTURES,LEATHER GLOVES,TH.DOZ,863,7444.758046,26435.21946,2.98,3.06,3.47,Export,2025,Qtr 3,September,1
,OTHER MANUFACTURES GROUP,LEATHER MANUFACTURES,OTHER LEATHER MANUFACTURES,-,-,414.8118533,1472.814529,-,37.81,38.42,Export,2025,Qtr 3,September,1
,OTHER MANUFACTURES GROUP,,,TH.Pairs,1921.408,3371.341431,11972.93467,2.42,-25.58,-25.26,Export,2025,Qtr 3,September,1
,OTHER MANUFACTURES GROUP,FOOTWEAR,LEATHER FOOTWEAR,TH.Pairs,576.674,2443.42012,8677.082391,-26.07,-31.04,-30.75,Export,2025,Qtr 3,September,1
,OTHER MANUFACTURES GROUP,FOOTWEAR,CANVAS FOOTWEAR,TH.Pairs,1.068,3.153205273,11.18908609,-73.3,-85.67,-85.66,Export,2025,Qtr 3,September,1
,OTHER MANUFACTURES GROUP,FOOTWEAR,OTHER FOOTWEAR,TH.Pairs,1343.666,924.7681061,3284.663197,23.05,-4.17,-3.73,Export,2025,Qtr 3,September,1
,OTHER MANUFACTURES GROUP,,SURGICAL GOODS & MEDICAL INSTRUMENTS,-,-,10374.60688,36843.81199,-,1.17,1.58,Export,2025,Qtr 3,September,1
,OTHER MANUFACTURES GROUP,,CUTLERY,-,-,1291.890141,4586.937484,-,3.27,3.68,Export,2025,Qtr 3,September,1
,OTHER MANUFACTURES GROUP,,ONYX MANUFACTURED,M.T,110,122.5716845,435.3843216,-3.51,-6.43,-6.17,Export,2025,Qtr 3,September,1
,OTHER MANUFACTURES GROUP,,,-,-,34158.33662,121293.045,-,10.79,11.23,Export,2025,Qtr 3,September,1
,OTHER MANUFACTURES GROUP,CHEMICALS AND PHARM PRODUCTS,FERTILIZER MANUFACTURED,M.T,0,0,0,0,0,0,Export,2025,Qtr 3,September,1
,OTHER MANUFACTURES GROUP,CHEMICALS AND PHARM PRODUCTS,PLASTIC MATERIALS,M.T,27101.69109,7539.852407,26767.22151,-15.51,-20.28,-19.98,Export,2025,Qtr 3,September,1
,OTHER MANUFACTURES GROUP,CHEMICALS AND PHARM PRODUCTS,PHARMACEUTICAL PRODUCTS,M.T,5535.674004,9421.251416,33461.79474,-15.43,6.31,6.76,Export,2025,Qtr 3,September,1
,OTHER MANUFACTURES GROUP,CHEMICALS AND PHARM PRODUCTS,OTHER CHEMICALS,-,-,17197.2328,61064.02877,-,37.45,37.99,Export,2025,Qtr 3,September,1
,OTHER MANUFACTURES GROUP,,,-,-,11202.1167,39779.0387,-,13.63,14.09,Export,2025,Qtr 3,September,1
,OTHER MANUFACTURES GROUP,ENGINEERING GOODS,ELECTRIC FANS,TH.NOS,106.334,600.4208206,2131.62431,10.76,14.58,14.91,Export,2025,Qtr 3,September,1
,OTHER MANUFACTURES GROUP,ENGINEERING GOODS,TRANSPORT EQUIPMENT,-,-,834.3122727,2964.004781,-,84.99,85.95,Export,2025,Qtr 3,September,1
,OTHER MANUFACTURES GROUP,ENGINEERING GOODS,OTHER ELECTRICAL MACHINERY,-,-,1928.205529,6845.538115,-,-30.24,-29.98,Export,2025,Qtr 3,September,1
,OTHER MANUFACTURES GROUP,ENGINEERING GOODS,MACHINERY SPECIALIZED FOR,,,,,,,,Export,2025,Qtr 3,September,1
,OTHER MANUFACTURES GROUP,,INDUSTRIES,-,-,1248.51357,4434.968568,-,22.52,23.09,Export,2025,Qtr 3,September,1
,OTHER MANUFACTURES GROUP,ENGINEERING GOODS,AUTO PARTS & ACCESSORIES,-,-,628.3553137,2231.886858,-,0.54,0.99,Export,2025,Qtr 3,September,1
,OTHER MANUFACTURES GROUP,ENGINEERING GOODS,RUBBER TYRES & TUBES,TH.NOS,1959.65953,3166.131681,11242.33737,-12.59,41.79,42.33,Export,2025,Qtr 3,September,1
,OTHER MANUFACTURES GROUP,ENGINEERING GOODS,OTHER MACHINERY,-,-,2796.177516,9928.678697,-,24.72,25.22,Export,2025,Qtr 3,September,1
,OTHER MANUFACTURES GROUP,,GEMS,K.G,28.086325,54.27794955,192.8355057,-70.44,-68.81,-68.59,Export,2025,Qtr 3,September,1
,OTHER MANUFACTURES GROUP,,JEWELLARY,-,-,1.865255458,6.622163172,-,-76.68,-75.47,Export,2025,Qtr 3,September,1
,OTHER MANUFACTURES GROUP,,FURNITURE,TH.NOS,98.9740001,171.0882645,607.5402575,101.99,27.68,28.44,Export,2025,Qtr 3,September,1
,OTHER MANUFACTURES GROUP,,MOLASSES,M.T,1734.735,49.08530097,174.3295429,42.19,25.86,27.25,Export,2025,Qtr 3,September,1
,OTHER MANUFACTURES GROUP,,HANDICRAFTS,-,-,0,0,-,-100,-100,Export,2025,Qtr 3,September,1
,OTHER MANUFACTURES GROUP,,CEMENT,M.T,667282.7478,7399.742696,26267.36828,-31.96,-30.88,-30.63,Export,2025,Qtr 3,September,1
,OTHER MANUFACTURES GROUP,,GUAR AND GUAR PRODUCTS,M.T,1173.6597,682.6686573,2424.576314,32.47,35.72,36.37,Export,2025,Qtr 3,September,1
, FOOD GROUP,,GROUP,,,120960.9442,430260.402,,28.37,28.59,Export,2025,Qtr 4,October,1
, FOOD GROUP,,,M.T,284269.383,45731.64298,162660.4389,68.88,55.61,55.94,Export,2025,Qtr 4,October,1
, FOOD GROUP,RICE,BASMATI,M.T,45725.04103,15195.13161,54037.54761,30.24,31.29,31.5,Export,2025,Qtr 4,October,1
, FOOD GROUP,RICE,OTHERS,M.T,238544.342,30536.51136,108622.8912,79.07,71.42,71.83,Export,2025,Qtr 4,October,1
, FOOD GROUP,,FISH & FISH PREPARATIONS,M.T,16425.35683,11629.53593,41376.04373,-9.55,-4.6,-4.45,Export,2025,Qtr 4,October,1
, FOOD GROUP,,FRUITS,M.T,50891.58059,6318.269654,22474.09512,10.73,21.6,21.78,Export,2025,Qtr 4,October,1
, FOOD GROUP,,VEGETABLES,M.T,29143.71452,3217.680623,11446.50072,-28.25,-12.09,-11.96,Export,2025,Qtr 4,October,1
, FOOD GROUP,,LEGUMINOUS VEGETABLES  (PULSES),M.T,0,0,0,0,0,0,Export,2025,Qtr 4,October,1
, FOOD GROUP,,TOBACCO,M.T,7317.66,7743.189458,27529.44842,51.94,103.45,103.73,Export,2025,Qtr 4,October,1
, FOOD GROUP,,WHEAT,M.T,0,0,0,0,0,0,Export,2025,Qtr 4,October,1
, FOOD GROUP,,SPICES,M.T,2568.861424,2702.397406,9612.167824,1.02,38.23,38.46,Export,2025,Qtr 4,October,1
, FOOD GROUP,,"OIL SEEDS, NUTS AND KERNALS",M.T,29495.68741,9514.042918,33848.27328,34.76,32.36,32.58,Export,2025,Qtr 4,October,1
, FOOD GROUP,,SUGAR,M.T,0,0,0,0,0,0,Export,2025,Qtr 4,October,1
, FOOD GROUP,,MEAT AND MEAT PREPARATIONS,M.T,10419.087,13494.87074,48010.68114,2.35,5.68,5.84,Export,2025,Qtr 4,October,1
, FOOD GROUP,,ALL OTHER FOOD ITEMS,-,,20609.31446,73302.75293,-,14.03,14.21,Export,2025,Qtr 4,October,1
, TEXTILE GROUP,,GROUP,,,454470.368,1616574.863,,2.61,2.78,Export,2025,Qtr 4,October,1
, TEXTILE GROUP,,RAW COTTON,M.T,1203.142,568.5095144,2022.481699,246.73,246.65,246.91,Export,2025,Qtr 4,October,1
, TEXTILE GROUP,,COTTON YARN,M.T,22642.37562,15876.32365,56475.69777,-9.97,-10.86,-10.71,Export,2025,Qtr 4,October,1
, TEXTILE GROUP,,COTTON CLOTH,M.T,27079.10258,40347.48529,143522.513,-5.61,-4.53,-4.38,Export,2025,Qtr 4,October,1
, TEXTILE GROUP,,COTTON CARDED OR COMBED,M.T,0,0,0,0,0,0,Export,2025,Qtr 4,October,1
, TEXTILE GROUP,,YARN OTHER THAN COTTON YARN,M.T,1125.171891,904.9006451,3218.088748,-17.39,1.79,1.94,Export,2025,Qtr 4,October,1
, TEXTILE GROUP,,KNITWEAR,TH.DOZ,27111,135262.4929,481138.894,2.97,3.27,3.44,Export,2025,Qtr 4,October,1
, TEXTILE GROUP,,BED WEAR,M.T,48956.96595,81814.33474,291019.881,2.75,1.04,1.21,Export,2025,Qtr 4,October,1
, TEXTILE GROUP,,TOWELS,M.T,19075.60259,25408.02543,90371.44529,3.92,4.91,5.08,Export,2025,Qtr 4,October,1
, TEXTILE GROUP,,"TENTS,CANVAS & TARPULIN",M.T,4422.220756,3869.126323,13761.28885,-27.09,-42.01,-41.91,Export,2025,Qtr 4,October,1
, TEXTILE GROUP,,READYMADE GARMENTS,TH.DOZ,7722,104249.3924,370820.1879,11.8,12.46,12.65,Export,2025,Qtr 4,October,1
, TEXTILE GROUP,,"ART,SILK & SYNTHETIC TEXTILE",M.T,6461.093426,9076.178631,32282.8778,-0.8,1,1.17,Export,2025,Qtr 4,October,1
, TEXTILE GROUP,,MADEUP ARTICLES(EXCL TOWELS & BEDWEAR ),-,,19099.50471,67936.8953,-,-3.48,-3.33,Export,2025,Qtr 4,October,1
, TEXTILE GROUP,,OTHER TEXTILE MATERIALS,-,,17994.09377,64004.61151,-,2.99,3.17,Export,2025,Qtr 4,October,1
, PETROLEUM GROUP & COAL,,GROUP & COAL,,,68492.6011,243644.7926,,504.36,505.87,Export,2025,Qtr 4,October,1
, PETROLEUM GROUP & COAL,,PETROLEUM CRUDE,M.T,40645.95,5598.339845,19919.37323,100,100,100,Export,2025,Qtr 4,October,1
, PETROLEUM GROUP & COAL,,PETROLEUM PRODUCTS(EXCL TOP NAPHTA),M.T,419603.9908,59650.25802,212185.0308,389.95,507.44,509.03,Export,2025,Qtr 4,October,1
, PETROLEUM GROUP & COAL,,PETROLEUM TOP NAPHTA,M.T,19102.544,3244.003237,11540.38861,106.89,114.41,114.74,Export,2025,Qtr 4,October,1
, PETROLEUM GROUP & COAL,,SOLID FUELS (COAL),M.T,0,0,0,0,0,0,Export,2025,Qtr 4,October,1
,OTHER MANUFACTURES GROUP,,MANUFACTURES GROUP,,,96381.03692,342789.4729,,-0.9,-0.74,Export,2025,Qtr 4,October,1
,OTHER MANUFACTURES GROUP,,"CARPETS, RUGS & MATS",TH.SQM,210.340171,1176.638163,4185.423746,2.11,2.14,2.28,Export,2025,Qtr 4,October,1
,OTHER MANUFACTURES GROUP,,,-,,10327.03528,36733.59716,-,2.7,2.87,Export,2025,Qtr 4,October,1
,OTHER MANUFACTURES GROUP,SPORTS GOODS, FOOTBALLS,TH.DOZ,436,6445.823476,22927.767,0.23,0.28,0.45,Export,2025,Qtr 4,October,1
,OTHER MANUFACTURES GROUP,SPORTS GOODS, GLOVES,TH.DOZ,64,1388.687151,4939.699865,14.29,13.92,14.16,Export,2025,Qtr 4,October,1
,OTHER MANUFACTURES GROUP,SPORTS GOODS, OTHERS,-,-,2492.524655,8866.130291,-,3.47,3.61,Export,2025,Qtr 4,October,1
,OTHER MANUFACTURES GROUP,,LEATHER TANNED,M.T,861.3999692,3332.39974,11855.93783,6.21,-4.38,-4.22,Export,2025,Qtr 4,October,1
,OTHER MANUFACTURES GROUP,,,-,-,14442.69041,51372.44851,-,5.9,6.08,Export,2025,Qtr 4,October,1
,OTHER MANUFACTURES GROUP,LEATHER MANUFACTURES,LEATHER GARMENTS,TH.DOZ,177,6179.240639,21980.80453,8.59,6.94,7.12,Export,2025,Qtr 4,October,1
,OTHER MANUFACTURES GROUP,LEATHER MANUFACTURES,LEATHER GLOVES,TH.DOZ,915,7775.000686,27654.23525,4.21,4.43,4.61,Export,2025,Qtr 4,October,1
,OTHER MANUFACTURES GROUP,LEATHER MANUFACTURES,OTHER LEATHER MANUFACTURES,-,-,488.4490847,1737.408732,-,17.7,17.95,Export,2025,Qtr 4,October,1
,OTHER MANUFACTURES GROUP,,,TH.Pairs,1973.191001,4036.467534,14358.35065,20.91,19.74,19.92,Export,2025,Qtr 4,October,1
,OTHER MANUFACTURES GROUP,FOOTWEAR,LEATHER FOOTWEAR,TH.Pairs,588.511,2629.319747,9353.333526,3.43,7.63,7.79,Export,2025,Qtr 4,October,1
,OTHER MANUFACTURES GROUP,FOOTWEAR,CANVAS FOOTWEAR,TH.Pairs,3.327,14.61816784,52.02503004,232.7,387.27,372.95,Export,2025,Qtr 4,October,1
,OTHER MANUFACTURES GROUP,FOOTWEAR,OTHER FOOTWEAR,TH.Pairs,1381.353001,1392.529619,4952.992092,30.07,50.54,50.78,Export,2025,Qtr 4,October,1
,OTHER MANUFACTURES GROUP,,SURGICAL GOODS & MEDICAL INSTRUMENTS,-,-,11937.27266,42462.90859,-,15.06,15.25,Export,2025,Qtr 4,October,1
,OTHER MANUFACTURES GROUP,,CUTLERY,-,-,1525.802268,5427.187596,-,18.1,18.32,Export,2025,Qtr 4,October,1
,OTHER MANUFACTURES GROUP,,ONYX MANUFACTURED,M.T,181.7314603,130.1969981,463.2524665,18.78,5.85,6.49,Export,2025,Qtr 4,October,1
,OTHER MANUFACTURES GROUP,,,-,,28557.93626,101571.9129,-,-16.39,-16.26,Export,2025,Qtr 4,October,1
,OTHER MANUFACTURES GROUP,CHEMICALS AND PHARM PRODUCTS,FERTILIZER MANUFACTURED,M.T,0,0,0,0,0,0,Export,2025,Qtr 4,October,1
,OTHER MANUFACTURES GROUP,CHEMICALS AND PHARM PRODUCTS,PLASTIC MATERIALS,M.T,18522.27294,6009.639697,21374.27801,-31.94,-20.3,-20.15,Export,2025,Qtr 4,October,1
,OTHER MANUFACTURES GROUP,CHEMICALS AND PHARM PRODUCTS,PHARMACEUTICAL PRODUCTS,M.T,5444,6316.14262,22464.08631,-39.25,-32.96,-32.86,Export,2025,Qtr 4,October,1
,OTHER MANUFACTURES GROUP,CHEMICALS AND PHARM PRODUCTS,OTHER CHEMICALS,-,-,16232.15394,57733.54862,-,-5.61,-5.45,Export,2025,Qtr 4,October,1
,OTHER MANUFACTURES GROUP,,,-,,9999.790526,35562.97183,-,-11.06,-10.93,Export,2025,Qtr 4,October,1
,OTHER MANUFACTURES GROUP,ENGINEERING GOODS,ELECTRIC FANS,TH.NOS,40,222.3010412,790.4063306,-63.96,-62.95,-62.93,Export,2025,Qtr 4,October,1
,OTHER MANUFACTURES GROUP,ENGINEERING GOODS,TRANSPORT EQUIPMENT,-,-,308.4334218,1097.005451,-,-65.11,-65.09,Export,2025,Qtr 4,October,1
,OTHER MANUFACTURES GROUP,ENGINEERING GOODS,OTHER ELECTRICAL MACHINERY,-,-,1730.268758,6153.029507,-,-10.26,-10.08,Export,2025,Qtr 4,October,1
,OTHER MANUFACTURES GROUP,ENGINEERING GOODS,MACHINERY SPECIALIZED FOR,,,,,,,,Export,2025,Qtr 4,October,1
,OTHER MANUFACTURES GROUP,,INDUSTRIES,-,-,1149.933717,4089.918437,-,-7.78,-7.64,Export,2025,Qtr 4,October,1
,OTHER MANUFACTURES GROUP,ENGINEERING GOODS,AUTO PARTS & ACCESSORIES,-,-,705.7058915,2510.062953,-,12.73,12.91,Export,2025,Qtr 4,October,1
,OTHER MANUFACTURES GROUP,ENGINEERING GOODS,RUBBER TYRES & TUBES,TH.NOS,2127.41565,3592.663474,12776.92555,1.31,13.62,13.79,Export,2025,Qtr 4,October,1
,OTHER MANUFACTURES GROUP,ENGINEERING GOODS,OTHER MACHINERY,-,-,2290.484223,8145.623604,-,-18.08,-17.96,Export,2025,Qtr 4,October,1
,OTHER MANUFACTURES GROUP,,GEMS,K.G,66,112.8327829,401.4800992,106.25,108.95,108.02,Export,2025,Qtr 4,October,1
,OTHER MANUFACTURES GROUP,,JEWELLARY,-,-,5.795677561,20.65114547,-,189.78,195.02,Export,2025,Qtr 4,October,1
,OTHER MANUFACTURES GROUP,,FURNITURE,TH.NOS,41,98.21073058,349.2484383,-43.06,-42.57,-42.56,Export,2025,Qtr 4,October,1
,OTHER MANUFACTURES GROUP,,MOLASSES,M.T,1209.191,35.86182743,127.5364264,-29.82,-26.81,-26.7,Export,2025,Qtr 4,October,1
,OTHER MANUFACTURES GROUP,,HANDICRAFTS,-,-,0,0,-,0,0,Export,2025,Qtr 4,October,1
,OTHER MANUFACTURES GROUP,,CEMENT,M.T,912617.319,9991.55373,35511.42158,36.74,35,35.18,Export,2025,Qtr 4,October,1
,OTHER MANUFACTURES GROUP,,GUAR AND GUAR PRODUCTS,M.T,1147.2095,670.5523254,2385.143853,-8.3,-1.82,-1.64,Export,2025,Qtr 4,October,1
, FOOD GROUP,,GROUP,,,117817.9683,419595.0934,,-2.6,-2.48,Export,2025,Qtr 4,November,1
, FOOD GROUP,,,M.T,426932.4916,52839.32676,188124.5159,49.74,15.54,15.65,Export,2025,Qtr 4,November,1
, FOOD GROUP,RICE,BASMATI,M.T,32737.0744,10863.64017,38673.84291,-28.47,-28.51,-28.43,Export,2025,Qtr 4,November,1
, FOOD GROUP,RICE,OTHERS,M.T,394195.4171,41975.68659,149450.673,64.69,37.46,37.59,Export,2025,Qtr 4,November,1
, FOOD GROUP,,FISH & FISH PREPARATIONS,M.T,18179.8418,12005.69195,42774.36195,6.98,3.23,3.38,Export,2025,Qtr 4,November,1
, FOOD GROUP,,FRUITS,M.T,35995.75127,5481.490318,19524.03916,-29.93,-13.24,-13.13,Export,2025,Qtr 4,November,1
, FOOD GROUP,,VEGETABLES,M.T,30296.11366,3572.64716,12727.44133,2.3,11.02,11.19,Export,2025,Qtr 4,November,1
, FOOD GROUP,,LEGUMINOUS VEGETABLES  (PULSES),M.T,0,0,0,0,0,0,Export,2025,Qtr 4,November,1
, FOOD GROUP,,TOBACCO,M.T,5060.80298,5356.591818,19074.67458,-51.33,-30.82,-30.71,Export,2025,Qtr 4,November,1
, FOOD GROUP,,WHEAT,M.T,0,0,0,0,0,0,Export,2025,Qtr 4,November,1
, FOOD GROUP,,SPICES,M.T,2330.10145,2384.753531,8495.108659,-14.02,-11.74,-11.62,Export,2025,Qtr 4,November,1
, FOOD GROUP,,"OIL SEEDS, NUTS AND KERNALS",M.T,19497.98749,6183.507679,22024.74447,-33.62,-35.01,-34.93,Export,2025,Qtr 4,November,1
, FOOD GROUP,,SUGAR,M.T,0,0,0,0,0,0,Export,2025,Qtr 4,November,1
, FOOD GROUP,,MEAT AND MEAT PREPARATIONS,M.T,10364.1626,12836.65654,45734.79547,0.93,-4.88,-4.74,Export,2025,Qtr 4,November,1
, FOOD GROUP,,ALL OTHER FOOD ITEMS,-,,17157.30254,61115.41184,-,-16.75,-16.63,Export,2025,Qtr 4,November,1
, TEXTILE GROUP,,GROUP,,,399645.9609,1423576.47,,-12.06,-11.94,Export,2025,Qtr 4,November,1
, TEXTILE GROUP,,RAW COTTON,M.T,0,0,0,-100,-100,-100,Export,2025,Qtr 4,November,1
, TEXTILE GROUP,,COTTON YARN,M.T,25104.5429,16837.69186,59977.98659,10.88,6.06,6.2,Export,2025,Qtr 4,November,1
, TEXTILE GROUP,,COTTON CLOTH,M.T,23675.84742,34574.54914,123158.7487,-12.57,-14.31,-14.19,Export,2025,Qtr 4,November,1
, TEXTILE GROUP,,COTTON CARDED OR COMBED,M.T,0,0,0,0,0,0,Export,2025,Qtr 4,November,1
, TEXTILE GROUP,,YARN OTHER THAN COTTON YARN,M.T,635.0349743,521.2829451,1857.029091,-43.55,-42.4,-42.29,Export,2025,Qtr 4,November,1
, TEXTILE GROUP,,KNITWEAR,TH.DOZ,19323.74402,110544.6205,393776.0967,-6.34,-18.27,-18.16,Export,2025,Qtr 4,November,1
, TEXTILE GROUP,,BED WEAR,M.T,39931.43711,68949.95165,245599.8642,-18.41,-15.72,-15.61,Export,2025,Qtr 4,November,1
, TEXTILE GROUP,,TOWELS,M.T,17362.71826,22431.00887,79900.02538,-8.85,-11.72,-11.59,Export,2025,Qtr 4,November,1
, TEXTILE GROUP,,"TENTS,CANVAS & TARPULIN",M.T,3177.684493,2513.374235,8952.647712,-33.19,-35.04,-34.94,Export,2025,Qtr 4,November,1
, TEXTILE GROUP,,READYMADE GARMENTS,TH.DOZ,7689,100731.9473,358817.5806,-3.98,-3.37,-3.24,Export,2025,Qtr 4,November,1
, TEXTILE GROUP,,"ART,SILK & SYNTHETIC TEXTILE",M.T,5655.046788,8653.308908,30825.80197,-12.47,-4.66,-4.51,Export,2025,Qtr 4,November,1
, TEXTILE GROUP,,MADEUP ARTICLES(EXCL TOWELS & BEDWEAR ),-,,15938.07147,56773.26705,-,-16.55,-16.43,Export,2025,Qtr 4,November,1
, TEXTILE GROUP,,OTHER TEXTILE MATERIALS,-,,17950.15396,63937.42173,-,-0.24,-0.11,Export,2025,Qtr 4,November,1
, PETROLEUM GROUP & COAL,,GROUP & COAL,,,10172.28737,36134.02794,,-85.15,-85.17,Export,2025,Qtr 4,November,1
, PETROLEUM GROUP & COAL,,PETROLEUM CRUDE,M.T,0,0,0,-100,-100,-100,Export,2025,Qtr 4,November,1
, PETROLEUM GROUP & COAL,,PETROLEUM PRODUCTS(EXCL TOP NAPHTA),M.T,93245.2632,10172.28737,36134.02794,-77.78,-82.95,-82.97,Export,2025,Qtr 4,November,1
, PETROLEUM GROUP & COAL,,PETROLEUM TOP NAPHTA,M.T,0,0,0,-100,-100,-100,Export,2025,Qtr 4,November,1
, PETROLEUM GROUP & COAL,,SOLID FUELS (COAL),M.T,0,0,0,0,0,0,Export,2025,Qtr 4,November,1
,OTHER MANUFACTURES GROUP,,MANUFACTURES GROUP,,,89401.98399,318432.7223,,-7.24,-7.1,Export,2025,Qtr 4,November,1
,OTHER MANUFACTURES GROUP,,"CARPETS, RUGS & MATS",TH.SQM,192.3830089,1159.794736,4130.820144,-8.39,-1.46,-1.29,Export,2025,Qtr 4,November,1
,OTHER MANUFACTURES GROUP,,,-,,8886.108045,31651.87526,-,-13.96,-13.83,Export,2025,Qtr 4,November,1
,OTHER MANUFACTURES GROUP,SPORTS GOODS, FOOTBALLS,TH.DOZ,428,5389.401132,19196.91306,0.94,-16.39,-16.27,Export,2025,Qtr 4,November,1
,OTHER MANUFACTURES GROUP,SPORTS GOODS, GLOVES,TH.DOZ,63,1304.519153,4646.406422,-1.56,-6.08,-5.94,Export,2025,Qtr 4,November,1
,OTHER MANUFACTURES GROUP,SPORTS GOODS, OTHERS,-,,2192.18776,7808.55577,-,-12.07,-11.93,Export,2025,Qtr 4,November,1
,OTHER MANUFACTURES GROUP,,LEATHER TANNED,M.T,977,2764.966879,9850.762404,26.39,-17.02,-16.91,Export,2025,Qtr 4,November,1
,OTHER MANUFACTURES GROUP,,,-,,13609.00375,48475.85031,-,-5.77,-5.64,Export,2025,Qtr 4,November,1
,OTHER MANUFACTURES GROUP,LEATHER MANUFACTURES,LEATHER GARMENTS,TH.DOZ,211,6461.204256,23016.0681,3.94,4.57,4.71,Export,2025,Qtr 4,November,1
,OTHER MANUFACTURES GROUP,LEATHER MANUFACTURES,LEATHER GLOVES,TH.DOZ,855,6877.663272,24497.50544,-12.31,-11.54,-11.41,Export,2025,Qtr 4,November,1
,OTHER MANUFACTURES GROUP,LEATHER MANUFACTURES,OTHER LEATHER MANUFACTURES,-,,270.1362266,962.2767695,-,-44.64,-44.6,Export,2025,Qtr 4,November,1
,OTHER MANUFACTURES GROUP,,,TH.Pairs,1760.579,3891.036181,13863.31579,-21.72,-3.62,-3.45,Export,2025,Qtr 4,November,1
,OTHER MANUFACTURES GROUP,FOOTWEAR,LEATHER FOOTWEAR,TH.Pairs,657.768,2610.73644,9302.67056,8.36,-0.69,-0.54,Export,2025,Qtr 4,November,1
,OTHER MANUFACTURES GROUP,FOOTWEAR,CANVAS FOOTWEAR,TH.Pairs,5.695,28.956826,103.16998,89.83,93.05,98.4,Export,2025,Qtr 4,November,1
,OTHER MANUFACTURES GROUP,FOOTWEAR,OTHER FOOTWEAR,TH.Pairs,1097.116,1251.342915,4457.475248,-33.06,-10.17,-10,Export,2025,Qtr 4,November,1
,OTHER MANUFACTURES GROUP,,SURGICAL GOODS & MEDICAL INSTRUMENTS,-,,10373.40309,36951.60574,-,-13.1,-12.98,Export,2025,Qtr 4,November,1
,OTHER MANUFACTURES GROUP,,CUTLERY,-,,1126.298337,4012.111684,-,-26.19,-26.07,Export,2025,Qtr 4,November,1
,OTHER MANUFACTURES GROUP,,ONYX MANUFACTURED,M.T,173.0476399,134.2310909,478.2627055,1.79,3.25,3.3,Export,2025,Qtr 4,November,1
,OTHER MANUFACTURES GROUP,,,-,,30775.30221,109615.3987,-,7.76,7.92,Export,2025,Qtr 4,November,1
,OTHER MANUFACTURES GROUP,CHEMICALS AND PHARM PRODUCTS,FERTILIZER MANUFACTURED,M.T,0,0,0,0,0,0,Export,2025,Qtr 4,November,1
,OTHER MANUFACTURES GROUP,CHEMICALS AND PHARM PRODUCTS,PLASTIC MATERIALS,M.T,18614.03509,5879.941889,20944.49636,-2.97,-2.16,-2.01,Export,2025,Qtr 4,November,1
,OTHER MANUFACTURES GROUP,CHEMICALS AND PHARM PRODUCTS,PHARMACEUTICAL PRODUCTS,M.T,5097.051787,5974.346039,21278.9431,-9.4,-5.41,-5.28,Export,2025,Qtr 4,November,1
,OTHER MANUFACTURES GROUP,CHEMICALS AND PHARM PRODUCTS,OTHER CHEMICALS,-,,18921.01428,67391.9592,-,16.57,16.73,Export,2025,Qtr 4,November,1
,OTHER MANUFACTURES GROUP,,,-,,11182.49632,39826.17392,-,11.82,11.99,Export,2025,Qtr 4,November,1
,OTHER MANUFACTURES GROUP,ENGINEERING GOODS,ELECTRIC FANS,TH.NOS,71,360.400328,1283.527788,54.35,62.34,62.47,Export,2025,Qtr 4,November,1
,OTHER MANUFACTURES GROUP,ENGINEERING GOODS,TRANSPORT EQUIPMENT,-,,356.7339106,1270.074433,-,15.82,15.99,Export,2025,Qtr 4,November,1
,OTHER MANUFACTURES GROUP,ENGINEERING GOODS,OTHER ELECTRICAL MACHINERY,-,,2226.801584,7930.349333,-,28.72,28.89,Export,2025,Qtr 4,November,1
,OTHER MANUFACTURES GROUP,ENGINEERING GOODS,MACHINERY SPECIALIZED FOR,,,,,,,,Export,2025,Qtr 4,November,1
,OTHER MANUFACTURES GROUP,,INDUSTRIES,-,,806.014164,2868.862682,-,-29.91,-29.86,Export,2025,Qtr 4,November,1
,OTHER MANUFACTURES GROUP,ENGINEERING GOODS,AUTO PARTS & ACCESSORIES,-,,484.4124427,1725.31597,-,-31.39,-31.26,Export,2025,Qtr 4,November,1
,OTHER MANUFACTURES GROUP,ENGINEERING GOODS,RUBBER TYRES & TUBES,TH.NOS,1727.445,3272.899492,11658.92852,-24.96,-8.91,-8.75,Export,2025,Qtr 4,November,1
,OTHER MANUFACTURES GROUP,ENGINEERING GOODS,OTHER MACHINERY,-,,3675.2344,13089.11519,-,60.42,60.66,Export,2025,Qtr 4,November,1
,OTHER MANUFACTURES GROUP,,GEMS,K.G,100.070513,130.5655694,464.7260314,61.4,15.54,15.89,Export,2025,Qtr 4,November,1
,OTHER MANUFACTURES GROUP,,JEWELLARY,-,,11.8933853,42.36576669,-,98.22,101.74,Export,2025,Qtr 4,November,1
,OTHER MANUFACTURES GROUP,,FURNITURE,TH.NOS,54.6585501,190.3871393,677.8621982,1.22,94.27,94.23,Export,2025,Qtr 4,November,1
,OTHER MANUFACTURES GROUP,,MOLASSES,M.T,1278.5,37.05475213,131.9951585,5.75,2.93,3.12,Export,2025,Qtr 4,November,1
,OTHER MANUFACTURES GROUP,,HANDICRAFTS,-,,0.08424,0.3,-,0,0,Export,2025,Qtr 4,November,1
,OTHER MANUFACTURES GROUP,,CEMENT,M.T,415147.58,4668.393839,16617.30497,-54.51,-53.28,-53.21,Export,2025,Qtr 4,November,1
,OTHER MANUFACTURES GROUP,,GUAR AND GUAR PRODUCTS,M.T,927.923182,460.9644185,1641.991538,-20.49,-31.3,-31.15,Export,2025,Qtr 4,November,1
, FOOD GROUP,,GROUP,,,113818.3803,405989.7012,,-3.4,-3.24,Export,2025,Qtr 4,December,1
, FOOD GROUP,,,M.T,396240.1166,47737.33586,170249.2575,-7.22,-9.66,-9.5,Export,2025,Qtr 4,December,1
, FOOD GROUP,RICE,BASMATI,M.T,34659.86613,10440.97951,37237.78383,5.8,-3.89,-3.71,Export,2025,Qtr 4,December,1
, FOOD GROUP,RICE,OTHERS,M.T,361580.2505,37296.35635,133011.4736,-8.31,-11.15,-11,Export,2025,Qtr 4,December,1
, FOOD GROUP,,FISH & FISH PREPARATIONS,M.T,19406.64651,12530.24045,44708.12459,7.9,4.37,4.52,Export,2025,Qtr 4,December,1
, FOOD GROUP,,FRUITS,M.T,81737.99511,9975.257271,35587.83136,125.9,82,82.28,Export,2025,Qtr 4,December,1
, FOOD GROUP,,VEGETABLES,M.T,53463.68978,4563.912842,16282.94476,73.49,27.73,27.93,Export,2025,Qtr 4,December,1
, FOOD GROUP,,LEGUMINOUS VEGETABLES  (PULSES),M.T,0,0,0,0,0,0,Export,2025,Qtr 4,December,1
, FOOD GROUP,,TOBACCO,M.T,3151.5839,3173.292645,11315.75283,-43.71,-40.76,-40.68,Export,2025,Qtr 4,December,1
, FOOD GROUP,,WHEAT,M.T,0,0,0,0,0,0,Export,2025,Qtr 4,December,1
, FOOD GROUP,,SPICES,M.T,2735.570174,2095.382982,7474.714148,11.38,-12.14,-12.01,Export,2025,Qtr 4,December,1
, FOOD GROUP,,"OIL SEEDS, NUTS AND KERNALS",M.T,18805.22889,4942.084289,17628.05691,-0.15,-20.08,-19.96,Export,2025,Qtr 4,December,1
, FOOD GROUP,,SUGAR,M.T,0,0,0,0,0,0,Export,2025,Qtr 4,December,1
, FOOD GROUP,,MEAT AND MEAT PREPARATIONS,M.T,12054.09591,13686.24754,48830.99269,17.74,6.62,6.77,Export,2025,Qtr 4,December,1
, FOOD GROUP,,ALL OTHER FOOD ITEMS,-,,15114.6264,53912.0265,-,-11.9,-11.79,Export,2025,Qtr 4,December,1
, TEXTILE GROUP,,GROUP,,,378683.9874,1350863.3,,-5.25,-5.11,Export,2025,Qtr 4,December,1
, TEXTILE GROUP,,RAW COTTON,M.T,0,0,0,0,0,0,Export,2025,Qtr 4,December,1
, TEXTILE GROUP,,COTTON YARN,M.T,22512.35686,15276.41611,54490.77689,-10.33,-9.27,-9.15,Export,2025,Qtr 4,December,1
, TEXTILE GROUP,,COTTON CLOTH,M.T,21094.41895,31149.85696,111124.5325,-10.91,-9.91,-9.77,Export,2025,Qtr 4,December,1
, TEXTILE GROUP,,COTTON CARDED OR COMBED,M.T,0,0,0,0,0,0,Export,2025,Qtr 4,December,1
, TEXTILE GROUP,,YARN OTHER THAN COTTON YARN,M.T,689.9628416,740.2149533,2640.183683,8.66,42.08,42.17,Export,2025,Qtr 4,December,1
, TEXTILE GROUP,,KNITWEAR,TH.DOZ,17890,104270.4302,371960.8475,-3.15,-5.68,-5.54,Export,2025,Qtr 4,December,1
, TEXTILE GROUP,,BED WEAR,M.T,36190.56208,62076.40139,221437.6354,-9.27,-9.97,-9.84,Export,2025,Qtr 4,December,1
, TEXTILE GROUP,,TOWELS,M.T,16388.29889,21833.39752,77883.87919,-5.01,-2.66,-2.52,Export,2025,Qtr 4,December,1
, TEXTILE GROUP,,"TENTS,CANVAS & TARPULIN",M.T,2843.857812,2592.197971,9247.157308,-10.91,3.15,3.29,Export,2025,Qtr 4,December,1
, TEXTILE GROUP,,READYMADE GARMENTS,TH.DOZ,7031,100179.1253,357373.2394,-0.27,-0.55,-0.4,Export,2025,Qtr 4,December,1
, TEXTILE GROUP,,"ART,SILK & SYNTHETIC TEXTILE",M.T,6253.083775,8160.909667,29113.49794,10.58,-5.69,-5.56,Export,2025,Qtr 4,December,1
, TEXTILE GROUP,,MADEUP ARTICLES(EXCL TOWELS & BEDWEAR ),-,,15817.54581,56423.18911,-,-0.76,-0.62,Export,2025,Qtr 4,December,1
, TEXTILE GROUP,,OTHER TEXTILE MATERIALS,-,,16587.49156,59168.36105,-,-7.59,-7.46,Export,2025,Qtr 4,December,1
, PETROLEUM GROUP & COAL,,GROUP & COAL,,,15048.20274,53634.96969,,47.94,48.43,Export,2025,Qtr 4,December,1
, PETROLEUM GROUP & COAL,,PETROLEUM CRUDE,M.T,0,0,0,0,0,0,Export,2025,Qtr 4,December,1
, PETROLEUM GROUP & COAL,,PETROLEUM PRODUCTS(EXCL TOP NAPHTA),M.T,159624.9543,15048.20274,53634.96969,71.19,47.94,48.43,Export,2025,Qtr 4,December,1
, PETROLEUM GROUP & COAL,,PETROLEUM TOP NAPHTA,M.T,0,0,0,0,0,0,Export,2025,Qtr 4,December,1
, PETROLEUM GROUP & COAL,,SOLID FUELS (COAL),M.T,0,0,0,0,0,0,Export,2025,Qtr 4,December,1
,OTHER MANUFACTURES GROUP,,MANUFACTURES GROUP,,,80405.78726,286781.0571,,-10.06,-9.94,Export,2025,Qtr 4,December,1
,OTHER MANUFACTURES GROUP,,"CARPETS, RUGS & MATS",TH.SQM,183.251549,1444.773878,5153.593893,3.53,24.55,24.75,Export,2025,Qtr 4,December,1
,OTHER MANUFACTURES GROUP,,,-,,7981.385258,28469.30751,-,-10.18,-10.06,Export,2025,Qtr 4,December,1
,OTHER MANUFACTURES GROUP,SPORTS GOODS, FOOTBALLS,TH.DOZ,311,4783.598234,17063.10838,-11.4,-11.23,-11.12,Export,2025,Qtr 4,December,1
,OTHER MANUFACTURES GROUP,SPORTS GOODS, GLOVES,TH.DOZ,57,1044.339188,3725.193146,-18.57,-19.97,-19.82,Export,2025,Qtr 4,December,1
,OTHER MANUFACTURES GROUP,SPORTS GOODS, OTHERS,-,,2153.447836,7681.005982,-,-1.76,-1.64,Export,2025,Qtr 4,December,1
,OTHER MANUFACTURES GROUP,,LEATHER TANNED,M.T,955.69344,2647.948091,9446.645754,26.41,-4.23,-4.1,Export,2025,Qtr 4,December,1
,OTHER MANUFACTURES GROUP,,,-,,12416.01976,44289.20385,-,-8.77,-8.64,Export,2025,Qtr 4,December,1
,OTHER MANUFACTURES GROUP,LEATHER MANUFACTURES,LEATHER GARMENTS,TH.DOZ,229,6010.977624,21443.57045,-6.53,-6.97,-6.83,Export,2025,Qtr 4,December,1
,OTHER MANUFACTURES GROUP,LEATHER MANUFACTURES,LEATHER GLOVES,TH.DOZ,690,6090.943113,21725.32378,-9.57,-11.44,-11.32,Export,2025,Qtr 4,December,1
,OTHER MANUFACTURES GROUP,LEATHER MANUFACTURES,OTHER LEATHER MANUFACTURES,-,,314.0990252,1120.309624,-,16.33,16.46,Export,2025,Qtr 4,December,1
,OTHER MANUFACTURES GROUP,,,TH.Pairs,1984.945302,5273.732875,18813.62406,-10.51,35.54,35.71,Export,2025,Qtr 4,December,1
,OTHER MANUFACTURES GROUP,FOOTWEAR,LEATHER FOOTWEAR,TH.Pairs,1027.143402,4089.599909,14589.97661,59.49,56.63,56.83,Export,2025,Qtr 4,December,1
,OTHER MANUFACTURES GROUP,FOOTWEAR,CANVAS FOOTWEAR,TH.Pairs,12.48,72.61163685,259.0081765,108,150.38,151.46,Export,2025,Qtr 4,December,1
,OTHER MANUFACTURES GROUP,FOOTWEAR,OTHER FOOTWEAR,TH.Pairs,945.3219,1111.521329,3964.639271,-39.71,-11.15,-11.05,Export,2025,Qtr 4,December,1
,OTHER MANUFACTURES GROUP,,SURGICAL GOODS & MEDICAL INSTRUMENTS,-,,9312.831779,33218.18761,-,-10.22,-10.1,Export,2025,Qtr 4,December,1
,OTHER MANUFACTURES GROUP,,CUTLERY,-,,1325.475678,4727.498013,-,17.72,17.83,Export,2025,Qtr 4,December,1
,OTHER MANUFACTURES GROUP,,ONYX MANUFACTURED,M.T,181.33125,108.5990293,387.4549887,20.09,-18.96,-18.94,Export,2025,Qtr 4,December,1
,OTHER MANUFACTURES GROUP,,,-,,24561.09885,87603.19328,-,-20.19,-20.08,Export,2025,Qtr 4,December,1
,OTHER MANUFACTURES GROUP,CHEMICALS AND PHARM PRODUCTS,FERTILIZER MANUFACTURED,M.T,0,0,0,0,0,0,Export,2025,Qtr 4,December,1
,OTHER MANUFACTURES GROUP,CHEMICALS AND PHARM PRODUCTS,PLASTIC MATERIALS,M.T,17913.69992,5756.310342,20530.01481,-5.5,-2.1,-1.98,Export,2025,Qtr 4,December,1
,OTHER MANUFACTURES GROUP,CHEMICALS AND PHARM PRODUCTS,PHARMACEUTICAL PRODUCTS,M.T,5578.0642,7438.717702,26536.00603,2.95,24.52,24.71,Export,2025,Qtr 4,December,1
,OTHER MANUFACTURES GROUP,CHEMICALS AND PHARM PRODUCTS,OTHER CHEMICALS,-,-,11366.0708,40537.17244,-,-39.93,-39.85,Export,2025,Qtr 4,December,1
,OTHER MANUFACTURES GROUP,,,-,,8111.619308,28925.30943,-,-27.46,-27.37,Export,2025,Qtr 4,December,1
,OTHER MANUFACTURES GROUP,ENGINEERING GOODS,ELECTRIC FANS,TH.NOS,64,347.1934496,1238.183342,-3.03,-3.56,-3.57,Export,2025,Qtr 4,December,1
,OTHER MANUFACTURES GROUP,ENGINEERING GOODS,TRANSPORT EQUIPMENT,-,-,503.3971398,1794.347507,-,41.4,41.4,Export,2025,Qtr 4,December,1
,OTHER MANUFACTURES GROUP,ENGINEERING GOODS,OTHER ELECTRICAL MACHINERY,-,-,2264.999927,8073.453736,-,1.71,1.81,Export,2025,Qtr 4,December,1
,OTHER MANUFACTURES GROUP,ENGINEERING GOODS,MACHINERY SPECIALIZED FOR,,,,,,,,Export,2025,Qtr 4,December,1
,OTHER MANUFACTURES GROUP,,INDUSTRIES,-,-,1173.688215,4185.869283,-,45.62,45.9,Export,2025,Qtr 4,December,1
,OTHER MANUFACTURES GROUP,ENGINEERING GOODS,AUTO PARTS & ACCESSORIES,-,-,454.8329208,1621.838112,-,-6.03,-5.98,Export,2025,Qtr 4,December,1
,OTHER MANUFACTURES GROUP,ENGINEERING GOODS,RUBBER TYRES & TUBES,TH.NOS,1482.33759,2380.30649,8490.51325,-26.87,-27.27,-27.18,Export,2025,Qtr 4,December,1
,OTHER MANUFACTURES GROUP,ENGINEERING GOODS,OTHER MACHINERY,-,-,987.2011657,3521.104202,-,-73.14,-73.1,Export,2025,Qtr 4,December,1
,OTHER MANUFACTURES GROUP,,GEMS,K.G,50.3462627,149.6399388,533.7224115,-25.96,14.23,14.78,Export,2025,Qtr 4,December,1
,OTHER MANUFACTURES GROUP,,JEWELLARY,-,-,155.2219595,553.6970588,-,1193.52,1218.33,Export,2025,Qtr 4,December,1
,OTHER MANUFACTURES GROUP,,FURNITURE,TH.NOS,111.002,198.9106012,709.6457029,32.15,4.69,4.67,Export,2025,Qtr 4,December,1
,OTHER MANUFACTURES GROUP,,MOLASSES,M.T,970.50045,40.9793596,146.1331852,-21.99,10.76,10.71,Export,2025,Qtr 4,December,1
,OTHER MANUFACTURES GROUP,,HANDICRAFTS,-,-,0,0,-,0,0,Export,2025,Qtr 4,December,1
,OTHER MANUFACTURES GROUP,,CEMENT,M.T,561422.41,6181.794254,22035.11546,35.23,32.43,32.61,Export,2025,Qtr 4,December,1
,OTHER MANUFACTURES GROUP,,GUAR AND GUAR PRODUCTS,M.T,983.8505,495.7566428,1768.724917,3.13,7.54,7.72,Export,2025,Qtr 4,December,1
, FOOD GROUP,,GROUP,,,174840.7512,624444.636,,53.62,53.81,Export,2026,Qtr 1,January,1
, FOOD GROUP,,,M.T,613865.3985,102459.7855,365907.1307,53.7,114.58,114.87,Export,2026,Qtr 1,January,1
, FOOD GROUP,RICE,BASMATI,M.T,186674,55839.5384,199445.7068,445.81,434.81,435.6,Export,2026,Qtr 1,January,1
, FOOD GROUP,RICE,OTHERS,M.T,427191.3985,46620.24705,166461.4239,16.97,24.96,25.11,Export,2026,Qtr 1,January,1
, FOOD GROUP,,FISH & FISH PREPARATIONS,M.T,16558.52177,9896.253381,35353.11157,-14.66,-21.02,-20.92,Export,2026,Qtr 1,January,1
, FOOD GROUP,,FRUITS,M.T,84586.49328,11062.32321,39509.41219,0.47,10.9,11.02,Export,2026,Qtr 1,January,1
, FOOD GROUP,,VEGETABLES,M.T,92489.59839,6670.232755,23826.35018,72.12,46.15,46.33,Export,2026,Qtr 1,January,1
, FOOD GROUP,,LEGUMINOUS VEGETABLES  (PULSES),M.T,0,0,0,0,0,0,Export,2026,Qtr 1,January,1
, FOOD GROUP,,TOBACCO,M.T,4032.25076,3775.151008,13478.67957,28.83,18.98,19.11,Export,2026,Qtr 1,January,1
, FOOD GROUP,,WHEAT,M.T,0,0,0,0,0,0,Export,2026,Qtr 1,January,1
, FOOD GROUP,,SPICES,M.T,2669.367778,2373.874712,8478.669482,-5.84,13.31,13.43,Export,2026,Qtr 1,January,1
, FOOD GROUP,,"OIL SEEDS, NUTS AND KERNALS",M.T,20582.53596,5695.932368,20345.36572,23.63,15.58,15.74,Export,2026,Qtr 1,January,1
, FOOD GROUP,,SUGAR,M.T,0,0,0,0,0,0,Export,2026,Qtr 1,January,1
, FOOD GROUP,,MEAT AND MEAT PREPARATIONS,M.T,12175.88877,14406.67483,51468.59651,8.94,5.27,5.4,Export,2026,Qtr 1,January,1
, FOOD GROUP,,ALL OTHER FOOD ITEMS,-,,18500.52345,66077.32011,,22.4,22.57,Export,2026,Qtr 1,January,1
, TEXTILE GROUP,,GROUP,,,486805.4262,1738802.54,,28.55,28.72,Export,2026,Qtr 1,January,1
, TEXTILE GROUP,,RAW COTTON,M.T,0,0,0,0,0,0,Export,2026,Qtr 1,January,1
, TEXTILE GROUP,,COTTON YARN,M.T,30427.94623,20574.49748,73482.67322,35.81,34.69,34.85,Export,2026,Qtr 1,January,1
, TEXTILE GROUP,,COTTON CLOTH,M.T,32098.04336,46219.48771,165096.5912,54.14,48.38,48.57,Export,2026,Qtr 1,January,1
, TEXTILE GROUP,,COTTON CARDED OR COMBED,M.T,0,0,0,0,0,0,Export,2026,Qtr 1,January,1
, TEXTILE GROUP,,YARN OTHER THAN COTTON YARN,M.T,811,843.6594513,3013.483829,23.63,14.01,14.15,Export,2026,Qtr 1,January,1
, TEXTILE GROUP,,KNITWEAR,TH.DOZ,22218,119896.5739,428262.4499,15.63,14.99,15.14,Export,2026,Qtr 1,January,1
, TEXTILE GROUP,,BED WEAR,M.T,50966.19099,86381.37562,308544.6419,42.04,39.15,39.34,Export,2026,Qtr 1,January,1
, TEXTILE GROUP,,TOWELS,M.T,23571.67227,32569.37051,116334.5949,47.76,49.17,49.37,Export,2026,Qtr 1,January,1
, TEXTILE GROUP,,"TENTS,CANVAS & TARPULIN",M.T,3816.463884,3834.745476,13696.18972,33.21,47.95,48.11,Export,2026,Qtr 1,January,1
, TEXTILE GROUP,,READYMADE GARMENTS,TH.DOZ,8553,121818.1657,435098.9885,23.46,21.6,21.75,Export,2026,Qtr 1,January,1
, TEXTILE GROUP,,"ART,SILK & SYNTHETIC TEXTILE",M.T,7013.51674,9532.468105,34047.89732,20.03,16.81,16.95,Export,2026,Qtr 1,January,1
, TEXTILE GROUP,,MADEUP ARTICLES(EXCL TOWELS & BEDWEAR ),-,,22673.87475,80989.33007,,43.34,43.54,Export,2026,Qtr 1,January,1
, TEXTILE GROUP,,OTHER TEXTILE MATERIALS,-,,22461.20751,80235.69904,,35.42,35.62,Export,2026,Qtr 1,January,1
, PETROLEUM GROUP & COAL,,GROUP & COAL,,,20881.9476,74411.7003,,38.77,38.74,Export,2026,Qtr 1,January,1
, PETROLEUM GROUP & COAL,,PETROLEUM CRUDE,M.T,0,0,0,0,0,0,Export,2026,Qtr 1,January,1
, PETROLEUM GROUP & COAL,,PETROLEUM PRODUCTS(EXCL TOP NAPHTA),M.T,184623.1422,18822.01761,67060.05866,41.92,25.08,25.03,Export,2026,Qtr 1,January,1
, PETROLEUM GROUP & COAL,,PETROLEUM TOP NAPHTA,M.T,13533.95,2059.929988,7351.64164,0,0,0,Export,2026,Qtr 1,January,1
, PETROLEUM GROUP & COAL,,SOLID FUELS (COAL),M.T,0,0,0,0,0,0,Export,2026,Qtr 1,January,1
,OTHER MANUFACTURES GROUP,,MANUFACTURES GROUP,,,111303.1194,397487.3885,,38.42,38.6,Export,2026,Qtr 1,January,1
,OTHER MANUFACTURES GROUP,,"CARPETS, RUGS & MATS",TH.SQM,190.1308336,1141.657578,4077.313251,9.9,-20.99,-20.89,Export,2026,Qtr 1,January,1
,OTHER MANUFACTURES GROUP,,,-,,11658.27705,41639.4921,-,46.08,46.26,Export,2026,Qtr 1,January,1
,OTHER MANUFACTURES GROUP,SPORTS GOODS, FOOTBALLS,TH.DOZ,421,6829.820794,24394.73705,40.8,42.76,42.97,Export,2026,Qtr 1,January,1
,OTHER MANUFACTURES GROUP,SPORTS GOODS, GLOVES,TH.DOZ,101,1877.86673,6707.391194,80.36,79.87,80.06,Export,2026,Qtr 1,January,1
,OTHER MANUFACTURES GROUP,SPORTS GOODS, OTHERS,-,,2950.589523,10537.36385,-,37.05,37.19,Export,2026,Qtr 1,January,1
,OTHER MANUFACTURES GROUP,,LEATHER TANNED,M.T,584.1107785,2941.692637,10508.49253,-13.97,11.09,11.24,Export,2026,Qtr 1,January,1
,OTHER MANUFACTURES GROUP,,,-,,15849.02663,56611.05323,,27.65,27.82,Export,2026,Qtr 1,January,1
,OTHER MANUFACTURES GROUP,LEATHER MANUFACTURES,LEATHER GARMENTS,TH.DOZ,241,7159.053909,25572.84825,19.31,19.1,19.25,Export,2026,Qtr 1,January,1
,OTHER MANUFACTURES GROUP,LEATHER MANUFACTURES,LEATHER GLOVES,TH.DOZ,878,8343.395399,29800.54485,39.81,36.98,37.17,Export,2026,Qtr 1,January,1
,OTHER MANUFACTURES GROUP,LEATHER MANUFACTURES,OTHER LEATHER MANUFACTURES,-,,346.5773188,1237.660133,,10.37,10.51,Export,2026,Qtr 1,January,1
,OTHER MANUFACTURES GROUP,,,TH.Pairs,2569.234008,5783.104169,20656.28638,9.33,9.63,9.79,Export,2026,Qtr 1,January,1
,OTHER MANUFACTURES GROUP,FOOTWEAR,LEATHER FOOTWEAR,TH.Pairs,1011.726008,4039.164746,14427.74211,-2.72,-1.24,-1.11,Export,2026,Qtr 1,January,1
,OTHER MANUFACTURES GROUP,FOOTWEAR,CANVAS FOOTWEAR,TH.Pairs,2.037,8.99536315,32.13853374,-83.03,-87.68,-87.59,Export,2026,Qtr 1,January,1
,OTHER MANUFACTURES GROUP,FOOTWEAR,OTHER FOOTWEAR,TH.Pairs,1555.471,1734.94406,6196.405738,19.84,56.02,56.28,Export,2026,Qtr 1,January,1
,OTHER MANUFACTURES GROUP,,SURGICAL GOODS & MEDICAL INSTRUMENTS,-,,11702.5938,41799.74177,,25.66,25.83,Export,2026,Qtr 1,January,1
,OTHER MANUFACTURES GROUP,,CUTLERY,-,,1560.106542,5572.548843,,17.74,17.86,Export,2026,Qtr 1,January,1
,OTHER MANUFACTURES GROUP,,ONYX MANUFACTURED,M.T,146.5295608,110.7481883,395.5595628,2.47,1.6,2.21,Export,2026,Qtr 1,January,1
,OTHER MANUFACTURES GROUP,,,-,,38441.18759,137280.4985,-,56.5,56.7,Export,2026,Qtr 1,January,1
,OTHER MANUFACTURES GROUP,CHEMICALS AND PHARM PRODUCTS,FERTILIZER MANUFACTURED,M.T,0,0,0,0,0,0,Export,2026,Qtr 1,January,1
,OTHER MANUFACTURES GROUP,CHEMICALS AND PHARM PRODUCTS,PLASTIC MATERIALS,M.T,48984.82367,13695.77899,48902.77636,179.75,137.94,138.2,Export,2026,Qtr 1,January,1
,OTHER MANUFACTURES GROUP,CHEMICALS AND PHARM PRODUCTS,PHARMACEUTICAL PRODUCTS,M.T,8632.682534,9143.404002,32662.18014,5.08,22.91,23.09,Export,2026,Qtr 1,January,1
,OTHER MANUFACTURES GROUP,CHEMICALS AND PHARM PRODUCTS,OTHER CHEMICALS,-,,15602.00459,55715.54202,,37.24,37.42,Export,2026,Qtr 1,January,1
,OTHER MANUFACTURES GROUP,,,-,,10545.66609,37649.99215,,30,30.16,Export,2026,Qtr 1,January,1
,OTHER MANUFACTURES GROUP,ENGINEERING GOODS,ELECTRIC FANS,TH.NOS,168.912,816.6957613,2917.208012,152.11,135.36,135.64,Export,2026,Qtr 1,January,1
,OTHER MANUFACTURES GROUP,ENGINEERING GOODS,TRANSPORT EQUIPMENT,-,,588.9234635,2102.983604,,17.08,17.29,Export,2026,Qtr 1,January,1
,OTHER MANUFACTURES GROUP,ENGINEERING GOODS,OTHER ELECTRICAL MACHINERY,-,,3007.151173,10738.7402,,32.77,33.02,Export,2026,Qtr 1,January,1
,OTHER MANUFACTURES GROUP,ENGINEERING GOODS,MACHINERY SPECIALIZED FOR,,,,,,,,Export,2026,Qtr 1,January,1
,OTHER MANUFACTURES GROUP,,INDUSTRIES,-,,933.2089221,3333.000259,,-20.51,-20.38,Export,2026,Qtr 1,January,1
,OTHER MANUFACTURES GROUP,ENGINEERING GOODS,AUTO PARTS & ACCESSORIES,-,,721.5511673,2577.131134,,58.58,58.89,Export,2026,Qtr 1,January,1
,OTHER MANUFACTURES GROUP,ENGINEERING GOODS,RUBBER TYRES & TUBES,TH.NOS,1191.4421,3074.740359,10981.71712,-33.44,29.19,29.33,Export,2026,Qtr 1,January,1
,OTHER MANUFACTURES GROUP,ENGINEERING GOODS,OTHER MACHINERY,-,,1403.395242,4999.211825,,42.04,41.9,Export,2026,Qtr 1,January,1
,OTHER MANUFACTURES GROUP,,GEMS,K.G,191.3482737,231.3446083,826.165523,142.21,54.23,54.71,Export,2026,Qtr 1,January,1
,OTHER MANUFACTURES GROUP,,JEWELLARY,-,,704.7913733,2518.816866,,354.7,354.66,Export,2026,Qtr 1,January,1
,OTHER MANUFACTURES GROUP,,FURNITURE,TH.NOS,84,193.1449,689.8572985,-1.18,-2.94,-2.84,Export,2026,Qtr 1,January,1
,OTHER MANUFACTURES GROUP,,MOLASSES,M.T,8605.405,317.4874427,1133.558954,558.91,674.36,676.41,Export,2026,Qtr 1,January,1
,OTHER MANUFACTURES GROUP,,HANDICRAFTS,-,,24.68821875,88.125,,100,100,Export,2026,Qtr 1,January,1
,OTHER MANUFACTURES GROUP,,CEMENT,M.T,873298,9402.809723,33558.32423,55.55,52.1,52.3,Export,2026,Qtr 1,January,1
,OTHER MANUFACTURES GROUP,,GUAR AND GUAR PRODUCTS,M.T,1554.297,694.7928903,2481.562296,51.05,40.08,40.28,Export,2026,Qtr 1,January,1
, FOOD GROUP,,GROUP,,,113490.368,405891.4421,,-35.09,-35,Export,2026,Qtr 1,February,1
, FOOD GROUP,,,M.T,361484.3662,52212.71435,186734.0363,-41.16,-49.04,-48.97,Export,2026,Qtr 1,February,1
, FOOD GROUP,RICE,BASMATI,M.T,72529.61963,19968.59452,71394.84371,-61.17,-64.24,-64.2,Export,2026,Qtr 1,February,1
, FOOD GROUP,RICE,OTHERS,M.T,288954.7466,32244.11984,115339.1926,-32.42,-30.84,-30.71,Export,2026,Qtr 1,February,1
, FOOD GROUP,,FISH & FISH PREPARATIONS,M.T,15709.77032,9883.336805,35350.27114,-5.5,-0.13,-0.01,Export,2026,Qtr 1,February,1
, FOOD GROUP,,FRUITS,M.T,59507.87184,7529.988968,26934.89127,-31.67,-31.93,-31.83,Export,2026,Qtr 1,February,1
, FOOD GROUP,,VEGETABLES,M.T,62458.00399,4235.721367,15151.2253,-33.6,-36.5,-36.41,Export,2026,Qtr 1,February,1
, FOOD GROUP,,LEGUMINOUS VEGETABLES  (PULSES),M.T,0,0,0,0,0,0,Export,2026,Qtr 1,February,1
, FOOD GROUP,,TOBACCO,M.T,2047.6915,1907.970725,6821.32295,-46.94,-49.46,-49.39,Export,2026,Qtr 1,February,1
, FOOD GROUP,,WHEAT,M.T,0,0,0,0,0,0,Export,2026,Qtr 1,February,1
, FOOD GROUP,,SPICES,M.T,2612.796718,2030.608682,7261.38293,-5.13,-14.46,-14.36,Export,2026,Qtr 1,February,1
, FOOD GROUP,,"OIL SEEDS, NUTS AND KERNALS",M.T,28996.43973,7257.289479,25951.39991,49.92,27.41,27.56,Export,2026,Qtr 1,February,1
, FOOD GROUP,,SUGAR,M.T,0,0,0,0,0,0,Export,2026,Qtr 1,February,1
, FOOD GROUP,,MEAT AND MEAT PREPARATIONS,M.T,12430.56467,15071.85618,53909.78503,4.9,4.61,4.74,Export,2026,Qtr 1,February,1
, FOOD GROUP,,ALL OTHER FOOD ITEMS,-,,13360.88148,47777.12731,,-27.78,-27.69,Export,2026,Qtr 1,February,1
, TEXTILE GROUP,,GROUP,,,366653.8497,1311207.647,,-24.68,-24.59,Export,2026,Qtr 1,February,1
, TEXTILE GROUP,,RAW COTTON,M.T,0,0,0,0,0,0,Export,2026,Qtr 1,February,1
, TEXTILE GROUP,,COTTON YARN,M.T,30889.79103,20649.81575,73840.52948,1.52,0.37,0.49,Export,2026,Qtr 1,February,1
, TEXTILE GROUP,,COTTON CLOTH,M.T,25879.42768,37056.62628,132526.012,-19.15,-19.82,-19.73,Export,2026,Qtr 1,February,1
, TEXTILE GROUP,,COTTON CARDED OR COMBED,M.T,8,9,2.19187,100,100,100,Export,2026,Qtr 1,February,1
, TEXTILE GROUP,,YARN OTHER THAN COTTON YARN,M.T,639.215176,649.3374598,2322.0828,-56.52,-23.06,-22.93,Export,2026,Qtr 1,February,1
, TEXTILE GROUP,,KNITWEAR,TH.DOZ,19061.12333,87363.0577,312459.1749,-13.15,-27.13,-27.04,Export,2026,Qtr 1,February,1
, TEXTILE GROUP,,BED WEAR,M.T,36638.47909,61767.00695,220885.2671,-29.2,-28.49,-28.41,Export,2026,Qtr 1,February,1
, TEXTILE GROUP,,TOWELS,M.T,16082.38367,22767.79388,81422.20663,-32.03,-30.09,-30.01,Export,2026,Qtr 1,February,1
, TEXTILE GROUP,,"TENTS,CANVAS & TARPULIN",M.T,2469.000509,2512.40248,8984.18118,-40.26,-34.49,-34.4,Export,2026,Qtr 1,February,1
, TEXTILE GROUP,,READYMADE GARMENTS,TH.DOZ,6711,91520.13578,327284.6229,-21.64,-24.87,-24.78,Export,2026,Qtr 1,February,1
, TEXTILE GROUP,,"ART,SILK & SYNTHETIC TEXTILE",M.T,5429.289003,6965.440938,24909.12928,-22.54,-26.93,-26.84,Export,2026,Qtr 1,February,1
, TEXTILE GROUP,,MADEUP ARTICLES(EXCL TOWELS & BEDWEAR ),-,,16648.94757,59541.08043,,-26.57,-26.48,Export,2026,Qtr 1,February,1
, TEXTILE GROUP,,OTHER TEXTILE MATERIALS,-,,18744.2849,67031.16826,,-16.55,-16.46,Export,2026,Qtr 1,February,1
, PETROLEUM GROUP & COAL,,GROUP & COAL,,,12483.3822,44601.92696,,-40.22,-40.06,Export,2026,Qtr 1,February,1
, PETROLEUM GROUP & COAL,,PETROLEUM CRUDE,M.T,0,0,0,0,0,0,Export,2026,Qtr 1,February,1
, PETROLEUM GROUP & COAL,,PETROLEUM PRODUCTS(EXCL TOP NAPHTA),M.T,119880.0902,12483.3822,44601.92696,-35.09,-33.68,-33.49,Export,2026,Qtr 1,February,1
, PETROLEUM GROUP & COAL,,PETROLEUM TOP NAPHTA,M.T,0,0,0,0,0,0,Export,2026,Qtr 1,February,1
, PETROLEUM GROUP & COAL,,SOLID FUELS (COAL),M.T,0,0,0,0,0,0,Export,2026,Qtr 1,February,1
,OTHER MANUFACTURES GROUP,,MANUFACTURES GROUP,,,90163.32476,322396.5885,,-19,-18.89,Export,2026,Qtr 1,February,1
,OTHER MANUFACTURES GROUP,,"CARPETS, RUGS & MATS",TH.SQM,155.664203,1066.703232,3814.85256,-17.2,-6.59,-6.43,Export,2026,Qtr 1,February,1
,OTHER MANUFACTURES GROUP,,,-,,9297.208582,33248.07429,-,-20.26,-20.15,Export,2026,Qtr 1,February,1
,OTHER MANUFACTURES GROUP,SPORTS GOODS, FOOTBALLS,TH.DOZ,390,5591.813437,19997.4601,-15.77,-18.13,-18.03,Export,2026,Qtr 1,February,1
,OTHER MANUFACTURES GROUP,SPORTS GOODS, GLOVES,TH.DOZ,80,1270.373753,4542.92909,-30.43,-32.35,-32.27,Export,2026,Qtr 1,February,1
,OTHER MANUFACTURES GROUP,SPORTS GOODS, OTHERS,-,,2435.021392,8707.6851,-,-17.48,-17.36,Export,2026,Qtr 1,February,1
,OTHER MANUFACTURES GROUP,,LEATHER TANNED,M.T,697.4735759,2517.134712,9002.00502,1.52,-14.44,-14.33,Export,2026,Qtr 1,February,1
,OTHER MANUFACTURES GROUP,,,-,,12102.72065,43281.35261,,-23.64,-23.55,Export,2026,Qtr 1,February,1
,OTHER MANUFACTURES GROUP,LEATHER MANUFACTURES,LEATHER GARMENTS,TH.DOZ,241.2047974,5399.098293,19309.77698,-5.78,-24.58,-24.49,Export,2026,Qtr 1,February,1
,OTHER MANUFACTURES GROUP,LEATHER MANUFACTURES,LEATHER GLOVES,TH.DOZ,777,6384.520795,22830.38984,-22.07,-23.47,-23.39,Export,2026,Qtr 1,February,1
,OTHER MANUFACTURES GROUP,LEATHER MANUFACTURES,OTHER LEATHER MANUFACTURES,-,,319.1015604,1141.18579,,-8.04,-7.82,Export,2026,Qtr 1,February,1
,OTHER MANUFACTURES GROUP,,,TH.Pairs,2379.694028,5168.814837,18482.84783,-27.8,-10.62,-10.52,Export,2026,Qtr 1,February,1
,OTHER MANUFACTURES GROUP,FOOTWEAR,LEATHER FOOTWEAR,TH.Pairs,1006.939,3642.097626,13023.9366,-4.92,-9.83,-9.73,Export,2026,Qtr 1,February,1
,OTHER MANUFACTURES GROUP,FOOTWEAR,CANVAS FOOTWEAR,TH.Pairs,3.87,28.40361198,101.55166,93.5,215.6,217.35,Export,2026,Qtr 1,February,1
,OTHER MANUFACTURES GROUP,FOOTWEAR,OTHER FOOTWEAR,TH.Pairs,1368.885028,1498.313599,5357.35957,-38.75,-13.64,-13.54,Export,2026,Qtr 1,February,1
,OTHER MANUFACTURES GROUP,,SURGICAL GOODS & MEDICAL INSTRUMENTS,-,,9490.135535,33938.98786,,-18.91,-18.81,Export,2026,Qtr 1,February,1
,OTHER MANUFACTURES GROUP,,CUTLERY,-,,1262.294853,4513.56536,,-19.08,-19.01,Export,2026,Qtr 1,February,1
,OTHER MANUFACTURES GROUP,,ONYX MANUFACTURED,M.T,134.5937,106.1681727,379.67513,-5.88,-4.35,-4.12,Export,2026,Qtr 1,February,1
,OTHER MANUFACTURES GROUP,,,-,,33420.71118,119503.1221,-,-13.06,-12.95,Export,2026,Qtr 1,February,1
,OTHER MANUFACTURES GROUP,CHEMICALS AND PHARM PRODUCTS,FERTILIZER MANUFACTURED,M.T,0,0,0,0,0,0,Export,2026,Qtr 1,February,1
,OTHER MANUFACTURES GROUP,CHEMICALS AND PHARM PRODUCTS,PLASTIC MATERIALS,M.T,22795.96977,6866.422779,24553.70431,-53.75,-49.87,-49.79,Export,2026,Qtr 1,February,1
,OTHER MANUFACTURES GROUP,CHEMICALS AND PHARM PRODUCTS,PHARMACEUTICAL PRODUCTS,M.T,6233.760165,8257.904357,29525.86627,-29.2,-9.68,-9.6,Export,2026,Qtr 1,February,1
,OTHER MANUFACTURES GROUP,CHEMICALS AND PHARM PRODUCTS,OTHER CHEMICALS,-,,18296.38405,65423.55153,,17.27,17.42,Export,2026,Qtr 1,February,1
,OTHER MANUFACTURES GROUP,,,-,,6967.541184,24910.37992,,-33.94,-33.84,Export,2026,Qtr 1,February,1
,OTHER MANUFACTURES GROUP,ENGINEERING GOODS,ELECTRIC FANS,TH.NOS,96.7940002,492.4936526,1761.14907,-43.4,-39.72,-39.62,Export,2026,Qtr 1,February,1
,OTHER MANUFACTURES GROUP,ENGINEERING GOODS,TRANSPORT EQUIPMENT,-,,246.3514888,878.29363,,-58.17,-58.22,Export,2026,Qtr 1,February,1
,OTHER MANUFACTURES GROUP,ENGINEERING GOODS,OTHER ELECTRICAL MACHINERY,-,,1461.717395,5226.22472,,-51.39,-51.33,Export,2026,Qtr 1,February,1
,OTHER MANUFACTURES GROUP,ENGINEERING GOODS,MACHINERY SPECIALIZED FOR,,,,,,,,Export,2026,Qtr 1,February,1
,OTHER MANUFACTURES GROUP,,INDUSTRIES,-,,775.1627794,2771.57041,,-16.92,-16.84,Export,2026,Qtr 1,February,1
,OTHER MANUFACTURES GROUP,ENGINEERING GOODS,AUTO PARTS & ACCESSORIES,-,,540.1147142,1931.32897,,-25.19,-25.06,Export,2026,Qtr 1,February,1
,OTHER MANUFACTURES GROUP,ENGINEERING GOODS,RUBBER TYRES & TUBES,TH.NOS,1142.267,1852.872075,6625.76409,-10.97,-39.74,-39.67,Export,2026,Qtr 1,February,1
,OTHER MANUFACTURES GROUP,ENGINEERING GOODS,OTHER MACHINERY,-,,1598.829079,5716.04903,,13.88,14.3,Export,2026,Qtr 1,February,1
,OTHER MANUFACTURES GROUP,,GEMS,K.G,565.9420375,1018.259403,3640.62259,196.3,340.8,340.75,Export,2026,Qtr 1,February,1
,OTHER MANUFACTURES GROUP,,JEWELLARY,-,,425.9002931,1523.51858,,-39.59,-39.52,Export,2026,Qtr 1,February,1
,OTHER MANUFACTURES GROUP,,FURNITURE,TH.NOS,82.7870044,178.2102754,637.1826,-43.3,-7.66,-7.65,Export,2026,Qtr 1,February,1
,OTHER MANUFACTURES GROUP,,MOLASSES,M.T,1243.165,37.19552683,132.99338,-85.55,-88.27,-88.27,Export,2026,Qtr 1,February,1
,OTHER MANUFACTURES GROUP,,HANDICRAFTS,-,,0,0,,-100,-100,Export,2026,Qtr 1,February,1
,OTHER MANUFACTURES GROUP,,CEMENT,M.T,535710.5,6215.130707,22207.73654,-38.66,-33.9,-33.82,Export,2026,Qtr 1,February,1
,OTHER MANUFACTURES GROUP,,GUAR AND GUAR PRODUCTS,M.T,2026.681,889.1956188,3179.67208,29.67,27.94,28.11,Export,2026,Qtr 1,February,1
, FOOD GROUP,,GROUP,,,113344.247,406005.1189,,-0.13,0.03,Export,2026,Qtr 1,March,1
, FOOD GROUP,,,M.T,434165.4402,56483.73112,202436.1312,20.04,8.18,8.41,Export,2026,Qtr 1,March,1
, FOOD GROUP,RICE,BASMATI,M.T,49149.31798,13373.66417,47861.98964,-32.28,-33.03,-32.96,Export,2026,Qtr 1,March,1
, FOOD GROUP,RICE,OTHERS,M.T,385016.1222,43110.06695,154574.1416,33.18,33.7,34.02,Export,2026,Qtr 1,March,1
, FOOD GROUP,,FISH & FISH PREPARATIONS,M.T,24059.0654,14822.76974,53075.66173,48.54,49.98,50.14,Export,2026,Qtr 1,March,1
, FOOD GROUP,,FRUITS,M.T,14958.20474,2425.951494,8682.792567,-74.91,-67.78,-67.76,Export,2026,Qtr 1,March,1
, FOOD GROUP,,VEGETABLES,M.T,46149.55814,3027.960258,10840.46307,-26.93,-28.52,-28.45,Export,2026,Qtr 1,March,1
, FOOD GROUP,,LEGUMINOUS VEGETABLES  (PULSES),M.T,0,0,0,0,0,0,Export,2026,Qtr 1,March,1
, FOOD GROUP,,TOBACCO,M.T,5299.158,4637.402024,16594.97412,180.23,143.05,143.29,Export,2026,Qtr 1,March,1
, FOOD GROUP,,WHEAT,M.T,0,0,0,0,0,0,Export,2026,Qtr 1,March,1
, FOOD GROUP,,SPICES,M.T,1323.560583,1273.722396,4560.85133,-51.77,-37.29,-37.19,Export,2026,Qtr 1,March,1
, FOOD GROUP,,"OIL SEEDS, NUTS AND KERNALS",M.T,31796.79506,8588.95315,30748.81435,18.07,18.35,18.49,Export,2026,Qtr 1,March,1
, FOOD GROUP,,SUGAR,M.T,0,0,0,0,0,0,Export,2026,Qtr 1,March,1
, FOOD GROUP,,MEAT AND MEAT PREPARATIONS,M.T,8903.781873,10007.95383,35836.04632,-27.53,-33.6,-33.53,Export,2026,Qtr 1,March,1
, FOOD GROUP,,ALL OTHER FOOD ITEMS,-,,12075.80302,43229.38423,,-9.62,-9.52,Export,2026,Qtr 1,March,1
, TEXTILE GROUP,,GROUP,,,371165.4613,1328975.229,,1.23,1.36,Export,2026,Qtr 1,March,1
, TEXTILE GROUP,,RAW COTTON,M.T,0,0,0,0,0,0,Export,2026,Qtr 1,March,1
, TEXTILE GROUP,,COTTON YARN,M.T,24871.54476,17163.69122,61445.96106,-19.46,-16.88,-16.79,Export,2026,Qtr 1,March,1
, TEXTILE GROUP,,COTTON CLOTH,M.T,27859.13905,40204.52658,143945.934,8.04,8.49,8.62,Export,2026,Qtr 1,March,1
, TEXTILE GROUP,,COTTON CARDED OR COMBED,M.T,0,0,0,-100,-100,-100,Export,2026,Qtr 1,March,1
, TEXTILE GROUP,,YARN OTHER THAN COTTON YARN,M.T,519.579058,497.0206647,1779.47976,-20.43,-23.42,-23.36,Export,2026,Qtr 1,March,1
, TEXTILE GROUP,,KNITWEAR,TH.DOZ,16529.37773,92405.79337,330833.9663,-7.48,5.77,5.88,Export,2026,Qtr 1,March,1
, TEXTILE GROUP,,BED WEAR,M.T,40955.88382,67003.2854,239869.1421,11.69,8.48,8.59,Export,2026,Qtr 1,March,1
, TEXTILE GROUP,,TOWELS,M.T,18979.03939,25284.30657,90522.27276,17.53,11.05,11.18,Export,2026,Qtr 1,March,1
, TEXTILE GROUP,,"TENTS,CANVAS & TARPULIN",M.T,1819.49509,1605.262856,5746.06699,-29.26,-36.1,-36.04,Export,2026,Qtr 1,March,1
, TEXTILE GROUP,,READYMADE GARMENTS,TH.DOZ,5987,84135.95449,301370.851,-8.36,-8.07,-7.92,Export,2026,Qtr 1,March,1
, TEXTILE GROUP,,"ART,SILK & SYNTHETIC TEXTILE",M.T,5012.994665,6310.569199,22592.09854,-1.94,-9.4,-9.3,Export,2026,Qtr 1,March,1
, TEXTILE GROUP,,MADEUP ARTICLES(EXCL TOWELS & BEDWEAR ),-,,17649.32337,63186.24803,,6.01,6.12,Export,2026,Qtr 1,March,1
, TEXTILE GROUP,,OTHER TEXTILE MATERIALS,-,,18905.72762,67683.20881,,0.86,0.97,Export,2026,Qtr 1,March,1
, PETROLEUM GROUP & COAL,,GROUP & COAL,,,6919.466885,24751.80596,,-44.57,-44.51,Export,2026,Qtr 1,March,1
, PETROLEUM GROUP & COAL,,PETROLEUM CRUDE,M.T,0,0,0,0,0,0,Export,2026,Qtr 1,March,1
, PETROLEUM GROUP & COAL,,PETROLEUM PRODUCTS(EXCL TOP NAPHTA),M.T,48717.867,5325.149281,19044.56557,-59.37,-57.34,-57.3,Export,2026,Qtr 1,March,1
, PETROLEUM GROUP & COAL,,PETROLEUM TOP NAPHTA,M.T,9212.656,1594.317604,5707.24039,100,100,100,Export,2026,Qtr 1,March,1
, PETROLEUM GROUP & COAL,,SOLID FUELS (COAL),M.T,0,0,0,0,0,0,Export,2026,Qtr 1,March,1
,OTHER MANUFACTURES GROUP,,MANUFACTURES GROUP,,,89564.75549,320596.4268,,-0.66,-0.56,Export,2026,Qtr 1,March,1
,OTHER MANUFACTURES GROUP,,"CARPETS, RUGS & MATS",TH.SQM,122,809.9789128,2899.83242,-23.75,-24.09,-23.99,Export,2026,Qtr 1,March,1
,OTHER MANUFACTURES GROUP,,,-,,10161.94306,36381.32409,,9.3,9.42,Export,2026,Qtr 1,March,1
,OTHER MANUFACTURES GROUP,SPORTS GOODS, FOOTBALLS,TH.DOZ,394.362,6211.793757,22239.3545,6.58,11.08,11.21,Export,2026,Qtr 1,March,1
,OTHER MANUFACTURES GROUP,SPORTS GOODS, GLOVES,TH.DOZ,79.46256,1526.978849,5466.86089,26.13,20.23,20.34,Export,2026,Qtr 1,March,1
,OTHER MANUFACTURES GROUP,SPORTS GOODS, OTHERS,-,,2423.170454,8675.1087,,-0.49,-0.38,Export,2026,Qtr 1,March,1
,OTHER MANUFACTURES GROUP,,LEATHER TANNED,M.T,609.9647547,3153.474158,11291.477,-5.28,25.29,25.43,Export,2026,Qtr 1,March,1
,OTHER MANUFACTURES GROUP,,,-,,11749.12494,42063.96852,,-2.92,-2.81,Export,2026,Qtr 1,March,1
,OTHER MANUFACTURES GROUP,LEATHER MANUFACTURES,LEATHER GARMENTS,TH.DOZ,141,4964.741178,17775.80319,-13.5,-8.04,-7.95,Export,2026,Qtr 1,March,1
,OTHER MANUFACTURES GROUP,LEATHER MANUFACTURES,LEATHER GLOVES,TH.DOZ,821,6519.723329,23340.63974,3.53,2.11,2.24,Export,2026,Qtr 1,March,1
,OTHER MANUFACTURES GROUP,LEATHER MANUFACTURES,OTHER LEATHER MANUFACTURES,-,,264.660428,947.52559,,-17.03,-16.96,Export,2026,Qtr 1,March,1
,OTHER MANUFACTURES GROUP,,,TH.Pairs,1323.267,3023.095416,10820.97831,-53.29,-41.5,-41.45,Export,2026,Qtr 1,March,1
,OTHER MANUFACTURES GROUP,FOOTWEAR,LEATHER FOOTWEAR,TH.Pairs,551.267,2387.394123,8545.80306,-45.53,-34.45,-34.38,Export,2026,Qtr 1,March,1
,OTHER MANUFACTURES GROUP,FOOTWEAR,CANVAS FOOTWEAR,TH.Pairs,7,31.248099,111.83387,75,11.6,9.64,Export,2026,Qtr 1,March,1
,OTHER MANUFACTURES GROUP,FOOTWEAR,OTHER FOOTWEAR,TH.Pairs,765,604.4531944,2163.34138,-57.9,-59.65,-59.62,Export,2026,Qtr 1,March,1
,OTHER MANUFACTURES GROUP,,SURGICAL GOODS & MEDICAL INSTRUMENTS,-,,10648.0668,38124.44861,,12.2,12.33,Export,2026,Qtr 1,March,1
,OTHER MANUFACTURES GROUP,,CUTLERY,-,,1225.120093,4386.61348,,-2.92,-2.82,Export,2026,Qtr 1,March,1
,OTHER MANUFACTURES GROUP,,ONYX MANUFACTURED,M.T,137,162.6095779,581.77464,39.8,53.41,53.1,Export,2026,Qtr 1,March,1
,OTHER MANUFACTURES GROUP,,,-,,28333.88715,101422.2559,,-15.22,-15.13,Export,2026,Qtr 1,March,1
,OTHER MANUFACTURES GROUP,CHEMICALS AND PHARM PRODUCTS,FERTILIZER MANUFACTURED,M.T,0,0,0,0,0,0,Export,2026,Qtr 1,March,1
,OTHER MANUFACTURES GROUP,CHEMICALS AND PHARM PRODUCTS,PLASTIC MATERIALS,M.T,23066.30557,7370.539957,26383.32173,-0.05,7.35,7.45,Export,2026,Qtr 1,March,1
,OTHER MANUFACTURES GROUP,CHEMICALS AND PHARM PRODUCTS,PHARMACEUTICAL PRODUCTS,M.T,3169.632819,4804.484981,17200.29595,-61.55,-41.82,-41.75,Export,2026,Qtr 1,March,1
,OTHER MANUFACTURES GROUP,CHEMICALS AND PHARM PRODUCTS,OTHER CHEMICALS,-,,16158.86221,57838.63821,,-11.68,-11.59,Export,2026,Qtr 1,March,1
,OTHER MANUFACTURES GROUP,,,-,,7252.375389,25953.97837,,4.1,4.19,Export,2026,Qtr 1,March,1
,OTHER MANUFACTURES GROUP,ENGINEERING GOODS,ELECTRIC FANS,TH.NOS,97,600.1608122,2147.88121,-1.02,21.98,21.97,Export,2026,Qtr 1,March,1
,OTHER MANUFACTURES GROUP,ENGINEERING GOODS,TRANSPORT EQUIPMENT,-,,102.108212,365.4451,,-58.15,-57.95,Export,2026,Qtr 1,March,1
,OTHER MANUFACTURES GROUP,ENGINEERING GOODS,OTHER ELECTRICAL MACHINERY,-,,1346.300037,4819.7927,,-7.91,-7.77,Export,2026,Qtr 1,March,1
,OTHER MANUFACTURES GROUP,ENGINEERING GOODS,MACHINERY SPECIALIZED FOR,,,,,,,,Export,2026,Qtr 1,March,1
,OTHER MANUFACTURES GROUP,,INDUSTRIES,-,,698.9943067,2497.12535,,-9.81,-9.92,Export,2026,Qtr 1,March,1
,OTHER MANUFACTURES GROUP,ENGINEERING GOODS,AUTO PARTS & ACCESSORIES,-,,537.9967889,1925.32398,,-0.37,-0.29,Export,2026,Qtr 1,March,1
,OTHER MANUFACTURES GROUP,ENGINEERING GOODS,RUBBER TYRES & TUBES,TH.NOS,1155,2340.868266,8379.64602,-7,26.33,26.47,Export,2026,Qtr 1,March,1
,OTHER MANUFACTURES GROUP,ENGINEERING GOODS,OTHER MACHINERY,-,,1625.946966,5818.76401,,1.56,1.64,Export,2026,Qtr 1,March,1
,OTHER MANUFACTURES GROUP,,GEMS,K.G,112,125.1590974,448.01018,-83.41,-87.71,-87.7,Export,2026,Qtr 1,March,1
,OTHER MANUFACTURES GROUP,,JEWELLARY,-,,58.04908404,207.77485,,-86.37,-86.37,Export,2026,Qtr 1,March,1
,OTHER MANUFACTURES GROUP,,FURNITURE,TH.NOS,78,188.4957453,675.18475,1.3,5.9,5.99,Export,2026,Qtr 1,March,1
,OTHER MANUFACTURES GROUP,,MOLASSES,M.T,169.14,4.339084765,15.5253,-86.39,-88.27,-88.33,Export,2026,Qtr 1,March,1
,OTHER MANUFACTURES GROUP,,HANDICRAFTS,-,,0,0,,0,0,Export,2026,Qtr 1,March,1
,OTHER MANUFACTURES GROUP,,CEMENT,M.T,1130431.62,11718.20471,41919.12664,111.01,88.55,88.76,Export,2026,Qtr 1,March,1
,OTHER MANUFACTURES GROUP,,GUAR AND GUAR PRODUCTS,M.T,2101.6695,950.8322725,3404.15372,3.07,6.96,7.05,Export,2026,Qtr 1,March,1
,FOOD GROUP,RICE,BASMATI,M.T,71310.39432,19929.68961,71412.39868,45,49.02,49.2,Export,2026,Qtr 2,April,1
,FOOD GROUP,RICE,OTHERS,M.T,275639.4097,32278.02079,115642.5793,-27.81,-24.2,-24.26,Export,2026,Qtr 2,April,1
,FOOD GROUP,,FISH & FISH PREPARATIONS,M.T,23364.32937,14266.55699,51149.14889,-3.6,-3.75,-3.63,Export,2026,Qtr 2,April,1
,FOOD GROUP,,FRUITS,M.T,5310.685029,1311.899834,4706.566583,-62.23,-43.62,-43.49,Export,2026,Qtr 2,April,1
,FOOD GROUP,,VEGETABLES,M.T,32985.56825,2450.428845,8784.891874,-29.38,-19.07,-18.97,Export,2026,Qtr 2,April,1
,FOOD GROUP,,LEGUMINOUS VEGETABLES  (PULSES),M.T,0,0,0,0,0,0,Export,2026,Qtr 2,April,1
,FOOD GROUP,,TOBACCO,M.T,3811.256,3596.878537,12890.97625,-27.86,-22.43,-22.32,Export,2026,Qtr 2,April,1
,FOOD GROUP,,WHEAT,M.T,0,0,0,0,0,0,Export,2026,Qtr 2,April,1
,FOOD GROUP,,SPICES,M.T,2020.663933,1908.809619,6841.309875,43.92,49.83,50,Export,2026,Qtr 2,April,1
,FOOD GROUP,,"OIL SEEDS, NUTS AND KERNALS",M.T,33831.36669,9314.199062,33385.25567,9.33,8.44,8.57,Export,2026,Qtr 2,April,1
,FOOD GROUP,,SUGAR,M.T,0,0,0,0,0,0,Export,2026,Qtr 2,April,1
,FOOD GROUP,,MEAT AND MEAT PREPARATIONS,M.T,7905.49504,11564.83881,41460.93847,20.86,28.27,28.42,Export,2026,Qtr 2,April,1
,FOOD GROUP,,ALL OTHER FOOD ITEMS,-,,13754.01124,49301.01899,,13.9,14.05,Export,2026,Qtr 2,April,1
,FOOD GROUP,,GROUP,,,412948.2998,1480264.875,,11.26,11.38,Export,2026,Qtr 2,April,1
,FOOD GROUP,,RAW COTTON,M.T,0,0,0,0,0,0,Export,2026,Qtr 2,April,1
,FOOD GROUP,,COTTON YARN,M.T,31434.94984,22007.75294,78881.55795,26.45,28.22,28.38,Export,2026,Qtr 2,April,1
,FOOD GROUP,,COTTON CLOTH,M.T,28365.42208,40685.56679,145836.8243,1.44,1.2,1.31,Export,2026,Qtr 2,April,1
,FOOD GROUP,,COTTON CARDED OR COMBED,M.T,0,0,0,0,0,0,Export,2026,Qtr 2,April,1
,FOOD GROUP,,YARN OTHER THAN COTTON YARN,M.T,633.629174,667.5475811,2392.763861,33.68,34.32,34.5,Export,2026,Qtr 2,April,1
,FOOD GROUP,,KNITWEAR,TH.DOZ,22000,115449.9261,413871.8507,24.81,24.94,25.1,Export,2026,Qtr 2,April,1
,FOOD GROUP,,BED WEAR,M.T,39791.30652,66196.61324,237280.983,-3.04,-1.2,-1.08,Export,2026,Qtr 2,April,1
,FOOD GROUP,,TOWELS,M.T,18473.43716,24811.65636,88938.33036,-2.32,-1.87,-1.75,Export,2026,Qtr 2,April,1
,FOOD GROUP,,"TENTS,CANVAS & TARPULIN",M.T,1736,1068.424446,3829.802552,-12.94,-33.43,-33.35,Export,2026,Qtr 2,April,1
,FOOD GROUP,,READYMADE GARMENTS,TH.DOZ,7000,97853.71985,350772.3773,9.17,16.3,16.39,Export,2026,Qtr 2,April,1
,FOOD GROUP,,"ART,SILK & SYNTHETIC TEXTILE",M.T,5861.425793,7709.338048,27633.30286,17.94,22.16,22.31,Export,2026,Qtr 2,April,1
,FOOD GROUP,,MADEUP ARTICLES(EXCL TOWELS & BEDWEAR ),-,,17554.69749,62926.09439,,-0.53,-0.41,Export,2026,Qtr 2,April,1
,FOOD GROUP,,OTHER TEXTILE MATERIALS,-,,18943.05693,67900.9874,,0.2,0.32,Export,2026,Qtr 2,April,1
,FOOD GROUP,,GROUP & COAL,,,19372.23379,69300.72614,,179.99,179.98,Export,2026,Qtr 2,April,1
,FOOD GROUP,,PETROLEUM CRUDE,M.T,0,0,0,0,0,0,Export,2026,Qtr 2,April,1
,FOOD GROUP,,PETROLEUM PRODUCTS(EXCL TOP NAPHTA),M.T,126614.3825,19372.23379,69300.72614,159.89,263.8,263.88,Export,2026,Qtr 2,April,1
,FOOD GROUP,,PETROLEUM TOP NAPHTA,M.T,0,0,0,-100,-100,-100,Export,2026,Qtr 2,April,1
,FOOD GROUP,,SOLID FUELS (COAL),M.T,0,0,0,0,0,0,Export,2026,Qtr 2,April,1
,FOOD GROUP,,MANUFACTURES GROUP,,,94817.57796,339843.1481,,5.87,6,Export,2026,Qtr 2,April,1
,FOOD GROUP,,"CARPETS, RUGS & MATS",TH.SQM,91,903.7929625,3239.485518,4.6,11.58,11.71,Export,2026,Qtr 2,April,1
,FOOD GROUP,,,-,,10836.14652,38838.67564,,6.63,6.76,Export,2026,Qtr 2,April,1
,OTHER MANUFACTURES GROUP,SPORTS GOODS, FOOTBALLS,TH.DOZ,422,6845.144118,24533.97264,6.84,10.19,10.32,Export,2026,Qtr 2,April,1
,OTHER MANUFACTURES GROUP,SPORTS GOODS, GLOVES,TH.DOZ,56,1124.400184,4030.206701,-30,-26.37,-26.28,Export,2026,Qtr 2,April,1
,OTHER MANUFACTURES GROUP,SPORTS GOODS, OTHERS,-,,2866.602221,10274.49629,,18.31,18.44,Export,2026,Qtr 2,April,1
,OTHER MANUFACTURES GROUP,,LEATHER TANNED,M.T,774.2914006,3307.501302,11857.52403,-0.48,4.9,5.02,Export,2026,Qtr 2,April,1
,OTHER MANUFACTURES GROUP,,,-,,11205.26669,40170.08575,,-4.64,-4.5,Export,2026,Qtr 2,April,1
,OTHER MANUFACTURES GROUP,LEATHER MANUFACTURES,LEATHER GARMENTS,TH.DOZ,190,4522.855273,16213.5413,-5,-8.91,-8.79,Export,2026,Qtr 2,April,1
,OTHER MANUFACTURES GROUP,LEATHER MANUFACTURES,LEATHER GLOVES,TH.DOZ,700,6279.00637,22510.45213,-12.17,-3.7,-3.56,Export,2026,Qtr 2,April,1
,OTHER MANUFACTURES GROUP,LEATHER MANUFACTURES,OTHER LEATHER MANUFACTURES,-,,403.4050512,1446.09232,,52.23,52.54,Export,2026,Qtr 2,April,1
,OTHER MANUFACTURES GROUP,,,TH.Pairs,1131.023,2883.65461,10335.87475,-12.39,-4.58,-4.48,Export,2026,Qtr 2,April,1
,OTHER MANUFACTURES GROUP,FOOTWEAR,LEATHER FOOTWEAR,TH.Pairs,437.813,2053.476063,7360.511361,-26.66,-13.97,-13.87,Export,2026,Qtr 2,April,1
,OTHER MANUFACTURES GROUP,FOOTWEAR,CANVAS FOOTWEAR,TH.Pairs,4.21,24.78677077,88.84270108,-39.86,-20.04,-20.68,Export,2026,Qtr 2,April,1
,OTHER MANUFACTURES GROUP,FOOTWEAR,OTHER FOOTWEAR,TH.Pairs,689,805.3917768,2886.52069,0.29,33.34,33.45,Export,2026,Qtr 2,April,1
,OTHER MANUFACTURES GROUP,,SURGICAL GOODS & MEDICAL INSTRUMENTS,-,,10506.06771,37659.43451,,-1.33,-1.22,Export,2026,Qtr 2,April,1
,OTHER MANUFACTURES GROUP,,CUTLERY,-,,1312.419434,4704.172472,,7.14,7.23,Export,2026,Qtr 2,April,1
,OTHER MANUFACTURES GROUP,,ONYX MANUFACTURED,M.T,163.34235,98.38111858,352.6836693,-37.18,-39.64,-39.4,Export,2026,Qtr 2,April,1
,OTHER MANUFACTURES GROUP,,,-,,38241.0854,137075.3393,,34.97,35.15,Export,2026,Qtr 2,April,1
,OTHER MANUFACTURES GROUP,CHEMICALS AND PHARM PRODUCTS,FERTILIZER MANUFACTURED,M.T,0,0,0,0,0,0,Export,2026,Qtr 2,April,1
,OTHER MANUFACTURES GROUP,CHEMICALS AND PHARM PRODUCTS,PLASTIC MATERIALS,M.T,23837.82916,8035.928561,28801.6498,0.99,9.02,9.17,Export,2026,Qtr 2,April,1
,OTHER MANUFACTURES GROUP,CHEMICALS AND PHARM PRODUCTS,PHARMACEUTICAL PRODUCTS,M.T,4088.003415,6511.160245,23338.06031,-11.07,35.54,35.69,Export,2026,Qtr 2,April,1
,OTHER MANUFACTURES GROUP,CHEMICALS AND PHARM PRODUCTS,OTHER CHEMICALS,-,,23693.99659,84935.62916,,46.63,46.85,Export,2026,Qtr 2,April,1
,OTHER MANUFACTURES GROUP,,,-,,7984.31961,28609.79683,,10.1,10.23,Export,2026,Qtr 2,April,1
,OTHER MANUFACTURES GROUP,ENGINEERING GOODS,ELECTRIC FANS,TH.NOS,124.685,646.9019679,2318.506618,-19.56,7.82,7.94,Export,2026,Qtr 2,April,1
,OTHER MANUFACTURES GROUP,ENGINEERING GOODS,TRANSPORT EQUIPMENT,-,,1227.861473,4394.541122,,1127.86,1130.96,Export,2026,Qtr 2,April,1
,OTHER MANUFACTURES GROUP,ENGINEERING GOODS,OTHER ELECTRICAL MACHINERY,-,,899.9145858,3225.682351,,-33.14,-33.08,Export,2026,Qtr 2,April,1
,OTHER MANUFACTURES GROUP,ENGINEERING GOODS,MACHINERY SPECIALIZED FOR,,,,,,,,Export,2026,Qtr 2,April,1
,OTHER MANUFACTURES GROUP,,INDUSTRIES,-,,726.1830416,2603.37053,,3.89,4.26,Export,2026,Qtr 2,April,1
,OTHER MANUFACTURES GROUP,ENGINEERING GOODS,AUTO PARTS & ACCESSORIES,-,,508.7896758,1823.71679,,-5.43,-5.26,Export,2026,Qtr 2,April,1
,OTHER MANUFACTURES GROUP,ENGINEERING GOODS,RUBBER TYRES & TUBES,TH.NOS,1619.678,2346.358271,8409.447628,34.86,0.23,0.35,Export,2026,Qtr 2,April,1
,OTHER MANUFACTURES GROUP,ENGINEERING GOODS,OTHER MACHINERY,-,,1628.310595,5834.531791,,0.02,0.13,Export,2026,Qtr 2,April,1
,OTHER MANUFACTURES GROUP,,GEMS,K.G,179,213.8132124,766.3494016,54.31,71.05,71.06,Export,2026,Qtr 2,April,1
,OTHER MANUFACTURES GROUP,,JEWELLARY,-,,694.5628088,2488.136931,,1097.52,1096.22,Export,2026,Qtr 2,April,1
,OTHER MANUFACTURES GROUP,,FURNITURE,TH.NOS,72,151.9582533,544.7409386,-12.2,-19.17,-19.3,Export,2026,Qtr 2,April,1
,OTHER MANUFACTURES GROUP,,MOLASSES,M.T,469.955,13.73979347,49.20501325,178.08,243.49,207.53,Export,2026,Qtr 2,April,1
,OTHER MANUFACTURES GROUP,,HANDICRAFTS,-,,0,0,,0,0,Export,2026,Qtr 2,April,1
,OTHER MANUFACTURES GROUP,,CEMENT,M.T,514255.75,5655.392291,20249.85963,-54.51,-51.74,-51.69,Export,2026,Qtr 2,April,1
,OTHER MANUFACTURES GROUP,,GUAR AND GUAR PRODUCTS,M.T,1612.461,809.4762486,2901.783739,-24.16,-14.88,-14.75,Export,2026,Qtr 2,April,1
,OTHER MANUFACTURES GROUP,,OTHER ITEMS,,,54075.55513,193981.1666,,2.14,2.35,Export,2026,Qtr 2,April,1
,OTHER MANUFACTURES GROUP,,**) QUANTITY DATA HAS BEEN ESTIMATED WHERE EVER IT IS FOUND NECESSARY ,,,,,,,,Export,2026,Qtr 2,April,1
,OTHER MANUFACTURES GROUP,,   PRIMARY DATA SOURCE IS PAKISTAN SINGLE WINDOW (PSW) AND VALIDATED BY FBR(DRS) ,,,,,,,,Export,2026,Qtr 2,April,1
,OTHER MANUFACTURES GROUP,,   DUE TO ROUNDINGS EFFECTS SOME TOTALS AND PERCENTAGES MAY NOT TALLY ,,,,,,,,Export,2026,Qtr 2,April,1
,OTHER MANUFACTURES GROUP,,GROUP,,,1176753.333,4190669.085,,,,Export,2026,Qtr 2,April,1
,OTHER MANUFACTURES GROUP,,,M.T,3579363.804,527628.7104,1879829.978,,,,Export,2026,Qtr 2,April,1
,FOOD GROUP,RICE,BASMATI,M.T,629638.3943,187583.6896,668380.3987,,,,Export,2026,Qtr 2,April,1
,FOOD GROUP,RICE,OTHERS,M.T,2949725.41,340045.0208,1211449.579,,,,Export,2026,Qtr 2,April,1
,FOOD GROUP,,FISH & FISH PREPARATIONS,M.T,175397.3294,110346.557,393387.1489,,,,Export,2026,Qtr 2,April,1
,FOOD GROUP,,FRUITS,M.T,490757.685,74581.89983,264981.5666,,,,Export,2026,Qtr 2,April,1
,FOOD GROUP,,VEGETABLES,M.T,504234.5682,39690.42884,141306.8919,,,,Export,2026,Qtr 2,April,1
,FOOD GROUP,,LEGUMINOUS VEGETABLES  (PULSES),M.T,0,0,0,,,,Export,2026,Qtr 2,April,1
,FOOD GROUP,,TOBACCO,M.T,40794.256,35628.87854,126969.9762,,,,Export,2026,Qtr 2,April,1
,FOOD GROUP,,WHEAT,M.T,0,0,0,,,,Export,2026,Qtr 2,April,1
,FOOD GROUP,,SPICES,M.T,23905.66393,20429.80962,72735.30987,,,,Export,2026,Qtr 2,April,1
,FOOD GROUP,,"OIL SEEDS, NUTS AND KERNALS",M.T,208189.3667,61796.19906,220445.2557,,,,Export,2026,Qtr 2,April,1
,FOOD GROUP,,SUGAR,M.T,0,0,0,,,,Export,2026,Qtr 2,April,1
,FOOD GROUP,,MEAT AND MEAT PREPARATIONS,M.T,97623.49504,124630.8388,443897.9385,,,,Export,2026,Qtr 2,April,1
,FOOD GROUP,,ALL OTHER FOOD ITEMS,-,,182020.0112,647115.019,,,,Export,2026,Qtr 2,April,1
,FOOD GROUP,,GROUP,,,4221154.3,15025418.87,,,,Export,2026,Qtr 2,April,1
,FOOD GROUP,,RAW COTTON,M.T,1550,733,2606,,,,Export,2026,Qtr 2,April,1
,FOOD GROUP,,COTTON YARN,M.T,260981.9498,179979.7529,641041.558,,,,Export,2026,Qtr 2,April,1
,FOOD GROUP,,COTTON CLOTH,M.T,272369.4221,397296.5668,1414485.824,,,,Export,2026,Qtr 2,April,1
,FOOD GROUP,,COTTON CARDED OR COMBED,M.T,1,1,2,,,,Export,2026,Qtr 2,April,1
,FOOD GROUP,,YARN OTHER THAN COTTON YARN,M.T,9356.629174,7395.547581,26317.76386,,,,Export,2026,Qtr 2,April,1
,FOOD GROUP,,KNITWEAR,TH.DOZ,209178,1167975.926,4156091.851,,,,Export,2026,Qtr 2,April,1
,FOOD GROUP,,BED WEAR,M.T,435626.3065,735437.6132,2617504.983,,,,Export,2026,Qtr 2,April,1
,FOOD GROUP,,TOWELS,M.T,184672.4372,250089.6564,890439.3304,,,,Export,2026,Qtr 2,April,1
,FOOD GROUP,,"TENTS,CANVAS & TARPULIN",M.T,32479,29208.42445,103934.8026,,,,Export,2026,Qtr 2,April,1
,FOOD GROUP,,READYMADE GARMENTS,TH.DOZ,71103,999635.7198,3558821.377,,,,Export,2026,Qtr 2,April,1
,FOOD GROUP,,"ART,SILK & SYNTHETIC TEXTILE",M.T,60846.42579,84141.33805,299446.3029,,,,Export,2026,Qtr 2,April,1
,FOOD GROUP,,MADEUP ARTICLES(EXCL TOWELS BEDWEAR ),-,,183878.6975,654590.0944,,,,Export,2026,Qtr 2,April,1
,FOOD GROUP,,OTHER TEXTILE MATERIALS,-,,185381.0569,660136.9874,,,,Export,2026,Qtr 2,April,1
,FOOD GROUP,,GROUP & COAL,,,184073.2338,654948.7261,,,,Export,2026,Qtr 2,April,1
,FOOD GROUP,,PETROLEUM CRUDE,M.T,40646,5598,19919,,,,Export,2026,Qtr 2,April,1
,FOOD GROUP,,PETROLEUM PRODUCTS(EXCL TOP NAPHTA),M.T,1334709.383,166951.2338,594104.7261,,,,Export,2026,Qtr 2,April,1
,FOOD GROUP,,PETROLEUM TOP NAPHTA,M.T,69409,11524,40925,,,,Export,2026,Qtr 2,April,1
,FOOD GROUP,,SOLID FUELS (COAL),M.T,0,0,0,,,,Export,2026,Qtr 2,April,1
,FOOD GROUP,,MANUFACTURES GROUP,,,945166.578,3364649.148,,,,Export,2026,Qtr 2,April,1
,FOOD GROUP,,"CARPETS, RUGS & MATS",TH.SQM,1720,11219.79296,39930.48552,,,,Export,2026,Qtr 2,April,1
,FOOD GROUP,,,-,,100534.1465,357910.6756,,,,Export,2026,Qtr 2,April,1
,OTHER MANUFACTURES GROUP,SPORTS GOODS, FOOTBALLS,TH.DOZ,3999,62329.14412,221866.9726,,,,Export,2026,Qtr 2,April,1
,OTHER MANUFACTURES GROUP,SPORTS GOODS, GLOVES,TH.DOZ,723,13729.40018,48878.2067,,,,Export,2026,Qtr 2,April,1
,OTHER MANUFACTURES GROUP,SPORTS GOODS, OTHERS,-,,24475.60222,87165.49629,,,,Export,2026,Qtr 2,April,1
,OTHER MANUFACTURES GROUP,,LEATHER TANNED,M.T,7216.291401,30311.5013,107929.524,,,,Export,2026,Qtr 2,April,1
,OTHER MANUFACTURES GROUP,,,-,,134590.2667,479029.0857,,,,Export,2026,Qtr 2,April,1
,OTHER MANUFACTURES GROUP,LEATHER MANUFACTURES,LEATHER GARMENTS,TH.DOZ,2115,60557.85527,215508.5413,,,,Export,2026,Qtr 2,April,1
,OTHER MANUFACTURES GROUP,LEATHER MANUFACTURES,LEATHER GLOVES,TH.DOZ,8251,70561.00637,251163.4521,,,,Export,2026,Qtr 2,April,1
,OTHER MANUFACTURES GROUP,LEATHER MANUFACTURES,OTHER LEATHER MANUFACTURES,-,,3471.405051,12357.09232,,,,Export,2026,Qtr 2,April,1
,OTHER MANUFACTURES GROUP,,,TH.Pairs,20512.023,42958.65461,152908.8748,,,,Export,2026,Qtr 2,April,1
,OTHER MANUFACTURES GROUP,FOOTWEAR,LEATHER FOOTWEAR,TH.Pairs,7520.813,31627.47606,112551.5114,,,,Export,2026,Qtr 2,April,1
,OTHER MANUFACTURES GROUP,FOOTWEAR,CANVAS FOOTWEAR,TH.Pairs,58.21,334.7867708,1189.842701,,,,Export,2026,Qtr 2,April,1
,OTHER MANUFACTURES GROUP,FOOTWEAR,OTHER FOOTWEAR,TH.Pairs,12933,10996.39178,39167.52069,,,,Export,2026,Qtr 2,April,1
,OTHER MANUFACTURES GROUP,,SURGICAL GOODS & MEDICAL INSTRUMENTS,-,,105482.0677,375558.4345,,,,Export,2026,Qtr 2,April,1
,OTHER MANUFACTURES GROUP,,CUTLERY,-,,13103.41943,46659.17247,,,,Export,2026,Qtr 2,April,1
,OTHER MANUFACTURES GROUP,,ONYX MANUFACTURED,M.T,1504.34235,1231.381119,4383.683669,,,,Export,2026,Qtr 2,April,1
,OTHER MANUFACTURES GROUP,,,-,,316476.0854,1126993.339,,,,Export,2026,Qtr 2,April,1
,OTHER MANUFACTURES GROUP,CHEMICALS AND PHARM PRODUCTS,FERTILIZER MANUFACTURED,M.T,0,0,0,,,,Export,2026,Qtr 2,April,1
,OTHER MANUFACTURES GROUP,CHEMICALS AND PHARM PRODUCTS,PLASTIC MATERIALS,M.T,256400.8292,77743.92856,276801.6498,,,,Export,2026,Qtr 2,April,1
,OTHER MANUFACTURES GROUP,CHEMICALS AND PHARM PRODUCTS,PHARMACEUTICAL PRODUCTS,M.T,68914.00341,76285.16024,271433.0603,,,,Export,2026,Qtr 2,April,1
,OTHER MANUFACTURES GROUP,CHEMICALS AND PHARM PRODUCTS,OTHER CHEMICALS,-,,162446.9966,578758.6292,,,,Export,2026,Qtr 2,April,1
,OTHER MANUFACTURES GROUP,,,-,,93802.31961,333728.7968,,,,Export,2026,Qtr 2,April,1
,OTHER MANUFACTURES GROUP,ENGINEERING GOODS,ELECTRIC FANS,TH.NOS,1114.685,5632.901968,20038.50662,,,,Export,2026,Qtr 2,April,1
,OTHER MANUFACTURES GROUP,ENGINEERING GOODS,TRANSPORT EQUIPMENT,-,,4758.861473,16953.54112,,,,Export,2026,Qtr 2,April,1
,OTHER MANUFACTURES GROUP,ENGINEERING GOODS,OTHER ELECTRICAL MACHINERY,-,,20290.91459,72154.68235,,,,Export,2026,Qtr 2,April,1
,OTHER MANUFACTURES GROUP,ENGINEERING GOODS,MACHINERY SPECIALIZED FOR,,,,,,,,Export,2026,Qtr 2,April,1
,OTHER MANUFACTURES GROUP,,INDUSTRIES,-,,9753.183042,34690.37053,,,,Export,2026,Qtr 2,April,1
,OTHER MANUFACTURES GROUP,ENGINEERING GOODS,AUTO PARTS & ACCESSORIES,-,,5773.789676,20552.71679,,,,Export,2026,Qtr 2,April,1
,OTHER MANUFACTURES GROUP,ENGINEERING GOODS,RUBBER TYRES & TUBES,TH.NOS,16610,26940.35827,95893.44763,,,,Export,2026,Qtr 2,April,1
,OTHER MANUFACTURES GROUP,ENGINEERING GOODS,OTHER MACHINERY,-,,20652.31059,73445.53179,,,,Export,2026,Qtr 2,April,1
,OTHER MANUFACTURES GROUP,,GEMS,K.G,1582,2354.813212,8399.349402,,,,Export,2026,Qtr 2,April,1
,OTHER MANUFACTURES GROUP,,JEWELLARY,-,,2070.562809,7405.136931,,,,Export,2026,Qtr 2,April,1
,OTHER MANUFACTURES GROUP,,FURNITURE,TH.NOS,821,1725.958253,6145.740939,,,,Export,2026,Qtr 2,April,1
,OTHER MANUFACTURES GROUP,,MOLASSES,M.T,19122.955,624.7397935,2227.205013,,,,Export,2026,Qtr 2,April,1
,OTHER MANUFACTURES GROUP,,HANDICRAFTS,-,,26,93,,,,Export,2026,Qtr 2,April,1
,OTHER MANUFACTURES GROUP,,CEMENT,M.T,7471134,81850.39229,291103.8596,,,,Export,2026,Qtr 2,April,1
,OTHER MANUFACTURES GROUP,,GUAR AND GUAR PRODUCTS,M.T,13852.461,6804.476249,24242.78374,,,,Export,2026,Qtr 2,April,1
,FOOD GROUP,RICE,BASMATI,M.T,87551.65231,23702.48741,85027.42674,22.71,18.93,19.07,EXPORT,2026,Qtr 2,May,1
,FOOD GROUP,RICE,OTHERS,M.T,262205.7877,31511.39058,113062.8431,-5.07,-2.38,-2.23,EXPORT,2026,Qtr 2,May,1
,FOOD GROUP,,FISH & FISH PREPARATIONS,M.T,23416.90395,14448.03642,51859.6429,-0.83,1.27,1.39,EXPORT,2026,Qtr 2,May,1
,FOOD GROUP,,FRUITS,M.T,8336.805561,1467.542337,5266.243841,54.56,11.86,11.88,EXPORT,2026,Qtr 2,May,1
,FOOD GROUP,,VEGETABLES,M.T,46419.60445,2932.551249,10524.95383,39.64,19.7,19.81,EXPORT,2026,Qtr 2,May,1
,FOOD GROUP,,LEGUMINOUS VEGETABLES  (PULSES),M.T,0,0,0,0,0,0,EXPORT,2026,Qtr 2,May,1
,FOOD GROUP,,TOBACCO,M.T,3055.86,2386.642393,8562.381228,-33.5,-33.65,-33.58,EXPORT,2026,Qtr 2,May,1
,FOOD GROUP,,WHEAT,M.T,0,0,0,0,0,0,EXPORT,2026,Qtr 2,May,1
,FOOD GROUP,,SPICES,M.T,2186.158421,2134.655364,7660.228656,7.22,11.82,11.98,EXPORT,2026,Qtr 2,May,1
,FOOD GROUP,,"OIL SEEDS, NUTS AND KERNALS",M.T,25535.3468,7059.517924,25327.67394,-21.49,-24.21,-24.13,EXPORT,2026,Qtr 2,May,1
,FOOD GROUP,,SUGAR,M.T,0,0,0,0,0,0,EXPORT,2026,Qtr 2,May,1
,FOOD GROUP,,MEAT AND MEAT PREPARATIONS,M.T,8899.39501,12709.67683,45623.086,12.1,9.9,10.04,EXPORT,2026,Qtr 2,May,1
,FOOD GROUP,,ALL OTHER FOOD ITEMS,-,,15356.27665,55111.04087,,11.65,11.78,EXPORT,2026,Qtr 2,May,1
,FOOD GROUP,,GROUP,,,456981.1231,1640104.314,,10.66,10.8,EXPORT,2026,Qtr 2,May,1
,FOOD GROUP,,RAW COTTON,M.T,0,0,0,0,0,0,EXPORT,2026,Qtr 2,May,1
,FOOD GROUP,,COTTON YARN,M.T,23103.33621,16732.87535,60054.19056,-26.68,-23.97,-23.87,EXPORT,2026,Qtr 2,May,1
,FOOD GROUP,,COTTON CLOTH,M.T,27967.79523,40640.61751,145858.9545,-1.27,-0.11,0.02,EXPORT,2026,Qtr 2,May,1
,FOOD GROUP,,COTTON CARDED OR COMBED,M.T,0,0,0,0,0,0,EXPORT,2026,Qtr 2,May,1
,FOOD GROUP,,YARN OTHER THAN COTTON YARN,M.T,467.6208791,492.5962561,1767.784658,-20.47,-26.26,-26.13,EXPORT,2026,Qtr 2,May,1
,FOOD GROUP,,KNITWEAR,TH.DOZ,23218,124250.5693,445952.4503,-4.28,7.62,7.75,EXPORT,2026,Qtr 2,May,1
,FOOD GROUP,,BED WEAR,M.T,45851.80013,79514.07835,285363.1084,15.04,20.12,20.26,EXPORT,2026,Qtr 2,May,1
,FOOD GROUP,,TOWELS,M.T,21447.37162,29229.14329,104901.2212,16.71,17.8,17.95,EXPORT,2026,Qtr 2,May,1
,FOOD GROUP,,"TENTS,CANVAS & TARPULIN",M.T,2150.469547,2448.616684,8786.366399,126.13,129.27,129.41,EXPORT,2026,Qtr 2,May,1
,FOOD GROUP,,READYMADE GARMENTS,TH.DOZ,8444,115406.8098,414196.7901,29.37,17.94,18.08,EXPORT,2026,Qtr 2,May,1
,FOOD GROUP,,"ART,SILK & SYNTHETIC TEXTILE",M.T,6420.326552,8543.855946,30661.58433,10.09,10.83,10.96,EXPORT,2026,Qtr 2,May,1
,FOOD GROUP,,MADEUP ARTICLES(EXCL TOWELS & BEDWEAR ),-,,18667.66652,66999.39629,,6.34,6.47,EXPORT,2026,Qtr 2,May,1
,FOOD GROUP,,OTHER TEXTILE MATERIALS,-,,21054.29404,75562.46758,,11.15,11.28,EXPORT,2026,Qtr 2,May,1
,FOOD GROUP,,GROUP & COAL,,,14954.56213,53635.36692,,-22.8,-22.61,EXPORT,2026,Qtr 2,May,1
,FOOD GROUP,,PETROLEUM CRUDE,M.T,0,0,0,0,0,0,EXPORT,2026,Qtr 2,May,1
,FOOD GROUP,,PETROLEUM PRODUCTS(EXCL TOP NAPHTA),M.T,87346.3458,14954.56213,53635.36692,-31.27,-22.8,-22.61,EXPORT,2026,Qtr 2,May,1
,FOOD GROUP,,PETROLEUM TOP NAPHTA,M.T,0,0,0,0,0,0,EXPORT,2026,Qtr 2,May,1
,FOOD GROUP,,SOLID FUELS (COAL),M.T,0,0,0,0,0,0,EXPORT,2026,Qtr 2,May,1
,FOOD GROUP,,MANUFACTURES GROUP,,,107870.0837,387102.8614,,13.77,13.91,EXPORT,2026,Qtr 2,May,1
,FOOD GROUP,,"CARPETS, RUGS & MATS",TH.SQM,80.5268076,786.6484067,2823.449959,-26.79,-12.98,-12.83,EXPORT,2026,Qtr 2,May,1
,FOOD GROUP,,,-,,11221.74603,40274.47191,,3.56,3.7,EXPORT,2026,Qtr 2,May,1
,OTHER MANUFACTURES GROUP,SPORTS GOODS, FOOTBALLS,TH.DOZ,382,6015.321116,21588.47615,-9.69,-12.12,-12.01,EXPORT,2026,Qtr 2,May,1
,OTHER MANUFACTURES GROUP,SPORTS GOODS, GLOVES,TH.DOZ,76,1613.40278,5790.186034,43.4,43.54,43.68,EXPORT,2026,Qtr 2,May,1
,OTHER MANUFACTURES GROUP,SPORTS GOODS, OTHERS,-,,3593.022139,12895.80973,,25.32,25.51,EXPORT,2026,Qtr 2,May,1
,OTHER MANUFACTURES GROUP,,LEATHER TANNED,M.T,673.9168859,3569.542672,12812.13376,-22.45,7.91,8.05,EXPORT,2026,Qtr 2,May,1
,OTHER MANUFACTURES GROUP,,,-,,15812.16731,56750.90053,,41.12,41.28,EXPORT,2026,Qtr 2,May,1
,OTHER MANUFACTURES GROUP,LEATHER MANUFACTURES,LEATHER GARMENTS,TH.DOZ,259.0590234,7173.653639,25747.67714,52.39,58.6,58.8,EXPORT,2026,Qtr 2,May,1
,OTHER MANUFACTURES GROUP,LEATHER MANUFACTURES,LEATHER GLOVES,TH.DOZ,905,8269.566748,29678.92704,9.17,31.7,31.85,EXPORT,2026,Qtr 2,May,1
,OTHER MANUFACTURES GROUP,LEATHER MANUFACTURES,OTHER LEATHER MANUFACTURES,-,,368.946923,1324.296347,,-8.45,-8.42,EXPORT,2026,Qtr 2,May,1
,OTHER MANUFACTURES GROUP,,,TH.Pairs,1103.3775,3761.875613,13500.94797,-22.95,30.48,30.61,EXPORT,2026,Qtr 2,May,1
,OTHER MANUFACTURES GROUP,FOOTWEAR,LEATHER FOOTWEAR,TH.Pairs,628.6685,2807.579248,10075.86946,37.26,36.75,36.88,EXPORT,2026,Qtr 2,May,1
,OTHER MANUFACTURES GROUP,FOOTWEAR,CANVAS FOOTWEAR,TH.Pairs,15.294,73.1206685,262.5879147,282.35,192.48,195.04,EXPORT,2026,Qtr 2,May,1
,OTHER MANUFACTURES GROUP,FOOTWEAR,OTHER FOOTWEAR,TH.Pairs,459.415,881.1756965,3162.490588,-52.64,9.46,9.54,EXPORT,2026,Qtr 2,May,1
,OTHER MANUFACTURES GROUP,,SURGICAL GOODS & MEDICAL INSTRUMENTS,-,,12240.76543,43933.37665,,16.51,16.66,EXPORT,2026,Qtr 2,May,1
,OTHER MANUFACTURES GROUP,,CUTLERY,-,,1397.329601,5014.73778,,6.5,6.61,EXPORT,2026,Qtr 2,May,1
,OTHER MANUFACTURES GROUP,,ONYX MANUFACTURED,M.T,256.9669851,161.6301288,580.137623,64.72,64.93,64.34,EXPORT,2026,Qtr 2,May,1
,OTHER MANUFACTURES GROUP,,,-,,38379.3129,137723.2188,,0.36,0.47,EXPORT,2026,Qtr 2,May,1
,OTHER MANUFACTURES GROUP,CHEMICALS AND PHARM PRODUCTS,FERTILIZER MANUFACTURED,M.T,0,0,0,0,0,0,EXPORT,2026,Qtr 2,May,1
,OTHER MANUFACTURES GROUP,CHEMICALS AND PHARM PRODUCTS,PLASTIC MATERIALS,M.T,29454.37725,12479.50556,44789.51633,21.97,55.29,55.51,EXPORT,2026,Qtr 2,May,1
,OTHER MANUFACTURES GROUP,CHEMICALS AND PHARM PRODUCTS,PHARMACEUTICAL PRODUCTS,M.T,4929.068392,6977.895508,25038.53165,-16.96,7.17,7.29,EXPORT,2026,Qtr 2,May,1
,OTHER MANUFACTURES GROUP,CHEMICALS AND PHARM PRODUCTS,OTHER CHEMICALS,-,,18921.91183,67895.17084,,-20.14,-20.06,EXPORT,2026,Qtr 2,May,1
,OTHER MANUFACTURES GROUP,,,-,,11791.41035,42310.755,,47.69,47.88,EXPORT,2026,Qtr 2,May,1
,OTHER MANUFACTURES GROUP,ENGINEERING GOODS,ELECTRIC FANS,TH.NOS,177,870.9634551,3125.896063,38.28,34.62,34.8,EXPORT,2026,Qtr 2,May,1
,OTHER MANUFACTURES GROUP,ENGINEERING GOODS,TRANSPORT EQUIPMENT,-,,924.7763553,3317.791727,,-24.69,-24.51,EXPORT,2026,Qtr 2,May,1
,OTHER MANUFACTURES GROUP,ENGINEERING GOODS,OTHER ELECTRICAL MACHINERY,-,,2048.380246,7349.762809,,127.6,127.83,EXPORT,2026,Qtr 2,May,1
,OTHER MANUFACTURES GROUP,ENGINEERING GOODS,MACHINERY SPECIALIZED FOR,,,,,,,,EXPORT,2026,Qtr 2,May,1
,OTHER MANUFACTURES GROUP,,INDUSTRIES,-,,842.4852573,3022.199403,,16.04,16.1,EXPORT,2026,Qtr 2,May,1
,OTHER MANUFACTURES GROUP,ENGINEERING GOODS,AUTO PARTS & ACCESSORIES,-,,546.4611167,1960.696281,,7.36,7.49,EXPORT,2026,Qtr 2,May,1
,OTHER MANUFACTURES GROUP,ENGINEERING GOODS,RUBBER TYRES & TUBES,TH.NOS,2069.972,3251.104202,11665.73322,-12.25,38.58,38.73,EXPORT,2026,Qtr 2,May,1
,OTHER MANUFACTURES GROUP,ENGINEERING GOODS,OTHER MACHINERY,-,,3307.239718,11868.6755,,103.15,103.4,EXPORT,2026,Qtr 2,May,1
,OTHER MANUFACTURES GROUP,,GEMS,K.G,341,513.9204397,1843.510435,147.1,140.15,140.67,EXPORT,2026,Qtr 2,May,1
,OTHER MANUFACTURES GROUP,,JEWELLARY,-,,74.11335528,266.0406213,,-89.34,-89.31,EXPORT,2026,Qtr 2,May,1
,OTHER MANUFACTURES GROUP,,FURNITURE,TH.NOS,78.02226,95.17824456,341.5376936,-25.69,-37.38,-37.33,EXPORT,2026,Qtr 2,May,1
,OTHER MANUFACTURES GROUP,,MOLASSES,M.T,356.5,10.84124236,38.8904984,-24.15,-22.56,-20.63,EXPORT,2026,Qtr 2,May,1
,OTHER MANUFACTURES GROUP,,HANDICRAFTS,-,,0.27875,0,,0,0,EXPORT,2026,Qtr 2,May,1
,OTHER MANUFACTURES GROUP,,CEMENT,M.T,642482.18,7026.675208,25204.19013,24.93,24.26,24.47,EXPORT,2026,Qtr 2,May,1
,OTHER MANUFACTURES GROUP,,GUAR AND GUAR PRODUCTS,M.T,2152.409,1026.648005,3684.562007,31,26.9,26.97,EXPORT,2026,Qtr 2,May,1
,OTHER MANUFACTURES GROUP,,OTHER ITEMS,,,55937.45392,200739.939,,9.38,9.52,EXPORT,2026,Qtr 2,May,1
,OTHER MANUFACTURES GROUP,,**) QUANTITY DATA HAS BEEN ESTIMATED WHERE EVER IT IS FOUND NECESSARY ,,,,,,,,EXPORT,2026,Qtr 2,May,1
,OTHER MANUFACTURES GROUP,,   PRIMARY DATA SOURCE IS PAKISTAN SINGLE WINDOW (PSW) AND VALIDATED BY FBR(DRS) ,,,,,,,,EXPORT,2026,Qtr 2,May,1
,OTHER MANUFACTURES GROUP,,   DUE TO ROUNDINGS EFFECTS SOME TOTALS AND PERCENTAGES MAY NOT TALLY ,,,,,,,,EXPORT,2026,Qtr 2,May,1
,OTHER MANUFACTURES GROUP,,GROUP,,,1290462.777,4598696.521,,,,EXPORT,2026,Qtr 2,May,1
,OTHER MANUFACTURES GROUP,,,M.T,3929744.44,582841.878,2077921.27,,,,EXPORT,2026,Qtr 2,May,1
,FOOD GROUP,RICE,BASMATI,M.T,717230.6523,211285.4874,753408.4267,,,,EXPORT,2026,Qtr 2,May,1
,FOOD GROUP,RICE,OTHERS,M.T,3212513.788,371556.3906,1324512.843,,,,EXPORT,2026,Qtr 2,May,1
,FOOD GROUP,,FISH & FISH PREPARATIONS,M.T,199063.904,124795.0364,445246.6429,,,,EXPORT,2026,Qtr 2,May,1
,FOOD GROUP,,FRUITS,M.T,499176.8056,76049.54234,270248.2438,,,,EXPORT,2026,Qtr 2,May,1
,FOOD GROUP,,VEGETABLES,M.T,550912.6045,42623.55125,151831.9538,,,,EXPORT,2026,Qtr 2,May,1
,FOOD GROUP,,LEGUMINOUS VEGETABLES  (PULSES),M.T,0,0,0,,,,EXPORT,2026,Qtr 2,May,1
,FOOD GROUP,,TOBACCO,M.T,44634.86,38015.64239,135532.3812,,,,EXPORT,2026,Qtr 2,May,1
,FOOD GROUP,,WHEAT,M.T,0,0,0,,,,EXPORT,2026,Qtr 2,May,1
,FOOD GROUP,,SPICES,M.T,26110.15842,22564.65536,80395.22866,,,,EXPORT,2026,Qtr 2,May,1
,FOOD GROUP,,"OIL SEEDS, NUTS AND KERNALS",M.T,232417.3468,68855.51792,245773.6739,,,,EXPORT,2026,Qtr 2,May,1
,FOOD GROUP,,SUGAR,M.T,0,0,0,,,,EXPORT,2026,Qtr 2,May,1
,FOOD GROUP,,MEAT AND MEAT PREPARATIONS,M.T,106556.395,137340.6768,489521.086,,,,EXPORT,2026,Qtr 2,May,1
,FOOD GROUP,,ALL OTHER FOOD ITEMS,-,,197376.2767,702226.0409,,,,EXPORT,2026,Qtr 2,May,1
,FOOD GROUP,,GROUP,,,4678137.123,16665525.31,,,,EXPORT,2026,Qtr 2,May,1
,FOOD GROUP,,RAW COTTON,M.T,1550,733,2606,,,,EXPORT,2026,Qtr 2,May,1
,FOOD GROUP,,COTTON YARN,M.T,284160.3362,196712.8753,701096.1906,,,,EXPORT,2026,Qtr 2,May,1
,FOOD GROUP,,COTTON CLOTH,M.T,300299.7952,437937.6175,1560344.955,,,,EXPORT,2026,Qtr 2,May,1
,FOOD GROUP,,COTTON CARDED OR COMBED,M.T,1,1,2,,,,EXPORT,2026,Qtr 2,May,1
,FOOD GROUP,,YARN OTHER THAN COTTON YARN,M.T,9777.620879,7888.596256,28085.78466,,,,EXPORT,2026,Qtr 2,May,1
,FOOD GROUP,,KNITWEAR,TH.DOZ,234652,1292226.569,4602044.45,,,,EXPORT,2026,Qtr 2,May,1
,FOOD GROUP,,BED WEAR,M.T,481545.8001,814952.0783,2902868.108,,,,EXPORT,2026,Qtr 2,May,1
,FOOD GROUP,,TOWELS,M.T,206023.3716,279319.1433,995341.2212,,,,EXPORT,2026,Qtr 2,May,1
,FOOD GROUP,,"TENTS,CANVAS & TARPULIN",M.T,33844.46955,31656.61668,112721.3664,,,,EXPORT,2026,Qtr 2,May,1
,FOOD GROUP,,READYMADE GARMENTS,TH.DOZ,79074,1115042.81,3973018.79,,,,EXPORT,2026,Qtr 2,May,1
,FOOD GROUP,,"ART,SILK & SYNTHETIC TEXTILE",M.T,67237.32655,92684.85595,330107.5843,,,,EXPORT,2026,Qtr 2,May,1
,FOOD GROUP,,MADEUP ARTICLES(EXCL TOWELS BEDWEAR ),-,,202546.6665,721589.3963,,,,EXPORT,2026,Qtr 2,May,1
,FOOD GROUP,,OTHER TEXTILE MATERIALS,-,,206435.294,735699.4676,,,,EXPORT,2026,Qtr 2,May,1
,FOOD GROUP,,GROUP & COAL,,,199027.5621,708583.3669,,,,EXPORT,2026,Qtr 2,May,1
,FOOD GROUP,,PETROLEUM CRUDE,M.T,40646,5598,19919,,,,EXPORT,2026,Qtr 2,May,1
,FOOD GROUP,,PETROLEUM PRODUCTS(EXCL TOP NAPHTA),M.T,1422524.346,181905.5621,647739.3669,,,,EXPORT,2026,Qtr 2,May,1
,FOOD GROUP,,PETROLEUM TOP NAPHTA,M.T,69409,11524,40925,,,,EXPORT,2026,Qtr 2,May,1
,FOOD GROUP,,SOLID FUELS (COAL),M.T,0,0,0,,,,EXPORT,2026,Qtr 2,May,1
,FOOD GROUP,,MANUFACTURES GROUP,,,1053035.084,3751751.861,,,,EXPORT,2026,Qtr 2,May,1
,FOOD GROUP,,"CARPETS, RUGS & MATS",TH.SQM,1819.526808,12006.64841,42754.44996,,,,EXPORT,2026,Qtr 2,May,1
,FOOD GROUP,,,-,,111756.746,398186.4719,,,,EXPORT,2026,Qtr 2,May,1
,OTHER MANUFACTURES GROUP,SPORTS GOODS, FOOTBALLS,TH.DOZ,4382,68345.32112,243455.4762,,,,EXPORT,2026,Qtr 2,May,1
,OTHER MANUFACTURES GROUP,SPORTS GOODS, GLOVES,TH.DOZ,796,15343.40278,54669.18603,,,,EXPORT,2026,Qtr 2,May,1
,OTHER MANUFACTURES GROUP,SPORTS GOODS, OTHERS,-,,28068.02214,100061.8097,,,,EXPORT,2026,Qtr 2,May,1
,OTHER MANUFACTURES GROUP,,LEATHER TANNED,M.T,7984.916886,33880.54267,120741.1338,,,,EXPORT,2026,Qtr 2,May,1
,OTHER MANUFACTURES GROUP,,,-,,150402.1673,535778.9005,,,,EXPORT,2026,Qtr 2,May,1
,OTHER MANUFACTURES GROUP,LEATHER MANUFACTURES,LEATHER GARMENTS,TH.DOZ,2354.059023,67731.65364,241255.6771,,,,EXPORT,2026,Qtr 2,May,1
,OTHER MANUFACTURES GROUP,LEATHER MANUFACTURES,LEATHER GLOVES,TH.DOZ,9284,78830.56675,280841.927,,,,EXPORT,2026,Qtr 2,May,1
,OTHER MANUFACTURES GROUP,LEATHER MANUFACTURES,OTHER LEATHER MANUFACTURES,-,,3839.946923,13681.29635,,,,EXPORT,2026,Qtr 2,May,1
,OTHER MANUFACTURES GROUP,,,TH.Pairs,21917.3775,46719.87561,166409.948,,,,EXPORT,2026,Qtr 2,May,1
,OTHER MANUFACTURES GROUP,FOOTWEAR,LEATHER FOOTWEAR,TH.Pairs,8170.6685,34434.57925,122627.8695,,,,EXPORT,2026,Qtr 2,May,1
,OTHER MANUFACTURES GROUP,FOOTWEAR,CANVAS FOOTWEAR,TH.Pairs,73.294,408.1206685,1452.587915,,,,EXPORT,2026,Qtr 2,May,1
,OTHER MANUFACTURES GROUP,FOOTWEAR,OTHER FOOTWEAR,TH.Pairs,13673.415,11877.1757,42329.49059,,,,EXPORT,2026,Qtr 2,May,1
,OTHER MANUFACTURES GROUP,,SURGICAL GOODS & MEDICAL INSTRUMENTS,-,,117722.7654,419491.3767,,,,EXPORT,2026,Qtr 2,May,1
,OTHER MANUFACTURES GROUP,,CUTLERY,-,,14501.3296,51673.73778,,,,EXPORT,2026,Qtr 2,May,1
,OTHER MANUFACTURES GROUP,,ONYX MANUFACTURED,M.T,1753.966985,1392.630129,4964.137623,,,,EXPORT,2026,Qtr 2,May,1
,OTHER MANUFACTURES GROUP,,,-,,354855.3129,1264716.219,,,,EXPORT,2026,Qtr 2,May,1
,OTHER MANUFACTURES GROUP,CHEMICALS AND PHARM PRODUCTS,FERTILIZER MANUFACTURED,M.T,0,0,0,,,,EXPORT,2026,Qtr 2,May,1
,OTHER MANUFACTURES GROUP,CHEMICALS AND PHARM PRODUCTS,PLASTIC MATERIALS,M.T,286165.3773,90223.50556,321591.5163,,,,EXPORT,2026,Qtr 2,May,1
,OTHER MANUFACTURES GROUP,CHEMICALS AND PHARM PRODUCTS,PHARMACEUTICAL PRODUCTS,M.T,75692.06839,83262.89551,296471.5316,,,,EXPORT,2026,Qtr 2,May,1
,OTHER MANUFACTURES GROUP,CHEMICALS AND PHARM PRODUCTS,OTHER CHEMICALS,-,,181368.9118,646653.1708,,,,EXPORT,2026,Qtr 2,May,1
,OTHER MANUFACTURES GROUP,,,-,,105593.4104,376039.755,,,,EXPORT,2026,Qtr 2,May,1
,OTHER MANUFACTURES GROUP,ENGINEERING GOODS,ELECTRIC FANS,TH.NOS,1295,6503.963455,23163.89606,,,,EXPORT,2026,Qtr 2,May,1
,OTHER MANUFACTURES GROUP,ENGINEERING GOODS,TRANSPORT EQUIPMENT,-,,5682.776355,20270.79173,,,,EXPORT,2026,Qtr 2,May,1
,OTHER MANUFACTURES GROUP,ENGINEERING GOODS,OTHER ELECTRICAL MACHINERY,-,,22339.38025,79504.76281,,,,EXPORT,2026,Qtr 2,May,1
,OTHER MANUFACTURES GROUP,ENGINEERING GOODS,MACHINERY SPECIALIZED FOR,,,,,,,,EXPORT,2026,Qtr 2,May,1
,OTHER MANUFACTURES GROUP,,INDUSTRIES,-,,10595.48526,37712.1994,,,,EXPORT,2026,Qtr 2,May,1
,OTHER MANUFACTURES GROUP,ENGINEERING GOODS,AUTO PARTS & ACCESSORIES,-,,6320.461117,22513.69628,,,,EXPORT,2026,Qtr 2,May,1
,OTHER MANUFACTURES GROUP,ENGINEERING GOODS,RUBBER TYRES & TUBES,TH.NOS,18969,30191.1042,107559.7332,,,,EXPORT,2026,Qtr 2,May,1
,OTHER MANUFACTURES GROUP,ENGINEERING GOODS,OTHER MACHINERY,-,,23960.23972,85314.6755,,,,EXPORT,2026,Qtr 2,May,1
,OTHER MANUFACTURES GROUP,,GEMS,K.G,1881,2868.92044,10242.51044,,,,EXPORT,2026,Qtr 2,May,1
,OTHER MANUFACTURES GROUP,,JEWELLARY,-,,2144.113355,7671.040621,,,,EXPORT,2026,Qtr 2,May,1
,OTHER MANUFACTURES GROUP,,FURNITURE,TH.NOS,932.02226,1821.178245,6487.537694,,,,EXPORT,2026,Qtr 2,May,1
,OTHER MANUFACTURES GROUP,,MOLASSES,M.T,19479.5,635.8412424,2265.890498,,,,EXPORT,2026,Qtr 2,May,1
,OTHER MANUFACTURES GROUP,,HANDICRAFTS,-,,26.27875,93,,,,EXPORT,2026,Qtr 2,May,1
,OTHER MANUFACTURES GROUP,,CEMENT,M.T,8113616.18,88876.67521,316308.1901,,,,EXPORT,2026,Qtr 2,May,1
,OTHER MANUFACTURES GROUP,,GUAR AND GUAR PRODUCTS,M.T,16036.409,7830.648005,27927.56201,,,,EXPORT,2026,Qtr 2,May,1
,FOOD GROUP,,GROUP,,,116670.167,419156.4854,,2.6,2.73,EXPORT,2026,Qtr 2,June,1
,FOOD GROUP,RICE,,M.T,362649.6302,59501.28138,213729.3854,3.58,7.77,7.9,EXPORT,2026,Qtr 2,June,1
,FOOD GROUP,RICE,BASMATI,M.T,77325.00212,24943.41211,89593.97705,-11.76,5.24,5.37,EXPORT,2026,Qtr 2,June,1
,FOOD GROUP,RICE,OTHERS,M.T,285324.6281,34557.86927,124135.4083,8.71,9.67,9.79,EXPORT,2026,Qtr 2,June,1
,FOOD GROUP,,FISH & FISH PREPARATIONS,M.T,15770.29572,10233.12956,36770.33635,-33.61,-29.17,-29.1,EXPORT,2026,Qtr 2,June,1
,FOOD GROUP,,FRUITS,M.T,33655.40284,10540.47656,37881.85912,278.7,618.02,619.37,EXPORT,2026,Qtr 2,June,1
,FOOD GROUP,,VEGETABLES,M.T,42899.71802,3043.86465,10938.16318,-8.16,3.78,3.93,EXPORT,2026,Qtr 2,June,1
,FOOD GROUP,,LEGUMINOUS VEGETABLES  (PULSES),M.T,0,0,0,0,0,0,EXPORT,2026,Qtr 2,June,1
,FOOD GROUP,,TOBACCO,M.T,2245.706,1946.239232,6994.357425,-21.06,-18.47,-18.31,EXPORT,2026,Qtr 2,June,1
,FOOD GROUP,,WHEAT,M.T,0,0,0,0,0,0,EXPORT,2026,Qtr 2,June,1
,FOOD GROUP,,SPICES,M.T,1944.617019,1870.463591,6719.843341,-16.14,-12.39,-12.27,EXPORT,2026,Qtr 2,June,1
,FOOD GROUP,,"OIL SEEDS, NUTS AND KERNALS",M.T,12246.9678,4104.622711,14746.45513,-48.74,-41.86,-41.78,EXPORT,2026,Qtr 2,June,1
,FOOD GROUP,,SUGAR,M.T,0,0,0,0,0,0,EXPORT,2026,Qtr 2,June,1
,FOOD GROUP,,MEAT AND MEAT PREPARATIONS,M.T,7508.04464,11332.72999,40724.15631,-15.46,-10.84,-10.74,EXPORT,2026,Qtr 2,June,1
,FOOD GROUP,,ALL OTHER FOOD ITEMS,-,,14097.35935,50651.92922,,-8.2,-8.09,EXPORT,2026,Qtr 2,June,1
, TEXTILE GROUP,,GROUP,,,352759.4796,1267444.496,,-22.81,-22.72,EXPORT,2026,Qtr 2,June,1
, TEXTILE GROUP,,RAW COTTON,M.T,0,0,0,0,0,0,EXPORT,2026,Qtr 2,June,1
, TEXTILE GROUP,,COTTON YARN,M.T,23614.53121,17819.56628,64027.86855,2.21,6.49,6.62,EXPORT,2026,Qtr 2,June,1
, TEXTILE GROUP,,COTTON CLOTH,M.T,21444.27373,31209.02124,112136.1186,-23.4,-23.21,-23.12,EXPORT,2026,Qtr 2,June,1
, TEXTILE GROUP,,COTTON CARDED OR COMBED,M.T,0,0,0,0,0,0,EXPORT,2026,Qtr 2,June,1
, TEXTILE GROUP,,YARN OTHER THAN COTTON YARN,M.T,397.874528,339.3057975,1218.982996,-8.53,-31.18,-31.05,EXPORT,2026,Qtr 2,June,1
, TEXTILE GROUP,,KNITWEAR,TH.DOZ,20935,101348.2843,364151.6067,-1.05,-18.43,-18.34,EXPORT,2026,Qtr 2,June,1
, TEXTILE GROUP,,BED WEAR,M.T,34475.61503,58360.51714,209676.3955,-24.81,-26.6,-26.52,EXPORT,2026,Qtr 2,June,1
, TEXTILE GROUP,,TOWELS,M.T,13206.14876,18461.95261,66331.70933,-38.42,-36.84,-36.77,EXPORT,2026,Qtr 2,June,1
, TEXTILE GROUP,,"TENTS,CANVAS & TARPULIN",M.T,1978.288936,2059.225672,7397.18145,-15.02,-15.92,-15.81,EXPORT,2026,Qtr 2,June,1
, TEXTILE GROUP,,READYMADE GARMENTS,TH.DOZ,6123,87768.30778,315343.5998,-21.08,-23.95,-23.87,EXPORT,2026,Qtr 2,June,1
, TEXTILE GROUP,,"ART,SILK & SYNTHETIC TEXTILE",M.T,4617.427635,6481.190048,23286.87441,-27.82,-24.14,-24.05,EXPORT,2026,Qtr 2,June,1
, TEXTILE GROUP,,MADEUP ARTICLES(EXCL TOWELS & BEDWEAR ),-,,13557.24512,48708.63329,,-27.38,-27.3,EXPORT,2026,Qtr 2,June,1
, TEXTILE GROUP,,OTHER TEXTILE MATERIALS,-,,15354.86371,55165.5258,,-27.07,-26.99,EXPORT,2026,Qtr 2,June,1
, PETROLEUM GROUP & COAL,,GROUP & COAL,,,19525.81202,70130.23244,,30.56,30.75,EXPORT,2026,Qtr 2,June,1
, PETROLEUM GROUP & COAL,,PETROLEUM CRUDE,M.T,0,0,0,0,0,0,EXPORT,2026,Qtr 2,June,1
, PETROLEUM GROUP & COAL,,PETROLEUM PRODUCTS(EXCL TOP NAPHTA),M.T,119400.9305,19525.81202,70130.23244,36.68,30.56,30.75,EXPORT,2026,Qtr 2,June,1
, PETROLEUM GROUP & COAL,,PETROLEUM TOP NAPHTA,M.T,0,0,0,0,0,0,EXPORT,2026,Qtr 2,June,1
, PETROLEUM GROUP & COAL,,SOLID FUELS (COAL),M.T,0,0,0,0,0,0,EXPORT,2026,Qtr 2,June,1
,OTHER MANUFACTURES GROUP,,MANUFACTURES GROUP,,,89745.89642,322376.9211,,-16.8,-16.72,EXPORT,2026,Qtr 2,June,1
,OTHER MANUFACTURES GROUP,,"CARPETS, RUGS & MATS",TH.SQM,106,734.621977,2639.630668,-0.93,-6.66,-6.5,EXPORT,2026,Qtr 2,June,1
,OTHER MANUFACTURES GROUP,SPORTS GOODS,,-,,7282.638154,26164.07512,,-35.1,-35.04,EXPORT,2026,Qtr 2,June,1
,OTHER MANUFACTURES GROUP,SPORTS GOODS, FOOTBALLS,TH.DOZ,301,3692.917451,13268.24517,-25.5,-38.6,-38.54,EXPORT,2026,Qtr 2,June,1
,OTHER MANUFACTURES GROUP,SPORTS GOODS, GLOVES,TH.DOZ,76,1363.618599,4898.16217,-2.56,-15.46,-15.4,EXPORT,2026,Qtr 2,June,1
,OTHER MANUFACTURES GROUP,SPORTS GOODS, OTHERS,-,,2226.102104,7997.667785,,-38.04,-37.98,EXPORT,2026,Qtr 2,June,1
,OTHER MANUFACTURES GROUP,,LEATHER TANNED,M.T,470.1592709,2415.409942,8679.467954,-24.89,-32.34,-32.26,EXPORT,2026,Qtr 2,June,1
,OTHER MANUFACTURES GROUP,LEATHER MANUFACTURES,,-,,11246.6088,40405.27459,,-28.88,-28.8,EXPORT,2026,Qtr 2,June,1
,OTHER MANUFACTURES GROUP,LEATHER MANUFACTURES,LEATHER GARMENTS,TH.DOZ,317,5545.036814,19922.12836,-9.43,-22.71,-22.63,EXPORT,2026,Qtr 2,June,1
,OTHER MANUFACTURES GROUP,LEATHER MANUFACTURES,LEATHER GLOVES,TH.DOZ,816,5408.14622,19428.82203,-17.41,-34.61,-34.54,EXPORT,2026,Qtr 2,June,1
,OTHER MANUFACTURES GROUP,LEATHER MANUFACTURES,OTHER LEATHER MANUFACTURES,-,,293.4257687,1054.324206,,-20.48,-20.37,EXPORT,2026,Qtr 2,June,1
,OTHER MANUFACTURES GROUP,FOOTWEAR,,TH.Pairs,906.5775,2572.525723,9241.776414,-48.02,-31.62,-31.55,EXPORT,2026,Qtr 2,June,1
,OTHER MANUFACTURES GROUP,FOOTWEAR,LEATHER FOOTWEAR,TH.Pairs,447.4695,2157.635662,7751.171653,-32.2,-23.16,-23.07,EXPORT,2026,Qtr 2,June,1
,OTHER MANUFACTURES GROUP,FOOTWEAR,CANVAS FOOTWEAR,TH.Pairs,9.108,51.11593178,183.6082249,-43.08,-29.98,-30.19,EXPORT,2026,Qtr 2,June,1
,OTHER MANUFACTURES GROUP,FOOTWEAR,OTHER FOOTWEAR,TH.Pairs,450,363.77413,1306.996535,-57.87,-58.71,-58.67,EXPORT,2026,Qtr 2,June,1
,OTHER MANUFACTURES GROUP,,SURGICAL GOODS & MEDICAL INSTRUMENTS,-,,8915.613189,32034.50485,,-27.17,-27.08,EXPORT,2026,Qtr 2,June,1
,OTHER MANUFACTURES GROUP,,CUTLERY,-,,1203.066516,4322.430093,,-13.88,-13.81,EXPORT,2026,Qtr 2,June,1
,OTHER MANUFACTURES GROUP,,ONYX MANUFACTURED,M.T,149.1400333,74.14753127,266.3863701,-44.56,-54.23,-54.07,EXPORT,2026,Qtr 2,June,1
,OTHER MANUFACTURES GROUP,CHEMICALS AND PHARM PRODUCTS,,-,,30827.0736,110746.1924,,-19.68,-19.59,EXPORT,2026,Qtr 2,June,1
,OTHER MANUFACTURES GROUP,CHEMICALS AND PHARM PRODUCTS,FERTILIZER MANUFACTURED,M.T,0,0,0,0,0,0,EXPORT,2026,Qtr 2,June,1
,OTHER MANUFACTURES GROUP,CHEMICALS AND PHARM PRODUCTS,PLASTIC MATERIALS,M.T,22696.60246,10457.1356,37567.64223,-23.79,-16.21,-16.12,EXPORT,2026,Qtr 2,June,1
,OTHER MANUFACTURES GROUP,CHEMICALS AND PHARM PRODUCTS,PHARMACEUTICAL PRODUCTS,M.T,5036.69629,6274.415573,22540.24971,-31.05,-10.08,-9.98,EXPORT,2026,Qtr 2,June,1
,OTHER MANUFACTURES GROUP,CHEMICALS AND PHARM PRODUCTS,OTHER CHEMICALS,-,,14095.52243,50638.30046,,-25.51,-25.42,EXPORT,2026,Qtr 2,June,1
,OTHER MANUFACTURES GROUP,ENGINEERING GOODS,,-,,15687.26015,56320.44109,,33.06,33.11,EXPORT,2026,Qtr 2,June,1
,OTHER MANUFACTURES GROUP,ENGINEERING GOODS,ELECTRIC FANS,TH.NOS,147,557.9232568,2004.576276,-22.63,-35.94,-35.87,EXPORT,2026,Qtr 2,June,1
,OTHER MANUFACTURES GROUP,ENGINEERING GOODS,TRANSPORT EQUIPMENT,-,,6228.308655,22340.30799,,574.06,573.92,EXPORT,2026,Qtr 2,June,1
,OTHER MANUFACTURES GROUP,ENGINEERING GOODS,OTHER ELECTRICAL MACHINERY,-,,4180.591346,15018.07364,,104.13,104.33,EXPORT,2026,Qtr 2,June,1
,OTHER MANUFACTURES GROUP,ENGINEERING GOODS,MACHINERY SPECIALIZED FOR,,,,,,,,EXPORT,2026,Qtr 2,June,1
,OTHER MANUFACTURES GROUP,ENGINEERING GOODS,INDUSTRIES,-,,724.3259427,2602.100651,,-13.98,-13.89,EXPORT,2026,Qtr 2,June,1
,OTHER MANUFACTURES GROUP,ENGINEERING GOODS,AUTO PARTS & ACCESSORIES,-,,492.0013355,1767.459363,,-9.89,-9.87,EXPORT,2026,Qtr 2,June,1
,OTHER MANUFACTURES GROUP,ENGINEERING GOODS,RUBBER TYRES & TUBES,TH.NOS,1021.179,1851.551734,6651.601075,-57.79,-43.05,-42.98,EXPORT,2026,Qtr 2,June,1
,OTHER MANUFACTURES GROUP,ENGINEERING GOODS,OTHER MACHINERY,-,,1652.557875,5936.322088,,-50.04,-49.99,EXPORT,2026,Qtr 2,June,1
,OTHER MANUFACTURES GROUP,,GEMS,K.G,246.9203372,273.4730941,982.4207215,-56.37,-46.8,-46.72,EXPORT,2026,Qtr 2,June,1
,OTHER MANUFACTURES GROUP,,JEWELLARY,-,,157.9856115,567.8745276,,113.49,113.49,EXPORT,2026,Qtr 2,June,1
,OTHER MANUFACTURES GROUP,,FURNITURE,TH.NOS,58.0537,84.89030469,304.9034955,-30.89,-10.64,-10.85,EXPORT,2026,Qtr 2,June,1
,OTHER MANUFACTURES GROUP,,MOLASSES,M.T,121.13,4.50939624,16.2082,-66.07,-59.01,-58.44,EXPORT,2026,Qtr 2,June,1
,OTHER MANUFACTURES GROUP,,HANDICRAFTS,-,,0,0,,0,0,EXPORT,2026,Qtr 2,June,1
,OTHER MANUFACTURES GROUP,,CEMENT,M.T,640198.18,7448.011878,26746.02648,-0.36,5.99,6.12,EXPORT,2026,Qtr 2,June,1
,OTHER MANUFACTURES GROUP,,GUAR AND GUAR PRODUCTS,M.T,1774.265,818.0605515,2939.308121,-18.31,-20.34,-20.24,EXPORT,2026,Qtr 2,June,1
,OTHER MANUFACTURES GROUP,,OTHER ITEMS,,,47984.64489,172422.3394,,-13.93,-13.83,EXPORT,2026,Qtr 2,June,1
,OTHER MANUFACTURES GROUP,,**) QUANTITY DATA HAS BEEN ESTIMATED WHERE EVER IT IS FOUND NECESSARY ,,,,,,,,EXPORT,2026,Qtr 2,June,1
,OTHER MANUFACTURES GROUP,,   PRIMARY DATA SOURCE IS PAKISTAN SINGLE WINDOW (PSW) AND VALIDATED BY FBR(DRS) ,,,,,,,,EXPORT,2026,Qtr 2,June,1
,OTHER MANUFACTURES GROUP,,   DUE TO ROUNDINGS EFFECTS SOME TOTALS AND PERCENTAGES MAY NOT TALLY ,,,,,,,,EXPORT,2026,Qtr 2,June,1
,FOOD GROUP,,GROUP,,,1407130.167,5017852.485,,,,EXPORT,2026,Qtr 2,June,1
,FOOD GROUP,RICE,,M.T,4292745.63,642343.2814,2291649.385,,,,EXPORT,2026,Qtr 2,June,1
,FOOD GROUP,RICE,BASMATI,M.T,794638.0021,236229.4121,843001.977,,,,EXPORT,2026,Qtr 2,June,1
,FOOD GROUP,RICE,OTHERS,M.T,3498107.628,406113.8693,1448647.408,,,,EXPORT,2026,Qtr 2,June,1
,FOOD GROUP,,FISH & FISH PREPARATIONS,M.T,215170.2957,135028.1296,482017.3364,,,,EXPORT,2026,Qtr 2,June,1
,FOOD GROUP,,FRUITS,M.T,533382.4028,86589.47656,308129.8591,,,,EXPORT,2026,Qtr 2,June,1
,FOOD GROUP,,VEGETABLES,M.T,594103.718,45666.86465,162770.1632,,,,EXPORT,2026,Qtr 2,June,1
,FOOD GROUP,,LEGUMINOUS VEGETABLES  (PULSES),M.T,0,0,0,,,,EXPORT,2026,Qtr 2,June,1
,FOOD GROUP,,TOBACCO,M.T,46668.706,39961.23923,142527.3574,,,,EXPORT,2026,Qtr 2,June,1
,FOOD GROUP,,WHEAT,M.T,0,0,0,,,,EXPORT,2026,Qtr 2,June,1
,FOOD GROUP,,SPICES,M.T,28187.61702,24434.46359,87115.84334,,,,EXPORT,2026,Qtr 2,June,1
,FOOD GROUP,,"OIL SEEDS, NUTS AND KERNALS",M.T,243018.9678,72960.62271,260519.4551,,,,EXPORT,2026,Qtr 2,June,1
,FOOD GROUP,,SUGAR,M.T,0,0,0,,,,EXPORT,2026,Qtr 2,June,1
,FOOD GROUP,,MEAT AND MEAT PREPARATIONS,M.T,114046.0446,148672.73,530245.1563,,,,EXPORT,2026,Qtr 2,June,1
,FOOD GROUP,,ALL OTHER FOOD ITEMS,-,,211473.3593,752877.9292,,,,EXPORT,2026,Qtr 2,June,1
, TEXTILE GROUP,,GROUP,,,5030896.48,17932970.5,,,,EXPORT,2026,Qtr 2,June,1
, TEXTILE GROUP,,RAW COTTON,M.T,1550,733,2606,,,,EXPORT,2026,Qtr 2,June,1
, TEXTILE GROUP,,COTTON YARN,M.T,307774.5312,214532.5663,765123.8686,,,,EXPORT,2026,Qtr 2,June,1
, TEXTILE GROUP,,COTTON CLOTH,M.T,321771.2737,469146.0212,1672481.119,,,,EXPORT,2026,Qtr 2,June,1
, TEXTILE GROUP,,COTTON CARDED OR COMBED,M.T,1,1,2,,,,EXPORT,2026,Qtr 2,June,1
, TEXTILE GROUP,,YARN OTHER THAN COTTON YARN,M.T,10142.87453,8228.305798,29304.983,,,,EXPORT,2026,Qtr 2,June,1
, TEXTILE GROUP,,KNITWEAR,TH.DOZ,253527,1393574.284,4966196.607,,,,EXPORT,2026,Qtr 2,June,1
, TEXTILE GROUP,,BED WEAR,M.T,516021.615,873312.5171,3112544.395,,,,EXPORT,2026,Qtr 2,June,1
, TEXTILE GROUP,,TOWELS,M.T,219229.1488,297780.9526,1061672.709,,,,EXPORT,2026,Qtr 2,June,1
, TEXTILE GROUP,,"TENTS,CANVAS & TARPULIN",M.T,36000.28894,33716.22567,120118.1814,,,,EXPORT,2026,Qtr 2,June,1
, TEXTILE GROUP,,READYMADE GARMENTS,TH.DOZ,84511,1202811.308,4288362.6,,,,EXPORT,2026,Qtr 2,June,1
, TEXTILE GROUP,,"ART,SILK & SYNTHETIC TEXTILE",M.T,71830.42764,99166.19005,353394.8744,,,,EXPORT,2026,Qtr 2,June,1
, TEXTILE GROUP,,MADEUP ARTICLES(EXCL TOWELS BEDWEAR ),-,,216104.2451,770298.6333,,,,EXPORT,2026,Qtr 2,June,1
, TEXTILE GROUP,,OTHER TEXTILE MATERIALS,-,,221789.8637,790864.5258,,,,EXPORT,2026,Qtr 2,June,1
, PETROLEUM GROUP & COAL,,GROUP & COAL,,,218553.812,778714.2324,,,,EXPORT,2026,Qtr 2,June,1
, PETROLEUM GROUP & COAL,,PETROLEUM CRUDE,M.T,40646,5598,19919,,,,EXPORT,2026,Qtr 2,June,1
, PETROLEUM GROUP & COAL,,PETROLEUM PRODUCTS(EXCL TOP NAPHTA),M.T,1541936.931,201431.812,717870.2324,,,,EXPORT,2026,Qtr 2,June,1
, PETROLEUM GROUP & COAL,,PETROLEUM TOP NAPHTA,M.T,69409,11524,40925,,,,EXPORT,2026,Qtr 2,June,1
, PETROLEUM GROUP & COAL,,SOLID FUELS (COAL),M.T,0,0,0,,,,EXPORT,2026,Qtr 2,June,1
,OTHER MANUFACTURES GROUP,,MANUFACTURES GROUP,,,1142782.896,4074128.921,,,,EXPORT,2026,Qtr 2,June,1
,OTHER MANUFACTURES GROUP,,"CARPETS, RUGS & MATS",TH.SQM,1952,12740.62198,45393.63067,,,,EXPORT,2026,Qtr 2,June,1
,OTHER MANUFACTURES GROUP,SPORTS GOODS,,-,,119038.6382,424349.0751,,,,EXPORT,2026,Qtr 2,June,1
,OTHER MANUFACTURES GROUP,SPORTS GOODS, FOOTBALLS,TH.DOZ,4705,72037.91745,256723.2452,,,,EXPORT,2026,Qtr 2,June,1
,OTHER MANUFACTURES GROUP,SPORTS GOODS, GLOVES,TH.DOZ,875,16706.6186,59567.16217,,,,EXPORT,2026,Qtr 2,June,1
,OTHER MANUFACTURES GROUP,SPORTS GOODS, OTHERS,-,,30294.1021,108058.6678,,,,EXPORT,2026,Qtr 2,June,1
,OTHER MANUFACTURES GROUP,,LEATHER TANNED,M.T,8407.159271,36296.40994,129420.468,,,,EXPORT,2026,Qtr 2,June,1
,OTHER MANUFACTURES GROUP,LEATHER MANUFACTURES,,-,,161648.6088,576185.2746,,,,EXPORT,2026,Qtr 2,June,1
,OTHER MANUFACTURES GROUP,LEATHER MANUFACTURES,LEATHER GARMENTS,TH.DOZ,2763,73276.03681,261178.1284,,,,EXPORT,2026,Qtr 2,June,1
,OTHER MANUFACTURES GROUP,LEATHER MANUFACTURES,LEATHER GLOVES,TH.DOZ,10183,84239.14622,300270.822,,,,EXPORT,2026,Qtr 2,June,1
,OTHER MANUFACTURES GROUP,LEATHER MANUFACTURES,OTHER LEATHER MANUFACTURES,-,,4133.425769,14736.32421,,,,EXPORT,2026,Qtr 2,June,1
,OTHER MANUFACTURES GROUP,FOOTWEAR,,TH.Pairs,23464.5775,49292.52572,175651.7764,,,,EXPORT,2026,Qtr 2,June,1
,OTHER MANUFACTURES GROUP,FOOTWEAR,LEATHER FOOTWEAR,TH.Pairs,8649.4695,36592.63566,130379.1717,,,,EXPORT,2026,Qtr 2,June,1
,OTHER MANUFACTURES GROUP,FOOTWEAR,CANVAS FOOTWEAR,TH.Pairs,83.108,459.1159318,1635.608225,,,,EXPORT,2026,Qtr 2,June,1
,OTHER MANUFACTURES GROUP,FOOTWEAR,OTHER FOOTWEAR,TH.Pairs,14732,12240.77413,43636.99654,,,,EXPORT,2026,Qtr 2,June,1
,OTHER MANUFACTURES GROUP,,SURGICAL GOODS & MEDICAL INSTRUMENTS,-,,126638.6132,451526.5049,,,,EXPORT,2026,Qtr 2,June,1
,OTHER MANUFACTURES GROUP,,CUTLERY,-,,15704.06652,55996.43009,,,,EXPORT,2026,Qtr 2,June,1
,OTHER MANUFACTURES GROUP,,ONYX MANUFACTURED,M.T,1915.140033,1467.147531,5230.38637,,,,EXPORT,2026,Qtr 2,June,1
,OTHER MANUFACTURES GROUP,CHEMICALS AND PHARM PRODUCTS,,-,,385683.0736,1375463.192,,,,EXPORT,2026,Qtr 2,June,1
,OTHER MANUFACTURES GROUP,CHEMICALS AND PHARM PRODUCTS,FERTILIZER MANUFACTURED,M.T,0,0,0,,,,EXPORT,2026,Qtr 2,June,1
,OTHER MANUFACTURES GROUP,CHEMICALS AND PHARM PRODUCTS,PLASTIC MATERIALS,M.T,309188.6025,100681.1356,359158.6422,,,,EXPORT,2026,Qtr 2,June,1
,OTHER MANUFACTURES GROUP,CHEMICALS AND PHARM PRODUCTS,PHARMACEUTICAL PRODUCTS,M.T,83103.69629,89537.41557,319012.2497,,,,EXPORT,2026,Qtr 2,June,1
,OTHER MANUFACTURES GROUP,CHEMICALS AND PHARM PRODUCTS,OTHER CHEMICALS,-,,195464.5224,697292.3005,,,,EXPORT,2026,Qtr 2,June,1
,OTHER MANUFACTURES GROUP,ENGINEERING GOODS,,-,,121281.2601,432359.4411,,,,EXPORT,2026,Qtr 2,June,1
,OTHER MANUFACTURES GROUP,ENGINEERING GOODS,ELECTRIC FANS,TH.NOS,1455,7061.923257,25168.57628,,,,EXPORT,2026,Qtr 2,June,1
,OTHER MANUFACTURES GROUP,ENGINEERING GOODS,TRANSPORT EQUIPMENT,-,,11910.30865,42608.30799,,,,EXPORT,2026,Qtr 2,June,1
,OTHER MANUFACTURES GROUP,ENGINEERING GOODS,OTHER ELECTRICAL MACHINERY,-,,26520.59135,94523.07364,,,,EXPORT,2026,Qtr 2,June,1
,OTHER MANUFACTURES GROUP,ENGINEERING GOODS,MACHINERY SPECIALIZED FOR,,,,,,,,EXPORT,2026,Qtr 2,June,1
,OTHER MANUFACTURES GROUP,ENGINEERING GOODS,INDUSTRIES,-,,11320.32594,40315.10065,,,,EXPORT,2026,Qtr 2,June,1
,OTHER MANUFACTURES GROUP,ENGINEERING GOODS,AUTO PARTS & ACCESSORIES,-,,6812.001335,24280.45936,,,,EXPORT,2026,Qtr 2,June,1
,OTHER MANUFACTURES GROUP,ENGINEERING GOODS,RUBBER TYRES & TUBES,TH.NOS,21387,32042.55173,114210.6011,,,,EXPORT,2026,Qtr 2,June,1
,OTHER MANUFACTURES GROUP,ENGINEERING GOODS,OTHER MACHINERY,-,,25613.55788,91253.32209,,,,EXPORT,2026,Qtr 2,June,1
,OTHER MANUFACTURES GROUP,,GEMS,K.G,2353.920337,3142.473094,11225.42072,,,,EXPORT,2026,Qtr 2,June,1
,OTHER MANUFACTURES GROUP,,JEWELLARY,-,,2302.985611,8238.874528,,,,EXPORT,2026,Qtr 2,June,1
,OTHER MANUFACTURES GROUP,,FURNITURE,TH.NOS,996.0537,1905.890305,6791.903496,,,,EXPORT,2026,Qtr 2,June,1
,OTHER MANUFACTURES GROUP,,MOLASSES,M.T,19600.13,640.5093962,2282.2082,,,,EXPORT,2026,Qtr 2,June,1
,OTHER MANUFACTURES GROUP,,HANDICRAFTS,-,,26,94,,,,EXPORT,2026,Qtr 2,June,1
,OTHER MANUFACTURES GROUP,,CEMENT,M.T,8753815.18,96325.01188,343054.0265,,,,EXPORT,2026,Qtr 2,June,1
,OTHER MANUFACTURES GROUP,,GUAR AND GUAR PRODUCTS,M.T,17830.265,8649.060552,30866.30812,,,,EXPORT,2026,Qtr 2,June,1
,OTHER MANUFACTURES GROUP,,OTHER ITEMS,,,655067.6449,2335420.339,,,,EXPORT,2026,Qtr 2,June,1
