c,CATEGORY,CLASS TYPE,PRODUCT,UNIT,QUANTITY,RUPEES,DOLLARS,% QUANTITY,% RUPEES,% DOLLARS,STATUS,Year,Quarter,Month,Day
3,FOOD GROUP,," MILK,CREAM & MILK FOOD FOR INFANTS",MT,4199,1989,12993,-36.16,-39.25,-38.08,Import,2021,Qtr 2,April,1
4,FOOD GROUP,, WHEAT UNMILLED,MT,0,0,0,-100,-100,-100,Import,2021,Qtr 2,April,1
5,FOOD GROUP,, DRY FRUITS & NUTS,MT,7191,630,4116,-19.96,-17.65,-16.09,Import,2021,Qtr 2,April,1
6,FOOD GROUP,, TEA,MT,22779,8095,52882,-3.04,-7,-5.2,Import,2021,Qtr 2,April,1
7,FOOD GROUP,, SPICES,MT,14881,3736,24406,-13.02,24.49,26.88,Import,2021,Qtr 2,April,1
8,FOOD GROUP,, SOYABEAN OIL,MT,13300,2154,14071,100,100,100,Import,2021,Qtr 2,April,1
9,FOOD GROUP,, PALM OIL,MT,275371,43055,281264,-0.25,0.14,2.07,Import,2021,Qtr 2,April,1
10,FOOD GROUP,, SUGAR,MT,773,71,464,-6.42,-4.05,-2.73,Import,2021,Qtr 2,April,1
11,FOOD GROUP,, PULSES (LEGUMINOUS VEGETABLES),MT,155747,14624,95534,26.62,32.69,35.26,Import,2021,Qtr 2,April,1
12,FOOD GROUP,, ALL OTHERS FOOD ITEMS,,,44735,292239,,9.61,11.73,Import,2021,Qtr 2,April,1
14,MACHINERY GROUP,, POWER GENERATING MACHINERY,,,12556,82024,,-44.71,-43.64,Import,2021,Qtr 2,April,1
15,MACHINERY GROUP,, OFFICE MACHINE INCL DATA PROC EQUIP;,,,6685,43671,,-13.03,-11.35,Import,2021,Qtr 2,April,1
16,MACHINERY GROUP,, TEXTILE MACHINERY,,,8530,55724,,0.96,2.9,Import,2021,Qtr 2,April,1
17,MACHINERY GROUP,, CONSTRUCTION & MINING MACHINERY,,,1439,9401,,-66.55,-65.9,Import,2021,Qtr 2,April,1
18,MACHINERY GROUP,, ELECTRICAL MACHINERY & APPARATUS,,,27084,176931,,-4.5,-2.66,Import,2021,Qtr 2,April,1
20,MACHINERY GROUP, TELE COM, MOBILE PHONE,,,22807,148991,,-34.89,-33.64,Import,2021,Qtr 2,April,1
21,MACHINERY GROUP, TELE COM, OTHER APPARATUS,,,6758,44148,,-45.22,-44.16,Import,2021,Qtr 2,April,1
22,MACHINERY GROUP,, AGRICULTURAL MACHINERY & IMPLEMENTS,,,1154,7539,,29.23,31.78,Import,2021,Qtr 2,April,1
23,MACHINERY GROUP,, OTHER MACHINERY,,,34494,225338,,-21.34,-19.82,Import,2021,Qtr 2,April,1
27,TRANSPORT GROUP," ROAD MOTOR VEH  (BUILD UNIT,CKD/SKD)","CBU-BUSES,TRUCKS & OTH  HEAVY VEHICLES",,,2726,17808,,68.58,71.79,Import,2021,Qtr 2,April,1
28,TRANSPORT GROUP," ROAD MOTOR VEH  (BUILD UNIT,CKD/SKD)",CBU-MOTOR CARS,,,4737,30945,,30.82,33.35,Import,2021,Qtr 2,April,1
29,TRANSPORT GROUP," ROAD MOTOR VEH  (BUILD UNIT,CKD/SKD)",CBU-MOTOR CYCLES,,,50,327,,19.05,20.66,Import,2021,Qtr 2,April,1
31,TRANSPORT GROUP," ROAD MOTOR VEH  (BUILD UNIT,CKD/SKD)","CKD/SKD-BUSES,TRUCKS & OTH  HEAVY VEHICLES",,,7112,46460,,-16.57,-14.97,Import,2021,Qtr 2,April,1
32,TRANSPORT GROUP," ROAD MOTOR VEH  (BUILD UNIT,CKD/SKD)",CKD/SKD-MOTOR CARS,,,24734,161579,,2.58,4.56,Import,2021,Qtr 2,April,1
33,TRANSPORT GROUP," ROAD MOTOR VEH  (BUILD UNIT,CKD/SKD)",CKD/SKD-MOTOR CYCLES,,,1026,6703,,-29.44,-28.05,Import,2021,Qtr 2,April,1
34,TRANSPORT GROUP," ROAD MOTOR VEH  (BUILD UNIT,CKD/SKD)",PARTS & ACCESSORIES,,,5946,38843,,-26.54,-25.12,Import,2021,Qtr 2,April,1
35,TRANSPORT GROUP," ROAD MOTOR VEH  (BUILD UNIT,CKD/SKD)",OTHERS,,,744,4860,,3.33,5.38,Import,2021,Qtr 2,April,1
36,TRANSPORT GROUP,,"AIRCRAFTS, SHIPS AND BOATS",,,2274,14855,,212.79,218.57,Import,2021,Qtr 2,April,1
37,TRANSPORT GROUP,,OTHERS TRANSPORT EQUIPMENTS,,,40,261,,-2.44,-0.76,Import,2021,Qtr 2,April,1
39,PETROLEUM GROUP,, PETROLEUM PRODUCTS,MT,931172,64005,418123,-28.62,-26.83,-25.42,Import,2021,Qtr 2,April,1
40,PETROLEUM GROUP,, PETROLEUM CRUDE,MT,874122,58790,384055,39.75,39.84,42.54,Import,2021,Qtr 2,April,1
41,PETROLEUM GROUP,,"NATURAL GAS, LIQUIFIED",,,45117,294734,,24.78,27.19,Import,2021,Qtr 2,April,1
42,PETROLEUM GROUP,," PETROLEUM GAS, LIQUIFIED",,,7189,46963,,-0.84,1.07,Import,2021,Qtr 2,April,1
43,PETROLEUM GROUP,, OTHERS,,,5,33,,25,32,Import,2021,Qtr 2,April,1
45,TEXTILE GROUP,, RAW COTTON,MT,84075,23725,154988,-10.21,-6.05,-4.24,Import,2021,Qtr 2,April,1
46,TEXTILE GROUP,, SYNTHETIC FIBRE,MT,35680,9421,61544,-12.01,-4.69,-2.86,Import,2021,Qtr 2,April,1
47,TEXTILE GROUP,, SYNTHETIC & ARTIFICIAL SILK YARN,MT,34445,10220,66764,-3.47,-0.05,1.88,Import,2021,Qtr 2,April,1
48,TEXTILE GROUP,, WORN CLOTHING,MT,64513,4370,28548,-7.79,-5.25,-3.41,Import,2021,Qtr 2,April,1
49,TEXTILE GROUP,, OTHR TEXTILE ITEMS,,,7886,51517,,-24.03,-22.56,Import,2021,Qtr 2,April,1
51,"AGRICULTURAL & OTHER
 CHEMICALS GROUP",, FERTILIZER MANUFACTURED,MT,41877,2722,17782,-76.18,-76.57,-76.12,Import,2021,Qtr 2,April,1
52,"AGRICULTURAL & OTHER
 CHEMICALS GROUP",, INSECTICIDES,MT,4052,3408,22263,-2.6,-8.9,-7.15,Import,2021,Qtr 2,April,1
53,"AGRICULTURAL & OTHER
 CHEMICALS GROUP",, PLASTIC MATERIALS,MT,165930,40717,265991,10.48,13.74,15.93,Import,2021,Qtr 2,April,1
54,"AGRICULTURAL & OTHER
 CHEMICALS GROUP",, MEDICINAL PRODUCTS,MT,3291,23873,155954,71.5,32.1,34.65,Import,2021,Qtr 2,April,1
55,"AGRICULTURAL & OTHER
 CHEMICALS GROUP",, OTHERS,,,69368,453158,,-4,-2.14,Import,2021,Qtr 2,April,1
57,METAL GROUP,, GOLD,KG,17,150,980,54.55,51.52,53.85,Import,2021,Qtr 2,April,1
58,METAL GROUP,, IRON AND STEEL SCRAP,MT,324732,24394,159358,-2.04,-2.01,-0.12,Import,2021,Qtr 2,April,1
59,METAL GROUP,, IRON AND STEEL,MT,218425,25939,169451,-36.92,-32.05,-30.74,Import,2021,Qtr 2,April,1
60,METAL GROUP,, ALUMINIUM WROUGHT & WORKED,,,2530,16528,,-9.42,-7.67,Import,2021,Qtr 2,April,1
61,METAL GROUP,, ALL OTHER METALS & ARTICALS,,,11513,75211,,-8.52,-6.75,Import,2021,Qtr 2,April,1
63,MISCELLANEOUS GROUP,, RUBBER CRUDE INCL  SYNTH/RECLAIMED,MT,30769,2976,19441,-6.57,-18.87,-17.29,Import,2021,Qtr 2,April,1
64,MISCELLANEOUS GROUP,, RUBBER TYRES & TUBES,NO,568154,4280,27960,-3.96,0.73,2.68,Import,2021,Qtr 2,April,1
65,MISCELLANEOUS GROUP,, WOOD & CORK,,,1545,10093,,-5.04,-3.23,Import,2021,Qtr 2,April,1
66,MISCELLANEOUS GROUP,, JUTE,MT,3013,542,3541,-63.92,-58.47,-57.66,Import,2021,Qtr 2,April,1
67,MISCELLANEOUS GROUP,, PAPER & PAPER BOARD & MANUF THEREOF,MT,38587,5813,37974,-19.95,-9.88,-8.13,Import,2021,Qtr 2,April,1
68,MISCELLANEOUS GROUP,,ALL OTHERS ITEMS,,,64697,422641,,-12.87,-11.19,Import,2021,Qtr 2,April,1
71,FOOD GROUP,," MILK,CREAM & MILK FOOD FOR INFANTS",MT,3033,1588,9677,-7.94,-5.81,-8.41,Import,2021,Qtr 3,August,1
72,FOOD GROUP,, WHEAT UNMILLED,MT,57000,2702,16466,100,100,100,Import,2021,Qtr 3,August,1
73,FOOD GROUP,, DRY FRUITS & NUTS,MT,5209,579,3528,68.59,105.32,99.55,Import,2021,Qtr 3,August,1
74,FOOD GROUP,, TEA,MT,28529,10172,61987,53.18,54.97,50.72,Import,2021,Qtr 3,August,1
75,FOOD GROUP,, SPICES,MT,11324,3814,23242,-44.16,-7.94,-10.47,Import,2021,Qtr 3,August,1
76,FOOD GROUP,, SOYABEAN OIL,MT,3902,739,4503,-61.41,-61.71,-62.77,Import,2021,Qtr 3,August,1
77,FOOD GROUP,, PALM OIL,MT,289267,53005,323005,30.49,30.74,27.16,Import,2021,Qtr 3,August,1
78,FOOD GROUP,, SUGAR,MT,66323,5828,35515,97.27,99.38,93.89,Import,2021,Qtr 3,August,1
79,FOOD GROUP,, PULSES (LEGUMINOUS VEGETABLES),MT,95482,10722,65338,-25.5,-25.02,-27.08,Import,2021,Qtr 3,August,1
80,FOOD GROUP,, ALL OTHERS FOOD ITEMS,,,46400,282755,,49.87,45.76,Import,2021,Qtr 3,August,1
82,MACHINERY GROUP,, POWER GENERATING MACHINERY,,,28834,175710,,9.61,6.6,Import,2021,Qtr 3,August,1
83,MACHINERY GROUP,, OFFICE MACHINE INCL DATA PROC EQUIP;,,,9276,56527,,38.76,34.95,Import,2021,Qtr 3,August,1
84,MACHINERY GROUP,, TEXTILE MACHINERY,,,13007,79263,,25.07,21.63,Import,2021,Qtr 3,August,1
85,MACHINERY GROUP,, CONSTRUCTION & MINING MACHINERY,,,1638,9982,,-3.87,-6.52,Import,2021,Qtr 3,August,1
86,MACHINERY GROUP,, ELECTRICAL MACHINERY & APPARATUS,,,35333,215314,,32.2,28.58,Import,2021,Qtr 3,August,1
88,MACHINERY GROUP, TELE COM, MOBILE PHONE,,,27357,166710,,43.76,39.81,Import,2021,Qtr 3,August,1
89,MACHINERY GROUP, TELE COM, OTHER APPARATUS,,,6867,41847,,9.61,6.6,Import,2021,Qtr 3,August,1
90,MACHINERY GROUP,, AGRICULTURAL MACHINERY & IMPLEMENTS,,,1541,9391,,11.59,8.55,Import,2021,Qtr 3,August,1
91,MACHINERY GROUP,, OTHER MACHINERY,,,37717,229842,,-10.68,-13.13,Import,2021,Qtr 3,August,1
95,TRANSPORT GROUP," ROAD MOTOR VEH  (BUILD UNIT,CKD/SKD)","CBU-BUSES,TRUCKS & OTH  HEAVY VEHICLES",,,2776,16917,,-33.3,-35.13,Import,2021,Qtr 3,August,1
96,TRANSPORT GROUP," ROAD MOTOR VEH  (BUILD UNIT,CKD/SKD)",CBU-MOTOR CARS,,,4072,24814,,-27.14,-29.14,Import,2021,Qtr 3,August,1
97,TRANSPORT GROUP," ROAD MOTOR VEH  (BUILD UNIT,CKD/SKD)",CBU-MOTOR CYCLES,,,65,396,,-2.99,-6.38,Import,2021,Qtr 3,August,1
99,TRANSPORT GROUP," ROAD MOTOR VEH  (BUILD UNIT,CKD/SKD)","CKD/SKD-BUSES,TRUCKS & OTH  HEAVY VEHICLES",,,11109,67697,,106.83,101.16,Import,2021,Qtr 3,August,1
100,TRANSPORT GROUP," ROAD MOTOR VEH  (BUILD UNIT,CKD/SKD)",CKD/SKD-MOTOR CARS,,,24531,149488,,44.02,40.07,Import,2021,Qtr 3,August,1
101,TRANSPORT GROUP," ROAD MOTOR VEH  (BUILD UNIT,CKD/SKD)",CKD/SKD-MOTOR CYCLES,,,972,5923,,-1.82,-4.53,Import,2021,Qtr 3,August,1
102,TRANSPORT GROUP," ROAD MOTOR VEH  (BUILD UNIT,CKD/SKD)",PARTS & ACCESSORIES,,,6682,40719,,4.23,1.37,Import,2021,Qtr 3,August,1
103,TRANSPORT GROUP," ROAD MOTOR VEH  (BUILD UNIT,CKD/SKD)",OTHERS,,,1550,9445,,-4.26,-6.9,Import,2021,Qtr 3,August,1
104,TRANSPORT GROUP,,"AIRCRAFTS, SHIPS AND BOATS",,,6514,39695,,-22.75,-24.86,Import,2021,Qtr 3,August,1
105,TRANSPORT GROUP,,OTHERS TRANSPORT EQUIPMENTS,,,89,542,,-39.04,-40.83,Import,2021,Qtr 3,August,1
107,PETROLEUM GROUP,, PETROLEUM PRODUCTS,MT,1743510,146370,891958,34.44,41.64,37.76,Import,2021,Qtr 3,August,1
108,PETROLEUM GROUP,, PETROLEUM CRUDE,MT,846239,72609,442469,12.78,20.86,17.55,Import,2021,Qtr 3,August,1
109,PETROLEUM GROUP,,"NATURAL GAS, LIQUIFIED",,,62316,379745,,43.72,39.78,Import,2021,Qtr 3,August,1
110,PETROLEUM GROUP,," PETROLEUM GAS, LIQUIFIED",,,6994,42620,,26.15,22.7,Import,2021,Qtr 3,August,1
111,PETROLEUM GROUP,, OTHERS,,,7,43,,100,100,Import,2021,Qtr 3,August,1
113,TEXTILE GROUP,, RAW COTTON,MT,53238,17885,108989,8.27,14.16,11.04,Import,2021,Qtr 3,August,1
114,TEXTILE GROUP,, SYNTHETIC FIBRE,MT,37781,11488,70006,-29.17,-22.05,-24.19,Import,2021,Qtr 3,August,1
115,TEXTILE GROUP,, SYNTHETIC & ARTIFICIAL SILK YARN,MT,32556,11114,67727,-28.45,-19.53,-21.73,Import,2021,Qtr 3,August,1
116,TEXTILE GROUP,, WORN CLOTHING,MT,94820,6517,39714,3.65,4.84,1.97,Import,2021,Qtr 3,August,1
117,TEXTILE GROUP,, OTHR TEXTILE ITEMS,,,14173,86368,,4.31,1.44,Import,2021,Qtr 3,August,1
119,"AGRICULTURAL & OTHER
 CHEMICALS GROUP",, FERTILIZER MANUFACTURED,MT,175682,15378,93711,10.21,10.86,7.83,Import,2021,Qtr 3,August,1
120,"AGRICULTURAL & OTHER
 CHEMICALS GROUP",, INSECTICIDES,MT,2654,2093,12754,6.8,6.14,3.21,Import,2021,Qtr 3,August,1
121,"AGRICULTURAL & OTHER
 CHEMICALS GROUP",, PLASTIC MATERIALS,MT,184527,43624,265838,25.08,15.76,12.59,Import,2021,Qtr 3,August,1
122,"AGRICULTURAL & OTHER
 CHEMICALS GROUP",, MEDICINAL PRODUCTS,MT,3254,74712,455284,96.85,99.97,94.49,Import,2021,Qtr 3,August,1
123,"AGRICULTURAL & OTHER
 CHEMICALS GROUP",, OTHERS,,,64537,393279,,-4.55,-7.16,Import,2021,Qtr 3,August,1
125,METAL GROUP,, GOLD,KG,35,367,2236,169.23,203.31,195.38,Import,2021,Qtr 3,August,1
126,METAL GROUP,, IRON AND STEEL SCRAP,MT,302158,28731,175083,23.87,34.86,31.16,Import,2021,Qtr 3,August,1
127,METAL GROUP,, IRON AND STEEL,MT,244433,38773,236277,-20.31,3.44,0.61,Import,2021,Qtr 3,August,1
128,METAL GROUP,, ALUMINIUM WROUGHT & WORKED,,,2788,16990,,0.25,-2.51,Import,2021,Qtr 3,August,1
129,METAL GROUP,, ALL OTHER METALS & ARTICALS,,,13220,80561,,-25.27,-27.32,Import,2021,Qtr 3,August,1
131,MISCELLANEOUS GROUP,, RUBBER CRUDE INCL  SYNTH/RECLAIMED,MT,26690,2837,17288,25.21,6.14,3.21,Import,2021,Qtr 3,August,1
132,MISCELLANEOUS GROUP,, RUBBER TYRES & TUBES,NO,495590,3560,21694,10.3,5.14,2.26,Import,2021,Qtr 3,August,1
133,MISCELLANEOUS GROUP,, WOOD & CORK,,0,1626,9909,,7.04,4.09,Import,2021,Qtr 3,August,1
134,MISCELLANEOUS GROUP,, JUTE,MT,4195,742,4522,263.2,235.75,226.73,Import,2021,Qtr 3,August,1
135,MISCELLANEOUS GROUP,, PAPER & PAPER BOARD & MANUF THEREOF,MT,41247,6461,39372,8.84,0.91,-1.86,Import,2021,Qtr 3,August,1
136,MISCELLANEOUS GROUP,,ALL OTHERS ITEMS,,,77560,472638,,14.93,11.78,Import,2021,Qtr 3,August,1
139,FOOD GROUP,," MILK,CREAM & MILK FOOD FOR INFANTS",MT,4336,2549,14386,-6.51,-11.93,-13.99,Import,2021,Qtr 4,December,1
140,FOOD GROUP,, WHEAT UNMILLED,MT,337425,23101,130385,15.53,26.87,23.9,Import,2021,Qtr 4,December,1
141,FOOD GROUP,, DRY FRUITS & NUTS,MT,11245,1651,9320,-6.17,15.23,12.53,Import,2021,Qtr 4,December,1
142,FOOD GROUP,, TEA,MT,22652,10128,57161,7.17,6.16,3.67,Import,2021,Qtr 4,December,1
143,FOOD GROUP,, SPICES,MT,9785,2784,15714,8.19,-2.79,-5.07,Import,2021,Qtr 4,December,1
144,FOOD GROUP,, SOYABEAN OIL,MT,2500,573,3233,-82.39,-82.68,-83.08,Import,2021,Qtr 4,December,1
145,FOOD GROUP,, PALM OIL,MT,250501,56104,316657,-22.51,-16.86,-18.8,Import,2021,Qtr 4,December,1
146,FOOD GROUP,, SUGAR,MT,945,129,729,-98.42,-98.05,-98.1,Import,2021,Qtr 4,December,1
147,FOOD GROUP,, PULSES (LEGUMINOUS VEGETABLES),MT,43087,4873,27505,-34.55,-32.19,-33.78,Import,2021,Qtr 4,December,1
148,FOOD GROUP,, ALL OTHERS FOOD ITEMS,,,36904,208290,,8.12,5.59,Import,2021,Qtr 4,December,1
150,MACHINERY GROUP,, POWER GENERATING MACHINERY,,,24428,137874,,-13.41,-15.44,Import,2021,Qtr 4,December,1
151,MACHINERY GROUP,, OFFICE MACHINE INCL DATA PROC EQUIP;,,,10679,60276,,7.69,5.17,Import,2021,Qtr 4,December,1
152,MACHINERY GROUP,, TEXTILE MACHINERY,,,12945,73062,,17.64,14.89,Import,2021,Qtr 4,December,1
153,MACHINERY GROUP,, CONSTRUCTION & MINING MACHINERY,,,4728,26685,,51.05,47.51,Import,2021,Qtr 4,December,1
154,MACHINERY GROUP,, ELECTRICAL MACHINERY & APPARATUS,,,40654,229455,,27.31,24.33,Import,2021,Qtr 4,December,1
156,MACHINERY GROUP, TELE COM, MOBILE PHONE,,,41440,233891,,12.94,10.3,Import,2021,Qtr 4,December,1
157,MACHINERY GROUP, TELE COM, OTHER APPARATUS,,,10510,59321,,-15.02,-17.01,Import,2021,Qtr 4,December,1
158,MACHINERY GROUP,, AGRICULTURAL MACHINERY & IMPLEMENTS,,,1789,10097,,-12.82,-14.88,Import,2021,Qtr 4,December,1
159,MACHINERY GROUP,, OTHER MACHINERY,,,52877,298443,,7.03,4.52,Import,2021,Qtr 4,December,1
163,TRANSPORT GROUP," ROAD MOTOR VEH  (BUILD UNIT,CKD/SKD)","CBU-BUSES,TRUCKS & OTH  HEAVY VEHICLES",,,3664,20682,,-35.9,-37.41,Import,2021,Qtr 4,December,1
164,TRANSPORT GROUP," ROAD MOTOR VEH  (BUILD UNIT,CKD/SKD)",CBU-MOTOR CARS,,,3803,21466,,-18.49,-20.4,Import,2021,Qtr 4,December,1
165,TRANSPORT GROUP," ROAD MOTOR VEH  (BUILD UNIT,CKD/SKD)",CBU-MOTOR CYCLES,,,53,302,,-53.11,-54.31,Import,2021,Qtr 4,December,1
167,TRANSPORT GROUP," ROAD MOTOR VEH  (BUILD UNIT,CKD/SKD)","CKD/SKD-BUSES,TRUCKS & OTH  HEAVY VEHICLES",,,11639,65689,,-17.66,-19.59,Import,2021,Qtr 4,December,1
168,TRANSPORT GROUP," ROAD MOTOR VEH  (BUILD UNIT,CKD/SKD)",CKD/SKD-MOTOR CARS,,,25873,146031,,3.09,0.67,Import,2021,Qtr 4,December,1
169,TRANSPORT GROUP," ROAD MOTOR VEH  (BUILD UNIT,CKD/SKD)",CKD/SKD-MOTOR CYCLES,,,1492,8419,,45.53,42.09,Import,2021,Qtr 4,December,1
170,TRANSPORT GROUP," ROAD MOTOR VEH  (BUILD UNIT,CKD/SKD)",PARTS & ACCESSORIES,,,9263,52282,,-21.51,-23.35,Import,2021,Qtr 4,December,1
171,TRANSPORT GROUP," ROAD MOTOR VEH  (BUILD UNIT,CKD/SKD)",OTHERS,,,1861,10502,,-21.66,-23.5,Import,2021,Qtr 4,December,1
172,TRANSPORT GROUP,,"AIRCRAFTS, SHIPS AND BOATS",,,13127,74090,,28.11,25.1,Import,2021,Qtr 4,December,1
173,TRANSPORT GROUP,,OTHERS TRANSPORT EQUIPMENTS,,,378,2132,,19.18,16.31,Import,2021,Qtr 4,December,1
175,PETROLEUM GROUP,, PETROLEUM PRODUCTS,MT,1562334,159573,900646,-24.57,-26.87,-28.59,Import,2021,Qtr 4,December,1
176,PETROLEUM GROUP,, PETROLEUM CRUDE,MT,667639,62773,354299,-13.82,-16.81,-18.76,Import,2021,Qtr 4,December,1
177,PETROLEUM GROUP,,"NATURAL GAS, LIQUIFIED",,,85128,480473,,17.63,14.87,Import,2021,Qtr 4,December,1
178,PETROLEUM GROUP,," PETROLEUM GAS, LIQUIFIED",,,11778,66474,,1.65,-0.73,Import,2021,Qtr 4,December,1
179,PETROLEUM GROUP,, OTHERS,,,6,34,,-14.29,-12.82,Import,2021,Qtr 4,December,1
181,TEXTILE GROUP,, RAW COTTON,MT,63672,26698,150683,-18.54,-13.39,-15.42,Import,2021,Qtr 4,December,1
182,TEXTILE GROUP,, SYNTHETIC FIBRE,MT,20660,7698,43450,-22.08,-14.87,-16.87,Import,2021,Qtr 4,December,1
183,TEXTILE GROUP,, SYNTHETIC & ARTIFICIAL SILK YARN,MT,34346,14790,83477,5.9,25.83,22.88,Import,2021,Qtr 4,December,1
184,TEXTILE GROUP,, WORN CLOTHING,MT,76497,5628,31762,-10.7,-11.86,-13.93,Import,2021,Qtr 4,December,1
185,TEXTILE GROUP,, OTHR TEXTILE ITEMS,,,14625,82546,,-9.58,-11.69,Import,2021,Qtr 4,December,1
187,"AGRICULTURAL & OTHER
 CHEMICALS GROUP",, FERTILIZER MANUFACTURED,MT,29491,2619,14785,-46.89,-38.26,-39.71,Import,2021,Qtr 4,December,1
188,"AGRICULTURAL & OTHER
 CHEMICALS GROUP",, INSECTICIDES,MT,2573,2413,13620,-32.42,-40.88,-42.26,Import,2021,Qtr 4,December,1
189,"AGRICULTURAL & OTHER
 CHEMICALS GROUP",, PLASTIC MATERIALS,MT,156557,46668,263400,-13.75,-9.38,-11.51,Import,2021,Qtr 4,December,1
190,"AGRICULTURAL & OTHER
 CHEMICALS GROUP",, MEDICINAL PRODUCTS,MT,7281,172866,975673,81.75,45.03,41.63,Import,2021,Qtr 4,December,1
191,"AGRICULTURAL & OTHER
 CHEMICALS GROUP",, OTHERS,,,98686,556993,,8.14,5.61,Import,2021,Qtr 4,December,1
193,METAL GROUP,, GOLD,KG,20,207,1166,-63.64,-62.77,-63.66,Import,2021,Qtr 4,December,1
194,METAL GROUP,, IRON AND STEEL SCRAP,MT,411229,44627,251880,-11.45,-6.25,-8.45,Import,2021,Qtr 4,December,1
195,METAL GROUP,, IRON AND STEEL,MT,282738,49500,279382,-21.67,3.15,0.73,Import,2021,Qtr 4,December,1
196,METAL GROUP,, ALUMINIUM WROUGHT & WORKED,,,3069,17323,,7.88,5.36,Import,2021,Qtr 4,December,1
197,METAL GROUP,, ALL OTHER METALS & ARTICALS,,,14454,81580,,-8.53,-10.67,Import,2021,Qtr 4,December,1
199,MISCELLANEOUS GROUP,, RUBBER CRUDE INCL  SYNTH/RECLAIMED,MT,36111,4619,26072,-11.46,-12.06,-14.13,Import,2021,Qtr 4,December,1
200,MISCELLANEOUS GROUP,, RUBBER TYRES & TUBES,NO,584442,5024,28354,0.33,22.32,19.44,Import,2021,Qtr 4,December,1
201,MISCELLANEOUS GROUP,, WOOD & CORK,,,2178,12293,,0.37,-1.97,Import,2021,Qtr 4,December,1
202,MISCELLANEOUS GROUP,, JUTE,MT,12295,2116,11943,59.28,67.14,63.22,Import,2021,Qtr 4,December,1
203,MISCELLANEOUS GROUP,, PAPER & PAPER BOARD & MANUF THEREOF,MT,37876,7357,41523,-10.94,-5.58,-7.79,Import,2021,Qtr 4,December,1
204,MISCELLANEOUS GROUP,,ALL OTHERS ITEMS,,,103147,582175,,8.19,5.66,Import,2021,Qtr 4,December,1
207,FOOD GROUP,," MILK,CREAM & MILK FOOD FOR INFANTS",MT,6195,2817,17702,24.4,10.25,10.96,Import,2021,Qtr 1,February,1
208,FOOD GROUP,, WHEAT UNMILLED,MT,418699,19304,121309,-0.71,-9.68,-9.1,Import,2021,Qtr 1,February,1
209,FOOD GROUP,, DRY FRUITS & NUTS,MT,3350,809,5084,-53.47,-52.88,-52.58,Import,2021,Qtr 1,February,1
210,FOOD GROUP,, TEA,MT,19108,6870,43172,-14.71,-14.61,-14.06,Import,2021,Qtr 1,February,1
211,FOOD GROUP,, SPICES,MT,15000,2969,18658,-25.16,-18.61,-18.09,Import,2021,Qtr 1,February,1
212,FOOD GROUP,, SOYABEAN OIL,MT,0,0,0,-100,-100,-100,Import,2021,Qtr 1,February,1
213,FOOD GROUP,, PALM OIL,MT,235764,34619,217550,-21.86,-15.55,-15.01,Import,2021,Qtr 1,February,1
214,FOOD GROUP,, SUGAR,MT,251,36,226,2.45,33.33,33.73,Import,2021,Qtr 1,February,1
215,FOOD GROUP,, PULSES (LEGUMINOUS VEGETABLES),MT,79210,7582,47646,9.59,11.27,11.98,Import,2021,Qtr 1,February,1
216,FOOD GROUP,, ALL OTHERS FOOD ITEMS,,,37154,233480,,14.21,14.94,Import,2021,Qtr 1,February,1
218,MACHINERY GROUP,, POWER GENERATING MACHINERY,,,31569,198383,,3.06,3.72,Import,2021,Qtr 1,February,1
219,MACHINERY GROUP,, OFFICE MACHINE INCL DATA PROC EQUIP;,,,5957,37434,,10.87,11.58,Import,2021,Qtr 1,February,1
220,MACHINERY GROUP,, TEXTILE MACHINERY,,,6252,39288,,-24.19,-23.7,Import,2021,Qtr 1,February,1
221,MACHINERY GROUP,, CONSTRUCTION & MINING MACHINERY,,,2118,13310,,28.05,28.87,Import,2021,Qtr 1,February,1
222,MACHINERY GROUP,, ELECTRICAL MACHINERY & APPARATUS,,,23366,146835,,-3.53,-2.91,Import,2021,Qtr 1,February,1
224,MACHINERY GROUP, TELE COM, MOBILE PHONE,,,27979,175823,,-11.25,-10.68,Import,2021,Qtr 1,February,1
225,MACHINERY GROUP, TELE COM, OTHER APPARATUS,,,9772,61408,,101.86,103.16,Import,2021,Qtr 1,February,1
226,MACHINERY GROUP,, AGRICULTURAL MACHINERY & IMPLEMENTS,,,1255,7887,,-5,-4.38,Import,2021,Qtr 1,February,1
227,MACHINERY GROUP,, OTHER MACHINERY,,,39089,245640,,-0.93,-0.29,Import,2021,Qtr 1,February,1
231,TRANSPORT GROUP," ROAD MOTOR VEH  (BUILD UNIT,CKD/SKD)","CBU-BUSES,TRUCKS & OTH  HEAVY VEHICLES",,,955,6001,,-49.84,-49.52,Import,2021,Qtr 1,February,1
232,TRANSPORT GROUP," ROAD MOTOR VEH  (BUILD UNIT,CKD/SKD)",CBU-MOTOR CARS,,,3720,23377,,9.15,9.85,Import,2021,Qtr 1,February,1
233,TRANSPORT GROUP," ROAD MOTOR VEH  (BUILD UNIT,CKD/SKD)",CBU-MOTOR CYCLES,,,51,320,,-20.31,-20,Import,2021,Qtr 1,February,1
235,TRANSPORT GROUP," ROAD MOTOR VEH  (BUILD UNIT,CKD/SKD)","CKD/SKD-BUSES,TRUCKS & OTH  HEAVY VEHICLES",,,5703,35838,,14.91,15.65,Import,2021,Qtr 1,February,1
236,TRANSPORT GROUP," ROAD MOTOR VEH  (BUILD UNIT,CKD/SKD)",CKD/SKD-MOTOR CARS,,,17344,108992,,10.55,11.26,Import,2021,Qtr 1,February,1
237,TRANSPORT GROUP," ROAD MOTOR VEH  (BUILD UNIT,CKD/SKD)",CKD/SKD-MOTOR CYCLES,,,1271,7987,,28.38,29.2,Import,2021,Qtr 1,February,1
238,TRANSPORT GROUP," ROAD MOTOR VEH  (BUILD UNIT,CKD/SKD)",PARTS & ACCESSORIES,,,6325,39747,,4.51,5.18,Import,2021,Qtr 1,February,1
239,TRANSPORT GROUP," ROAD MOTOR VEH  (BUILD UNIT,CKD/SKD)",OTHERS,,,2527,15880,,241.95,244.17,Import,2021,Qtr 1,February,1
240,TRANSPORT GROUP,,"AIRCRAFTS, SHIPS AND BOATS",,,7977,50128,,-19.59,-19.08,Import,2021,Qtr 1,February,1
241,TRANSPORT GROUP,,OTHERS TRANSPORT EQUIPMENTS,,,16,101,,-95.78,-95.73,Import,2021,Qtr 1,February,1
243,PETROLEUM GROUP,, PETROLEUM PRODUCTS,MT,869356,53679,337325,-22.49,-12.03,-11.46,Import,2021,Qtr 1,February,1
244,PETROLEUM GROUP,, PETROLEUM CRUDE,MT,533169,33659,211517,-14.91,-4.23,-3.62,Import,2021,Qtr 1,February,1
245,PETROLEUM GROUP,,"NATURAL GAS, LIQUIFIED",,,35733,224550,,0,0.64,Import,2021,Qtr 1,February,1
246,PETROLEUM GROUP,," PETROLEUM GAS, LIQUIFIED",,,5002,31433,,-31.68,-31.24,Import,2021,Qtr 1,February,1
247,PETROLEUM GROUP,, OTHERS,,,4,25,,300,316.67,Import,2021,Qtr 1,February,1
249,TEXTILE GROUP,, RAW COTTON,MT,92197,24683,155111,-14.26,-15.81,-15.27,Import,2021,Qtr 1,February,1
250,TEXTILE GROUP,, SYNTHETIC FIBRE,MT,34351,8519,53534,15.1,28.11,28.93,Import,2021,Qtr 1,February,1
251,TEXTILE GROUP,, SYNTHETIC & ARTIFICIAL SILK YARN,MT,32047,8377,52642,-15.77,-14.6,-14.05,Import,2021,Qtr 1,February,1
252,TEXTILE GROUP,, WORN CLOTHING,MT,59677,3956,24860,-15.4,-15.33,-14.78,Import,2021,Qtr 1,February,1
253,TEXTILE GROUP,, OTHR TEXTILE ITEMS,,,9450,59385,,-20.31,-19.79,Import,2021,Qtr 1,February,1
255,"AGRICULTURAL & OTHER
 CHEMICALS GROUP",, FERTILIZER MANUFACTURED,MT,14658,899,5649,-83.76,-83.75,-83.65,Import,2021,Qtr 1,February,1
256,"AGRICULTURAL & OTHER
 CHEMICALS GROUP",, INSECTICIDES,MT,2835,1795,11280,23.1,48.22,49.19,Import,2021,Qtr 1,February,1
257,"AGRICULTURAL & OTHER
 CHEMICALS GROUP",, PLASTIC MATERIALS,MT,138091,31810,199898,-17.85,-10.83,-10.26,Import,2021,Qtr 1,February,1
258,"AGRICULTURAL & OTHER
 CHEMICALS GROUP",, MEDICINAL PRODUCTS,MT,2254,16692,104894,34.17,37.73,38.62,Import,2021,Qtr 1,February,1
259,"AGRICULTURAL & OTHER
 CHEMICALS GROUP",, OTHERS,,,62422,392267,,15.9,16.64,Import,2021,Qtr 1,February,1
261,METAL GROUP,, GOLD,KG,10,92,578,100,64.29,65.14,Import,2021,Qtr 1,February,1
262,METAL GROUP,, IRON AND STEEL SCRAP,MT,377750,23709,148990,-13.25,-8.21,-7.62,Import,2021,Qtr 1,February,1
263,METAL GROUP,, IRON AND STEEL,MT,220787,23312,146495,-21.92,-18.27,-17.74,Import,2021,Qtr 1,February,1
264,METAL GROUP,, ALUMINIUM WROUGHT & WORKED,,,2070,13008,,-17.37,-16.83,Import,2021,Qtr 1,February,1
265,METAL GROUP,, ALL OTHER METALS & ARTICALS,,,13129,82504,,1.89,2.55,Import,2021,Qtr 1,February,1
267,MISCELLANEOUS GROUP,, RUBBER CRUDE INCL  SYNTH/RECLAIMED,MT,14872,3638,22862,2.09,2.86,3.52,Import,2021,Qtr 1,February,1
268,MISCELLANEOUS GROUP,, RUBBER TYRES & TUBES,NO,472811,3901,24514,-29.88,-18.1,-17.57,Import,2021,Qtr 1,February,1
269,MISCELLANEOUS GROUP,, WOOD & CORK,,,1398,8785,,-2.58,-1.95,Import,2021,Qtr 1,February,1
270,MISCELLANEOUS GROUP,, JUTE,MT,6231,859,5398,21.46,27.07,27.88,Import,2021,Qtr 1,February,1
271,MISCELLANEOUS GROUP,, PAPER & PAPER BOARD & MANUF THEREOF,MT,44566,6147,38628,-7.48,-5.34,-4.74,Import,2021,Qtr 1,February,1
272,MISCELLANEOUS GROUP,,ALL OTHERS ITEMS,,,55268,347315,,-16.55,-16.01,Import,2021,Qtr 1,February,1
275,FOOD GROUP,," MILK,CREAM & MILK FOOD FOR INFANTS",MT,4980,2555,15953,-20.36,-30.8,-30.83,Import,2021,Qtr 1,January,1
276,FOOD GROUP,, WHEAT UNMILLED,MT,421712,21372,133447,-53.25,-47.36,-47.38,Import,2021,Qtr 1,January,1
277,FOOD GROUP,, DRY FRUITS & NUTS,MT,7200,1717,10721,-23.34,-18.16,-18.22,Import,2021,Qtr 1,January,1
278,FOOD GROUP,, TEA,MT,22404,8045,50233,-3.46,-3.86,-3.91,Import,2021,Qtr 1,January,1
279,FOOD GROUP,, SPICES,MT,20042,3648,22778,16.3,15.77,15.74,Import,2021,Qtr 1,January,1
280,FOOD GROUP,, SOYABEAN OIL,MT,10,2,12,150,100,200,Import,2021,Qtr 1,January,1
281,FOOD GROUP,, PALM OIL,MT,301710,40994,255967,1.81,8.58,8.53,Import,2021,Qtr 1,January,1
282,FOOD GROUP,, SUGAR,MT,245,27,169,-99.01,-98.57,-98.56,Import,2021,Qtr 1,January,1
283,FOOD GROUP,, PULSES (LEGUMINOUS VEGETABLES),MT,72276,6814,42547,-33.24,-31.77,-31.8,Import,2021,Qtr 1,January,1
284,FOOD GROUP,, ALL OTHERS FOOD ITEMS,,,32531,203124,,-5.13,-5.18,Import,2021,Qtr 1,January,1
286,MACHINERY GROUP,, POWER GENERATING MACHINERY,,,30633,191273,,25.4,25.34,Import,2021,Qtr 1,January,1
287,MACHINERY GROUP,, OFFICE MACHINE INCL DATA PROC EQUIP;,,,5373,33549,,-29.23,-29.26,Import,2021,Qtr 1,January,1
288,MACHINERY GROUP,, TEXTILE MACHINERY,,,8247,51494,,6.99,6.94,Import,2021,Qtr 1,January,1
289,MACHINERY GROUP,, CONSTRUCTION & MINING MACHINERY,,,1654,10328,,49.41,49.36,Import,2021,Qtr 1,January,1
290,MACHINERY GROUP,, ELECTRICAL MACHINERY & APPARATUS,,,24222,151242,,20,19.95,Import,2021,Qtr 1,January,1
292,MACHINERY GROUP, TELE COM, MOBILE PHONE,,,31527,196855,,-8.29,-8.33,Import,2021,Qtr 1,January,1
293,MACHINERY GROUP, TELE COM, OTHER APPARATUS,,,4841,30227,,-31.47,-31.5,Import,2021,Qtr 1,January,1
294,MACHINERY GROUP,, AGRICULTURAL MACHINERY & IMPLEMENTS,,,1321,8248,,-1.56,-1.61,Import,2021,Qtr 1,January,1
295,MACHINERY GROUP,, OTHER MACHINERY,,,39454,246351,,12.44,12.38,Import,2021,Qtr 1,January,1
299,TRANSPORT GROUP," ROAD MOTOR VEH  (BUILD UNIT,CKD/SKD)","CBU-BUSES,TRUCKS & OTH  HEAVY VEHICLES",,,1904,11889,,18.7,18.68,Import,2021,Qtr 1,January,1
300,TRANSPORT GROUP," ROAD MOTOR VEH  (BUILD UNIT,CKD/SKD)",CBU-MOTOR CARS,,,3408,21280,,20.21,20.18,Import,2021,Qtr 1,January,1
301,TRANSPORT GROUP," ROAD MOTOR VEH  (BUILD UNIT,CKD/SKD)",CBU-MOTOR CYCLES,,,64,400,,64.1,65.98,Import,2021,Qtr 1,January,1
303,TRANSPORT GROUP," ROAD MOTOR VEH  (BUILD UNIT,CKD/SKD)","CKD/SKD-BUSES,TRUCKS & OTH  HEAVY VEHICLES",,,4963,30989,,-16.62,-16.66,Import,2021,Qtr 1,January,1
304,TRANSPORT GROUP," ROAD MOTOR VEH  (BUILD UNIT,CKD/SKD)",CKD/SKD-MOTOR CARS,,,15689,97962,,-6.06,-6.1,Import,2021,Qtr 1,January,1
305,TRANSPORT GROUP," ROAD MOTOR VEH  (BUILD UNIT,CKD/SKD)",CKD/SKD-MOTOR CYCLES,,,990,6182,,-27.53,-27.56,Import,2021,Qtr 1,January,1
306,TRANSPORT GROUP," ROAD MOTOR VEH  (BUILD UNIT,CKD/SKD)",PARTS & ACCESSORIES,,,6052,37789,,-7.98,-8.02,Import,2021,Qtr 1,January,1
307,TRANSPORT GROUP," ROAD MOTOR VEH  (BUILD UNIT,CKD/SKD)",OTHERS,,,739,4614,,-28.67,-28.73,Import,2021,Qtr 1,January,1
308,TRANSPORT GROUP,,"AIRCRAFTS, SHIPS AND BOATS",,,9921,61947,,5.85,5.8,Import,2021,Qtr 1,January,1
309,TRANSPORT GROUP,,OTHERS TRANSPORT EQUIPMENTS,,,379,2366,,2607.14,2528.89,Import,2021,Qtr 1,January,1
311,PETROLEUM GROUP,, PETROLEUM PRODUCTS,MT,1121652,61019,381003,2.77,8,7.95,Import,2021,Qtr 1,January,1
312,PETROLEUM GROUP,, PETROLEUM CRUDE,MT,626586,35146,219452,-18.47,-7.64,-7.68,Import,2021,Qtr 1,January,1
313,PETROLEUM GROUP,,"NATURAL GAS, LIQUIFIED",,,35733,223117,,23.14,23.08,Import,2021,Qtr 1,January,1
314,PETROLEUM GROUP,," PETROLEUM GAS, LIQUIFIED",,,7321,45712,,-13.58,-13.62,Import,2021,Qtr 1,January,1
315,PETROLEUM GROUP,, OTHERS,,,1,6,,-50,-60,Import,2021,Qtr 1,January,1
317,TEXTILE GROUP,, RAW COTTON,MT,107537,29318,183062,16.32,18.07,18.02,Import,2021,Qtr 1,January,1
318,TEXTILE GROUP,, SYNTHETIC FIBRE,MT,29845,6650,41523,-17.53,-12.66,-12.7,Import,2021,Qtr 1,January,1
319,TEXTILE GROUP,, SYNTHETIC & ARTIFICIAL SILK YARN,MT,38045,9809,61247,-6.86,-5.84,-5.88,Import,2021,Qtr 1,January,1
320,TEXTILE GROUP,, WORN CLOTHING,MT,70537,4672,29172,-15.22,-15.83,-15.87,Import,2021,Qtr 1,January,1
321,TEXTILE GROUP,, OTHR TEXTILE ITEMS,,,11858,74041,,-20.5,-20.53,Import,2021,Qtr 1,January,1
323,"AGRICULTURAL & OTHER
 CHEMICALS GROUP",, FERTILIZER MANUFACTURED,MT,90251,5532,34542,-39.41,-38.47,-38.5,Import,2021,Qtr 1,January,1
324,"AGRICULTURAL & OTHER
 CHEMICALS GROUP",, INSECTICIDES,MT,2303,1211,7561,-38.8,-44.55,-44.58,Import,2021,Qtr 1,January,1
325,"AGRICULTURAL & OTHER
 CHEMICALS GROUP",, PLASTIC MATERIALS,MT,168104,35675,222755,-0.61,0.74,0.69,Import,2021,Qtr 1,January,1
326,"AGRICULTURAL & OTHER
 CHEMICALS GROUP",, MEDICINAL PRODUCTS,MT,1680,12119,75671,-25.5,-24.19,-24.23,Import,2021,Qtr 1,January,1
327,"AGRICULTURAL & OTHER
 CHEMICALS GROUP",, OTHERS,,,53859,336296,,-17.63,-17.66,Import,2021,Qtr 1,January,1
329,METAL GROUP,, GOLD,KG,5,56,350,-37.5,-29.11,-28.72,Import,2021,Qtr 1,January,1
330,METAL GROUP,, IRON AND STEEL SCRAP,MT,435458,25829,161276,-8.11,-3.66,-3.71,Import,2021,Qtr 1,January,1
331,METAL GROUP,, IRON AND STEEL,MT,282785,28522,178092,37.13,32.29,32.23,Import,2021,Qtr 1,January,1
332,METAL GROUP,, ALUMINIUM WROUGHT & WORKED,,,2505,15641,,0.89,0.82,Import,2021,Qtr 1,January,1
333,METAL GROUP,, ALL OTHER METALS & ARTICALS,,,12885,80454,,3.26,3.22,Import,2021,Qtr 1,January,1
335,MISCELLANEOUS GROUP,, RUBBER CRUDE INCL  SYNTH/RECLAIMED,MT,14568,3537,22085,-11.27,-8.86,-8.91,Import,2021,Qtr 1,January,1
336,MISCELLANEOUS GROUP,, RUBBER TYRES & TUBES,NO,674303,4763,29740,-16.98,-15.04,-15.07,Import,2021,Qtr 1,January,1
337,MISCELLANEOUS GROUP,, WOOD & CORK,,,1435,8960,,-24.67,-24.7,Import,2021,Qtr 1,January,1
338,MISCELLANEOUS GROUP,, JUTE,MT,5130,676,4221,-41.14,-43.24,-43.27,Import,2021,Qtr 1,January,1
339,MISCELLANEOUS GROUP,, PAPER & PAPER BOARD & MANUF THEREOF,MT,48167,6494,40549,-8.86,-10.69,-10.73,Import,2021,Qtr 1,January,1
340,MISCELLANEOUS GROUP,,ALL OTHERS ITEMS,,,66228,413529,,1.24,1.19,Import,2021,Qtr 1,January,1
343,FOOD GROUP,," MILK,CREAM & MILK FOOD FOR INFANTS",MT,3251,1686,10564,-36.97,-31.8,-33.27,Import,2021,Qtr 3,July,1
344,FOOD GROUP,, WHEAT UNMILLED,MT,0,0,0,0,0,0,Import,2021,Qtr 3,July,1
345,FOOD GROUP,, DRY FRUITS & NUTS,MT,3008,282,1767,-0.43,-15.32,-17.12,Import,2021,Qtr 3,July,1
346,FOOD GROUP,, TEA,MT,18625,6564,41127,-4.73,-3.46,-5.53,Import,2021,Qtr 3,July,1
347,FOOD GROUP,, SPICES,MT,15761,4143,25958,16.96,39.17,36.16,Import,2021,Qtr 3,July,1
348,FOOD GROUP,, SOYABEAN OIL,MT,10110,1930,12093,-53.65,-48.33,-49.44,Import,2021,Qtr 3,July,1
349,FOOD GROUP,, PALM OIL,MT,221958,40542,254020,-7.72,-4.31,-6.37,Import,2021,Qtr 3,July,1
350,FOOD GROUP,, SUGAR,MT,33620,2923,18314,6518.11,4136.23,4043.44,Import,2021,Qtr 3,July,1
351,FOOD GROUP,, PULSES (LEGUMINOUS VEGETABLES),MT,128167,14300,89598,-7.7,6.17,3.88,Import,2021,Qtr 3,July,1
352,FOOD GROUP,, ALL OTHERS FOOD ITEMS,,,30898,193595,,-41,-42.27,Import,2021,Qtr 3,July,1
354,MACHINERY GROUP,, POWER GENERATING MACHINERY,,,26308,164835,,-48.21,-49.33,Import,2021,Qtr 3,July,1
355,MACHINERY GROUP,, OFFICE MACHINE INCL DATA PROC EQUIP;,,,6679,41848,,-3.83,-5.91,Import,2021,Qtr 3,July,1
356,MACHINERY GROUP,, TEXTILE MACHINERY,,,10318,64648,,-34.73,-36.13,Import,2021,Qtr 3,July,1
357,MACHINERY GROUP,, CONSTRUCTION & MINING MACHINERY,,,1727,10821,,-31.55,-33.03,Import,2021,Qtr 3,July,1
358,MACHINERY GROUP,, ELECTRICAL MACHINERY & APPARATUS,,,29205,182987,,-8.77,-10.74,Import,2021,Qtr 3,July,1
360,MACHINERY GROUP, TELE COM, MOBILE PHONE,,,19030,119234,,-40.46,-41.75,Import,2021,Qtr 3,July,1
361,MACHINERY GROUP, TELE COM, OTHER APPARATUS,,,6265,39254,,-22.22,-23.89,Import,2021,Qtr 3,July,1
362,MACHINERY GROUP,, AGRICULTURAL MACHINERY & IMPLEMENTS,,,1569,9831,,-14.64,-16.47,Import,2021,Qtr 3,July,1
363,MACHINERY GROUP,, OTHER MACHINERY,,,39633,248325,,-21.16,-22.85,Import,2021,Qtr 3,July,1
367,TRANSPORT GROUP," ROAD MOTOR VEH  (BUILD UNIT,CKD/SKD)","CBU-BUSES,TRUCKS & OTH  HEAVY VEHICLES",,,2557,16021,,-8.25,-10.22,Import,2021,Qtr 3,July,1
368,TRANSPORT GROUP," ROAD MOTOR VEH  (BUILD UNIT,CKD/SKD)",CBU-MOTOR CARS,,,5272,33032,,9.42,7.07,Import,2021,Qtr 3,July,1
369,TRANSPORT GROUP," ROAD MOTOR VEH  (BUILD UNIT,CKD/SKD)",CBU-MOTOR CYCLES,,,67,420,,9.84,7.42,Import,2021,Qtr 3,July,1
371,TRANSPORT GROUP," ROAD MOTOR VEH  (BUILD UNIT,CKD/SKD)","CKD/SKD-BUSES,TRUCKS & OTH  HEAVY VEHICLES",,,7372,46190,,-8.46,-10.42,Import,2021,Qtr 3,July,1
372,TRANSPORT GROUP," ROAD MOTOR VEH  (BUILD UNIT,CKD/SKD)",CKD/SKD-MOTOR CARS,,,17190,107706,,-9.68,-11.62,Import,2021,Qtr 3,July,1
373,TRANSPORT GROUP," ROAD MOTOR VEH  (BUILD UNIT,CKD/SKD)",CKD/SKD-MOTOR CYCLES,,,990,6203,,-22.11,-23.79,Import,2021,Qtr 3,July,1
374,TRANSPORT GROUP," ROAD MOTOR VEH  (BUILD UNIT,CKD/SKD)",PARTS & ACCESSORIES,,,6123,38364,,1.54,-0.65,Import,2021,Qtr 3,July,1
375,TRANSPORT GROUP," ROAD MOTOR VEH  (BUILD UNIT,CKD/SKD)",OTHERS,,,1759,11021,,30.01,27.23,Import,2021,Qtr 3,July,1
376,TRANSPORT GROUP,,"AIRCRAFTS, SHIPS AND BOATS",,,10985,68828,,-11.05,-12.96,Import,2021,Qtr 3,July,1
377,TRANSPORT GROUP,,OTHERS TRANSPORT EQUIPMENTS,,,146,915,,-84.23,-84.57,Import,2021,Qtr 3,July,1
379,PETROLEUM GROUP,, PETROLEUM PRODUCTS,MT,1297724,103337,647469,-14.36,-9.18,-11.14,Import,2021,Qtr 3,July,1
380,PETROLEUM GROUP,, PETROLEUM CRUDE,MT,742978,60077,376419,-9.04,0.53,-1.64,Import,2021,Qtr 3,July,1
381,PETROLEUM GROUP,,"NATURAL GAS, LIQUIFIED",,,43359,271670,,-11.66,-13.56,Import,2021,Qtr 3,July,1
382,PETROLEUM GROUP,," PETROLEUM GAS, LIQUIFIED",,,5544,34737,,-29.01,-30.55,Import,2021,Qtr 3,July,1
383,PETROLEUM GROUP,, OTHERS,,,0,0,,-100,-100,Import,2021,Qtr 3,July,1
385,TEXTILE GROUP,, RAW COTTON,MT,49170,15666,98157,-40,-38.17,-39.5,Import,2021,Qtr 3,July,1
386,TEXTILE GROUP,, SYNTHETIC FIBRE,MT,53352,14737,92336,91.08,76.49,72.7,Import,2021,Qtr 3,July,1
387,TEXTILE GROUP,, SYNTHETIC & ARTIFICIAL SILK YARN,MT,45726,13811,86534,206.23,164.33,158.61,Import,2021,Qtr 3,July,1
388,TEXTILE GROUP,, WORN CLOTHING,MT,90390,6153,38552,-2.99,1.94,-0.25,Import,2021,Qtr 3,July,1
389,TEXTILE GROUP,, OTHR TEXTILE ITEMS,,,13495,84554,,33.13,30.26,Import,2021,Qtr 3,July,1
391,"AGRICULTURAL & OTHER
 CHEMICALS GROUP",, FERTILIZER MANUFACTURED,MT,152559,13871,86910,-51.73,-50.04,-51.12,Import,2021,Qtr 3,July,1
392,"AGRICULTURAL & OTHER
 CHEMICALS GROUP",, INSECTICIDES,MT,2015,1972,12356,-34.43,-32.44,-33.89,Import,2021,Qtr 3,July,1
393,"AGRICULTURAL & OTHER
 CHEMICALS GROUP",, PLASTIC MATERIALS,MT,152087,37685,236119,19.32,11.31,8.91,Import,2021,Qtr 3,July,1
394,"AGRICULTURAL & OTHER
 CHEMICALS GROUP",, MEDICINAL PRODUCTS,MT,4023,37367,234127,156.08,-1.95,-4.06,Import,2021,Qtr 3,July,1
395,"AGRICULTURAL & OTHER
 CHEMICALS GROUP",, OTHERS,,,67091,420366,,-5.56,-7.59,Import,2021,Qtr 3,July,1
397,METAL GROUP,, GOLD,KG,13,121,758,62.5,65.75,63.36,Import,2021,Qtr 3,July,1
398,METAL GROUP,, IRON AND STEEL SCRAP,MT,246169,21302,133470,-15.28,-7.68,-9.67,Import,2021,Qtr 3,July,1
399,METAL GROUP,, IRON AND STEEL,MT,255690,37488,234885,17.55,64.41,60.87,Import,2021,Qtr 3,July,1
400,METAL GROUP,, ALUMINIUM WROUGHT & WORKED,,,2782,17431,,-8.31,-10.27,Import,2021,Qtr 3,July,1
401,METAL GROUP,, ALL OTHER METALS & ARTICALS,,,17674,110738,,27.83,25.08,Import,2021,Qtr 3,July,1
403,MISCELLANEOUS GROUP,, RUBBER CRUDE INCL  SYNTH/RECLAIMED,MT,21392,2673,16748,-11.47,31.8,28.95,Import,2021,Qtr 3,July,1
404,MISCELLANEOUS GROUP,, RUBBER TYRES & TUBES,NO,500279,3385,21209,-35.76,-36.2,-37.58,Import,2021,Qtr 3,July,1
405,MISCELLANEOUS GROUP,, WOOD & CORK,,,1519,9517,,-29.97,-31.47,Import,2021,Qtr 3,July,1
406,MISCELLANEOUS GROUP,, JUTE,MT,1155,221,1385,-21.91,-24.05,-25.62,Import,2021,Qtr 3,July,1
407,MISCELLANEOUS GROUP,, PAPER & PAPER BOARD & MANUF THEREOF,MT,41614,6398,40087,1.08,-4.01,-6.08,Import,2021,Qtr 3,July,1
408,MISCELLANEOUS GROUP,,ALL OTHERS ITEMS,,,69769,437145,,-3.02,-5.11,Import,2021,Qtr 3,July,1
411,FOOD GROUP,," MILK,CREAM & MILK FOOD FOR INFANTS",MT,5170,2472,15830,-9.95,-2.29,-4.1,Import,2021,Qtr 2,June,1
412,FOOD GROUP,, WHEAT UNMILLED,MT,0,0,0,0,0,0,Import,2021,Qtr 2,June,1
413,FOOD GROUP,, DRY FRUITS & NUTS,MT,3481,333,2132,-14.95,-13.05,-14.72,Import,2021,Qtr 2,June,1
414,FOOD GROUP,, TEA,MT,19535,6798,43531,-7.86,-9.55,-11.22,Import,2021,Qtr 2,June,1
415,FOOD GROUP,, SPICES,MT,10488,2977,19063,-28.42,-17.99,-19.5,Import,2021,Qtr 2,June,1
416,FOOD GROUP,, SOYABEAN OIL,MT,21811,3735,23917,149.27,164.71,159.83,Import,2021,Qtr 2,June,1
417,FOOD GROUP,, PALM OIL,MT,240537,42366,271292,0.83,8.33,6.34,Import,2021,Qtr 2,June,1
418,FOOD GROUP,, SUGAR,MT,509,69,442,14.9,56.82,54.55,Import,2021,Qtr 2,June,1
419,FOOD GROUP,, PULSES (LEGUMINOUS VEGETABLES),MT,138878,13469,86249,7.18,10.49,8.46,Import,2021,Qtr 2,June,1
420,FOOD GROUP,, ALL OTHERS FOOD ITEMS,,,52368,335340,,58.97,56.04,Import,2021,Qtr 2,June,1
422,MACHINERY GROUP,, POWER GENERATING MACHINERY,,,50794,325261,,122.34,118.25,Import,2021,Qtr 2,June,1
423,MACHINERY GROUP,, OFFICE MACHINE INCL DATA PROC EQUIP;,,,6943,44460,,12.16,10.1,Import,2021,Qtr 2,June,1
424,MACHINERY GROUP,, TEXTILE MACHINERY,,,15822,101317,,81.38,78.05,Import,2021,Qtr 2,June,1
425,MACHINERY GROUP,, CONSTRUCTION & MINING MACHINERY,,,2528,16188,,48.71,45.97,Import,2021,Qtr 2,June,1
426,MACHINERY GROUP,, ELECTRICAL MACHINERY & APPARATUS,,,34669,222004,,18.59,16.41,Import,2021,Qtr 2,June,1
428,MACHINERY GROUP, TELE COM, MOBILE PHONE,,,31963,204676,,18.81,16.62,Import,2021,Qtr 2,June,1
429,MACHINERY GROUP, TELE COM, OTHER APPARATUS,,,8006,51267,,15.81,13.68,Import,2021,Qtr 2,June,1
430,MACHINERY GROUP,, AGRICULTURAL MACHINERY & IMPLEMENTS,,,1821,11661,,34,31.52,Import,2021,Qtr 2,June,1
431,MACHINERY GROUP,, OTHER MACHINERY,,,47390,303463,,19.07,16.88,Import,2021,Qtr 2,June,1
435,TRANSPORT GROUP," ROAD MOTOR VEH  (BUILD UNIT,CKD/SKD)","CBU-BUSES,TRUCKS & OTH  HEAVY VEHICLES",,,2617,16758,,48.19,45.49,Import,2021,Qtr 2,June,1
436,TRANSPORT GROUP," ROAD MOTOR VEH  (BUILD UNIT,CKD/SKD)",CBU-MOTOR CARS,,,4813,30820,,0.88,-0.98,Import,2021,Qtr 2,June,1
437,TRANSPORT GROUP," ROAD MOTOR VEH  (BUILD UNIT,CKD/SKD)",CBU-MOTOR CYCLES,,,62,397,,3.33,1.79,Import,2021,Qtr 2,June,1
439,TRANSPORT GROUP," ROAD MOTOR VEH  (BUILD UNIT,CKD/SKD)","CKD/SKD-BUSES,TRUCKS & OTH  HEAVY VEHICLES",,,8234,52727,,29.42,27.04,Import,2021,Qtr 2,June,1
440,TRANSPORT GROUP," ROAD MOTOR VEH  (BUILD UNIT,CKD/SKD)",CKD/SKD-MOTOR CARS,,,19144,122589,,18.71,16.52,Import,2021,Qtr 2,June,1
441,TRANSPORT GROUP," ROAD MOTOR VEH  (BUILD UNIT,CKD/SKD)",CKD/SKD-MOTOR CYCLES,,,1271,8139,,29.56,27.17,Import,2021,Qtr 2,June,1
442,TRANSPORT GROUP," ROAD MOTOR VEH  (BUILD UNIT,CKD/SKD)",PARTS & ACCESSORIES,,,5895,37749,,12.72,10.64,Import,2021,Qtr 2,June,1
443,TRANSPORT GROUP," ROAD MOTOR VEH  (BUILD UNIT,CKD/SKD)",OTHERS,,,1396,8939,,-16.76,-18.28,Import,2021,Qtr 2,June,1
444,TRANSPORT GROUP,,"AIRCRAFTS, SHIPS AND BOATS",,,12349,79077,,73.95,70.76,Import,2021,Qtr 2,June,1
445,TRANSPORT GROUP,,OTHERS TRANSPORT EQUIPMENTS,,,926,5930,,53.31,50.51,Import,2021,Qtr 2,June,1
447,PETROLEUM GROUP,, PETROLEUM PRODUCTS,MT,1514101,113787,728639,26.26,31.21,28.79,Import,2021,Qtr 2,June,1
448,PETROLEUM GROUP,, PETROLEUM CRUDE,MT,816841,59761,382682,16.32,22.9,20.64,Import,2021,Qtr 2,June,1
449,PETROLEUM GROUP,,"NATURAL GAS, LIQUIFIED",,,49083,314305,,15.77,13.65,Import,2021,Qtr 2,June,1
450,PETROLEUM GROUP,," PETROLEUM GAS, LIQUIFIED",,,7810,50012,,106.23,102.47,Import,2021,Qtr 2,June,1
451,PETROLEUM GROUP,, OTHERS,,,6,38,,-71.43,-72.66,Import,2021,Qtr 2,June,1
453,TEXTILE GROUP,, RAW COTTON,MT,81945,25337,162246,23.4,26.79,24.45,Import,2021,Qtr 2,June,1
454,TEXTILE GROUP,, SYNTHETIC FIBRE,MT,27898,8350,53470,-25.64,-25.48,-26.85,Import,2021,Qtr 2,June,1
455,TEXTILE GROUP,, SYNTHETIC & ARTIFICIAL SILK YARN,MT,14873,5225,33458,-41.07,-38.82,-39.95,Import,2021,Qtr 2,June,1
456,TEXTILE GROUP,, WORN CLOTHING,MT,93011,6034,38639,5.7,5.42,3.48,Import,2021,Qtr 2,June,1
457,TEXTILE GROUP,, OTHR TEXTILE ITEMS,,,10133,64887,,-1.27,-3.09,Import,2021,Qtr 2,June,1
459,"AGRICULTURAL & OTHER
 CHEMICALS GROUP",, FERTILIZER MANUFACTURED,MT,704186,27767,177807,340.04,118.17,114.17,Import,2021,Qtr 2,June,1
460,"AGRICULTURAL & OTHER
 CHEMICALS GROUP",, INSECTICIDES,MT,3239,2919,18692,15.55,5.84,3.88,Import,2021,Qtr 2,June,1
461,"AGRICULTURAL & OTHER
 CHEMICALS GROUP",, PLASTIC MATERIALS,MT,132342,33851,216766,2.14,0.86,-1,Import,2021,Qtr 2,June,1
462,"AGRICULTURAL & OTHER
 CHEMICALS GROUP",, MEDICINAL PRODUCTS,MT,3458,38121,244109,78.71,59.98,57.03,Import,2021,Qtr 2,June,1
463,"AGRICULTURAL & OTHER
 CHEMICALS GROUP",, OTHERS,,,71051,454977,,1.76,-0.11,Import,2021,Qtr 2,June,1
465,METAL GROUP,, GOLD,KG,8,73,467,-68,-69.83,-70.44,Import,2021,Qtr 2,June,1
466,METAL GROUP,, IRON AND STEEL SCRAP,MT,290412,23059,147659,8.81,14.21,12.11,Import,2021,Qtr 2,June,1
467,METAL GROUP,, IRON AND STEEL,MT,173821,22801,146007,-36.99,-31.37,-32.63,Import,2021,Qtr 2,June,1
468,METAL GROUP,, ALUMINIUM WROUGHT & WORKED,,,3033,19422,,7.71,5.73,Import,2021,Qtr 2,June,1
469,METAL GROUP,, ALL OTHER METALS & ARTICALS,,,13811,88439,,7.73,5.75,Import,2021,Qtr 2,June,1
471,MISCELLANEOUS GROUP,, RUBBER CRUDE INCL  SYNTH/RECLAIMED,MT,24266,2028,12986,-8.87,-20.13,-21.61,Import,2021,Qtr 2,June,1
472,MISCELLANEOUS GROUP,, RUBBER TYRES & TUBES,NO,778115,5302,33952,54.71,52.66,49.87,Import,2021,Qtr 2,June,1
473,MISCELLANEOUS GROUP,, WOOD & CORK,,,2169,13889,,36.67,34.13,Import,2021,Qtr 2,June,1
474,MISCELLANEOUS GROUP,, JUTE,MT,1479,291,1863,-48.36,-44.47,-45.53,Import,2021,Qtr 2,June,1
475,MISCELLANEOUS GROUP,, PAPER & PAPER BOARD & MANUF THEREOF,MT,41077,6665,42680,10.52,18.07,15.89,Import,2021,Qtr 2,June,1
476,MISCELLANEOUS GROUP,,ALL OTHERS ITEMS,,,76146,487605,,25.19,22.9,Import,2021,Qtr 2,June,1
479,FOOD GROUP,," MILK,CREAM & MILK FOOD FOR INFANTS",MT,6831,3274,20983,13.62,16.22,18.55,Import,2021,Qtr 1,March,1
480,FOOD GROUP,, WHEAT UNMILLED,MT,229696,10520,67423,-45.14,-45.5,-44.42,Import,2021,Qtr 1,March,1
481,FOOD GROUP,, DRY FRUITS & NUTS,MT,3214,765,4903,-15.71,-5.44,-3.5,Import,2021,Qtr 1,March,1
482,FOOD GROUP,, TEA,MT,23492,8704,55784,22.94,26.7,29.21,Import,2021,Qtr 1,March,1
483,FOOD GROUP,, SPICES,MT,14112,3001,19234,-5.95,1.08,3.08,Import,2021,Qtr 1,March,1
484,FOOD GROUP,, SOYABEAN OIL,MT,0,0,0,0,0,0,Import,2021,Qtr 1,March,1
485,FOOD GROUP,, PALM OIL,MT,276050,42994,275550,17.09,24.19,26.66,Import,2021,Qtr 1,March,1
486,FOOD GROUP,, SUGAR,MT,751,74,474,194.51,105.56,109.73,Import,2021,Qtr 1,March,1
487,FOOD GROUP,, PULSES (LEGUMINOUS VEGETABLES),MT,123140,11021,70634,56.67,45.36,48.24,Import,2021,Qtr 1,March,1
488,FOOD GROUP,, ALL OTHERS FOOD ITEMS,,,40812,261565,,9.85,12.03,Import,2021,Qtr 1,March,1
490,MACHINERY GROUP,, POWER GENERATING MACHINERY,,,26675,170961,,-15.6,-13.92,Import,2021,Qtr 1,March,1
491,MACHINERY GROUP,, OFFICE MACHINE INCL DATA PROC EQUIP;,,,7686,49260,,29.29,31.86,Import,2021,Qtr 1,March,1
492,MACHINERY GROUP,, TEXTILE MACHINERY,,,8453,54176,,35.29,37.98,Import,2021,Qtr 1,March,1
493,MACHINERY GROUP,, CONSTRUCTION & MINING MACHINERY,,,4303,27578,,117.76,122.13,Import,2021,Qtr 1,March,1
494,MACHINERY GROUP,, ELECTRICAL MACHINERY & APPARATUS,,,30060,192656,,47.51,50.44,Import,2021,Qtr 1,March,1
496,MACHINERY GROUP, TELE COM, MOBILE PHONE,,,35029,224502,,25.2,27.69,Import,2021,Qtr 1,March,1
497,MACHINERY GROUP, TELE COM, OTHER APPARATUS,,,12336,79062,,26.19,28.69,Import,2021,Qtr 1,March,1
498,MACHINERY GROUP,, AGRICULTURAL MACHINERY & IMPLEMENTS,,,893,5723,,-28.79,-27.38,Import,2021,Qtr 1,March,1
499,MACHINERY GROUP,, OTHER MACHINERY,,,42414,271833,,1.5,3.52,Import,2021,Qtr 1,March,1
503,TRANSPORT GROUP," ROAD MOTOR VEH  (BUILD UNIT,CKD/SKD)","CBU-BUSES,TRUCKS & OTH  HEAVY VEHICLES",,,1529,9799,,53.36,56.41,Import,2021,Qtr 1,March,1
504,TRANSPORT GROUP," ROAD MOTOR VEH  (BUILD UNIT,CKD/SKD)",CBU-MOTOR CARS,,,3298,21137,,-11.34,-9.59,Import,2021,Qtr 1,March,1
505,TRANSPORT GROUP," ROAD MOTOR VEH  (BUILD UNIT,CKD/SKD)",CBU-MOTOR CYCLES,,,42,269,,-17.65,-15.94,Import,2021,Qtr 1,March,1
507,TRANSPORT GROUP," ROAD MOTOR VEH  (BUILD UNIT,CKD/SKD)","CKD/SKD-BUSES,TRUCKS & OTH  HEAVY VEHICLES",,,9032,57886,,58.37,61.53,Import,2021,Qtr 1,March,1
508,TRANSPORT GROUP," ROAD MOTOR VEH  (BUILD UNIT,CKD/SKD)",CKD/SKD-MOTOR CARS,,,24371,156195,,40.52,43.31,Import,2021,Qtr 1,March,1
509,TRANSPORT GROUP," ROAD MOTOR VEH  (BUILD UNIT,CKD/SKD)",CKD/SKD-MOTOR CYCLES,,,1454,9319,,14.4,16.68,Import,2021,Qtr 1,March,1
510,TRANSPORT GROUP," ROAD MOTOR VEH  (BUILD UNIT,CKD/SKD)",PARTS & ACCESSORIES,,,7815,50087,,23.56,26.01,Import,2021,Qtr 1,March,1
511,TRANSPORT GROUP," ROAD MOTOR VEH  (BUILD UNIT,CKD/SKD)",OTHERS,,,815,5223,,-67.12,-66.47,Import,2021,Qtr 1,March,1
512,TRANSPORT GROUP,,"AIRCRAFTS, SHIPS AND BOATS",,,1789,11466,,-77.57,-77.13,Import,2021,Qtr 1,March,1
513,TRANSPORT GROUP,,OTHERS TRANSPORT EQUIPMENTS,,,41,263,,156.25,157.84,Import,2021,Qtr 1,March,1
515,PETROLEUM GROUP,, PETROLEUM PRODUCTS,MT,1304891,87479,560656,50.06,62.97,66.21,Import,2021,Qtr 1,March,1
516,PETROLEUM GROUP,, PETROLEUM CRUDE,MT,625501,42041,269442,17.32,24.9,27.39,Import,2021,Qtr 1,March,1
517,PETROLEUM GROUP,,"NATURAL GAS, LIQUIFIED",,,36156,231725,,1.18,3.19,Import,2021,Qtr 1,March,1
518,PETROLEUM GROUP,," PETROLEUM GAS, LIQUIFIED",,,7250,46465,,44.94,47.81,Import,2021,Qtr 1,March,1
519,PETROLEUM GROUP,, OTHERS,,,4,26,,0,0,Import,2021,Qtr 1,March,1
521,TEXTILE GROUP,, RAW COTTON,MT,93639,25254,161854,1.55,2.31,4.35,Import,2021,Qtr 1,March,1
522,TEXTILE GROUP,, SYNTHETIC FIBRE,MT,40555,9885,63353,17.73,16.03,18.35,Import,2021,Qtr 1,March,1
523,TEXTILE GROUP,, SYNTHETIC & ARTIFICIAL SILK YARN,MT,34900,10225,65532,8.34,22.06,24.49,Import,2021,Qtr 1,March,1
524,TEXTILE GROUP,, WORN CLOTHING,MT,69963,4612,29558,17.18,16.52,18.84,Import,2021,Qtr 1,March,1
525,TEXTILE GROUP,, OTHR TEXTILE ITEMS,,,10387,66571,,10,12.18,Import,2021,Qtr 1,March,1
527,"AGRICULTURAL & OTHER
 CHEMICALS GROUP",, FERTILIZER MANUFACTURED,MT,178781,11619,74467,1215.53,1192.44,1217.77,Import,2021,Qtr 1,March,1
528,"AGRICULTURAL & OTHER
 CHEMICALS GROUP",, INSECTICIDES,MT,5102,3741,23976,78.64,108.41,112.53,Import,2021,Qtr 1,March,1
529,"AGRICULTURAL & OTHER
 CHEMICALS GROUP",, PLASTIC MATERIALS,MT,149677,35799,229437,9.97,12.57,14.81,Import,2021,Qtr 1,March,1
530,"AGRICULTURAL & OTHER
 CHEMICALS GROUP",, MEDICINAL PRODUCTS,MT,1756,18072,115824,11.85,8.81,10.97,Import,2021,Qtr 1,March,1
531,"AGRICULTURAL & OTHER
 CHEMICALS GROUP",, OTHERS,,,72257,463098,,15.78,18.08,Import,2021,Qtr 1,March,1
533,METAL GROUP,, GOLD,KG,11,99,634,10,7.61,9.12,Import,2021,Qtr 1,March,1
534,METAL GROUP,, IRON AND STEEL SCRAP,MT,330790,24893,159540,-12.55,4.99,7.08,Import,2021,Qtr 1,March,1
535,METAL GROUP,, IRON AND STEEL,MT,343259,38174,244658,56.69,63.72,66.98,Import,2021,Qtr 1,March,1
536,METAL GROUP,, ALUMINIUM WROUGHT & WORKED,,,2793,17900,,34.99,37.64,Import,2021,Qtr 1,March,1
537,METAL GROUP,, ALL OTHER METALS & ARTICALS,,,12585,80658,,-3.59,-1.67,Import,2021,Qtr 1,March,1
539,MISCELLANEOUS GROUP,, RUBBER CRUDE INCL  SYNTH/RECLAIMED,MT,32912,3668,23508,2.83,0.82,2.83,Import,2021,Qtr 1,March,1
540,MISCELLANEOUS GROUP,, RUBBER TYRES & TUBES,NO,647923,4249,27232,43.69,8.92,11.09,Import,2021,Qtr 1,March,1
541,MISCELLANEOUS GROUP,, WOOD & CORK,,,1627,10427,,16.38,18.68,Import,2021,Qtr 1,March,1
542,MISCELLANEOUS GROUP,, JUTE,MT,8351,1305,8364,34.02,51.92,55,Import,2021,Qtr 1,March,1
543,MISCELLANEOUS GROUP,, PAPER & PAPER BOARD & MANUF THEREOF,MT,48035,6450,41338,6.96,4.95,7.02,Import,2021,Qtr 1,March,1
544,MISCELLANEOUS GROUP,,ALL OTHERS ITEMS,,,73351,470110,,39.9,42.68,Import,2021,Qtr 1,March,1
547,FOOD GROUP,," MILK,CREAM & MILK FOOD FOR INFANTS",MT,5735,2530,16504,51.08,27.2,27.03,Import,2021,Qtr 2,May,1
548,FOOD GROUP,, WHEAT UNMILLED,MT,0,0,0,0,0,0,Import,2021,Qtr 2,May,1
549,FOOD GROUP,, DRY FRUITS & NUTS,MT,1950,383,2498,-47.33,-39.21,-39.32,Import,2021,Qtr 2,May,1
550,FOOD GROUP,, TEA,MT,21201,7516,49030,-6.93,-7.15,-7.28,Import,2021,Qtr 2,May,1
551,FOOD GROUP,, SPICES,MT,13000,3630,23680,-29.7,-2.84,-2.98,Import,2021,Qtr 2,May,1
552,FOOD GROUP,, SOYABEAN OIL,MT,8750,1411,9205,-34.21,-34.49,-34.58,Import,2021,Qtr 2,May,1
553,FOOD GROUP,, PALM OIL,MT,238547,39108,255120,-13.37,-9.17,-9.29,Import,2021,Qtr 2,May,1
554,FOOD GROUP,, SUGAR,MT,395,44,287,-48.9,-37.14,-37.47,Import,2021,Qtr 2,May,1
555,FOOD GROUP,, PULSES (LEGUMINOUS VEGETABLES),MT,129585,12190,79521,-16.51,-16.64,-16.76,Import,2021,Qtr 2,May,1
556,FOOD GROUP,, ALL OTHERS FOOD ITEMS,,,32943,214902,,-26.36,-26.46,Import,2021,Qtr 2,May,1
558,MACHINERY GROUP,, POWER GENERATING MACHINERY,,,22845,149029,,81.94,81.69,Import,2021,Qtr 2,May,1
559,MACHINERY GROUP,, OFFICE MACHINE INCL DATA PROC EQUIP;,,,6189,40374,,-7.42,-7.55,Import,2021,Qtr 2,May,1
560,MACHINERY GROUP,, TEXTILE MACHINERY,,,8723,56904,,1.14,0.99,Import,2021,Qtr 2,May,1
561,MACHINERY GROUP,, CONSTRUCTION & MINING MACHINERY,,,1703,11109,,18.26,18.09,Import,2021,Qtr 2,May,1
562,MACHINERY GROUP,, ELECTRICAL MACHINERY & APPARATUS,,,29707,193793,,16.33,16.17,Import,2021,Qtr 2,May,1
564,MACHINERY GROUP, TELE COM, MOBILE PHONE,,,26903,175501,,17.96,17.79,Import,2021,Qtr 2,May,1
565,MACHINERY GROUP, TELE COM, OTHER APPARATUS,,,6928,45195,,2.52,2.38,Import,2021,Qtr 2,May,1
566,MACHINERY GROUP,, AGRICULTURAL MACHINERY & IMPLEMENTS,,,1359,8865,,9.77,9.65,Import,2021,Qtr 2,May,1
567,MACHINERY GROUP,, OTHER MACHINERY,,,39211,255792,,8.99,8.84,Import,2021,Qtr 2,May,1
571,TRANSPORT GROUP," ROAD MOTOR VEH  (BUILD UNIT,CKD/SKD)","CBU-BUSES,TRUCKS & OTH  HEAVY VEHICLES",,,1664,10855,,-48.77,-48.84,Import,2021,Qtr 2,May,1
572,TRANSPORT GROUP," ROAD MOTOR VEH  (BUILD UNIT,CKD/SKD)",CBU-MOTOR CARS,,,4734,30882,,-0.04,-0.18,Import,2021,Qtr 2,May,1
573,TRANSPORT GROUP," ROAD MOTOR VEH  (BUILD UNIT,CKD/SKD)",CBU-MOTOR CYCLES,,,57,372,,14,13.07,Import,2021,Qtr 2,May,1
575,TRANSPORT GROUP," ROAD MOTOR VEH  (BUILD UNIT,CKD/SKD)","CKD/SKD-BUSES,TRUCKS & OTH  HEAVY VEHICLES",,,6505,42435,,-1.17,-1.31,Import,2021,Qtr 2,May,1
576,TRANSPORT GROUP," ROAD MOTOR VEH  (BUILD UNIT,CKD/SKD)",CKD/SKD-MOTOR CARS,,,16127,105204,,-34.72,-34.81,Import,2021,Qtr 2,May,1
577,TRANSPORT GROUP," ROAD MOTOR VEH  (BUILD UNIT,CKD/SKD)",CKD/SKD-MOTOR CYCLES,,,981,6400,,-4.39,-4.55,Import,2021,Qtr 2,May,1
578,TRANSPORT GROUP," ROAD MOTOR VEH  (BUILD UNIT,CKD/SKD)",PARTS & ACCESSORIES,,,5233,34137,,-12.56,-12.68,Import,2021,Qtr 2,May,1
579,TRANSPORT GROUP," ROAD MOTOR VEH  (BUILD UNIT,CKD/SKD)",OTHERS,,,1678,10946,,125.54,125.18,Import,2021,Qtr 2,May,1
580,TRANSPORT GROUP,,"AIRCRAFTS, SHIPS AND BOATS",,,7099,46310,,212.18,211.79,Import,2021,Qtr 2,May,1
581,TRANSPORT GROUP,,OTHERS TRANSPORT EQUIPMENTS,,,604,3940,,1410,1398.1,Import,2021,Qtr 2,May,1
583,PETROLEUM GROUP,, PETROLEUM PRODUCTS,MT,1198595,86724,565741,29.18,35.5,35.31,Import,2021,Qtr 2,May,1
584,PETROLEUM GROUP,, PETROLEUM CRUDE,MT,702247,48626,317210,-19.66,-17.29,-17.4,Import,2021,Qtr 2,May,1
585,PETROLEUM GROUP,,"NATURAL GAS, LIQUIFIED",,,42396,276569,,-6.03,-6.16,Import,2021,Qtr 2,May,1
586,PETROLEUM GROUP,," PETROLEUM GAS, LIQUIFIED",,,3787,24704,,-47.32,-47.39,Import,2021,Qtr 2,May,1
587,PETROLEUM GROUP,, OTHERS,,,21,137,,320,302.94,Import,2021,Qtr 2,May,1
589,TEXTILE GROUP,, RAW COTTON,MT,66408,19984,130365,-21.01,-15.77,-15.88,Import,2021,Qtr 2,May,1
590,TEXTILE GROUP,, SYNTHETIC FIBRE,MT,37523,11205,73095,5.14,18.94,18.76,Import,2021,Qtr 2,May,1
591,TEXTILE GROUP,, SYNTHETIC & ARTIFICIAL SILK YARN,MT,24963,8541,55717,-27.73,-16.43,-16.55,Import,2021,Qtr 2,May,1
592,TEXTILE GROUP,, WORN CLOTHING,MT,88217,5724,37340,36.76,30.98,30.81,Import,2021,Qtr 2,May,1
593,TEXTILE GROUP,, OTHR TEXTILE ITEMS,,,10264,66957,,30.27,30.08,Import,2021,Qtr 2,May,1
595,"AGRICULTURAL & OTHER
 CHEMICALS GROUP",, FERTILIZER MANUFACTURED,MT,192500,12727,83024,312.67,367.73,367.08,Import,2021,Qtr 2,May,1
596,"AGRICULTURAL & OTHER
 CHEMICALS GROUP",, INSECTICIDES,MT,2214,2759,17998,-31.26,-19.02,-19.14,Import,2021,Qtr 2,May,1
597,"AGRICULTURAL & OTHER
 CHEMICALS GROUP",, PLASTIC MATERIALS,MT,129832,33563,218947,-20.14,-17.57,-17.69,Import,2021,Qtr 2,May,1
598,"AGRICULTURAL & OTHER
 CHEMICALS GROUP",, MEDICINAL PRODUCTS,MT,2850,23834,155480,59.84,-0.14,-0.28,Import,2021,Qtr 2,May,1
599,"AGRICULTURAL & OTHER
 CHEMICALS GROUP",, OTHERS,,,69852,455677,,0.73,0.59,Import,2021,Qtr 2,May,1
601,METAL GROUP,, GOLD,KG,27,242,1579,58.82,61.33,61.45,Import,2021,Qtr 2,May,1
602,METAL GROUP,, IRON AND STEEL SCRAP,MT,266420,20190,131709,-19.87,-17.24,-17.35,Import,2021,Qtr 2,May,1
603,METAL GROUP,, IRON AND STEEL,MT,272786,33219,216703,16.88,28.07,27.89,Import,2021,Qtr 2,May,1
604,METAL GROUP,, ALUMINIUM WROUGHT & WORKED,,,2816,18370,,11.3,11.16,Import,2021,Qtr 2,May,1
605,METAL GROUP,, ALL OTHER METALS & ARTICALS,,,12820,83631,,11.35,11.2,Import,2021,Qtr 2,May,1
607,MISCELLANEOUS GROUP,, RUBBER CRUDE INCL  SYNTH/RECLAIMED,MT,26660,2539,16563,-13.67,-14.68,-14.81,Import,2021,Qtr 2,May,1
608,MISCELLANEOUS GROUP,, RUBBER TYRES & TUBES,NO,375828,3473,22656,-19.68,-18.86,-18.97,Import,2021,Qtr 2,May,1
609,MISCELLANEOUS GROUP,, WOOD & CORK,,,1587,10353,,2.72,2.6,Import,2021,Qtr 2,May,1
610,MISCELLANEOUS GROUP,, JUTE,MT,2864,524,3418,-4.95,-3.32,-3.53,Import,2021,Qtr 2,May,1
611,MISCELLANEOUS GROUP,, PAPER & PAPER BOARD & MANUF THEREOF,MT,37014,5645,36825,-4.17,-2.89,-3.02,Import,2021,Qtr 2,May,1
612,MISCELLANEOUS GROUP,,ALL OTHERS ITEMS,,,62555,408076,,1.09,0.95,Import,2021,Qtr 2,May,1
615,FOOD GROUP,," MILK,CREAM & MILK FOOD FOR INFANTS",MT,4596,2894,16726,54.19,129.5,127.72,Import,2021,Qtr 4,November,1
616,FOOD GROUP,, WHEAT UNMILLED,MT,226185,18209,105239,-42.55,-21.7,-22.3,Import,2021,Qtr 4,November,1
617,FOOD GROUP,, DRY FRUITS & NUTS,MT,12224,1433,8282,8.74,15.29,14.38,Import,2021,Qtr 4,November,1
618,FOOD GROUP,, TEA,MT,20957,9540,55136,30,49.48,48.34,Import,2021,Qtr 4,November,1
619,FOOD GROUP,, SPICES,MT,12215,2864,16552,-0.11,-20.25,-20.86,Import,2021,Qtr 4,November,1
620,FOOD GROUP,, SOYABEAN OIL,MT,14200,3307,19113,499.16,608.14,602.17,Import,2021,Qtr 4,November,1
621,FOOD GROUP,, PALM OIL,MT,323190,67478,389989,49.01,59.68,58.46,Import,2021,Qtr 4,November,1
622,FOOD GROUP,, SUGAR,MT,59855,6622,38272,-33.64,-34.34,-34.85,Import,2021,Qtr 4,November,1
623,FOOD GROUP,, PULSES (LEGUMINOUS VEGETABLES),MT,65830,7187,41537,-23.48,-21.51,-22.11,Import,2021,Qtr 4,November,1
624,FOOD GROUP,, ALL OTHERS FOOD ITEMS,,,34131,197260,,2.46,1.68,Import,2021,Qtr 4,November,1
626,MACHINERY GROUP,, POWER GENERATING MACHINERY,,,28181,162872,,2.94,2.15,Import,2021,Qtr 4,November,1
627,MACHINERY GROUP,, OFFICE MACHINE INCL DATA PROC EQUIP;,,,10183,58853,,43.87,42.77,Import,2021,Qtr 4,November,1
628,MACHINERY GROUP,, TEXTILE MACHINERY,,,11025,63719,,-4.38,-5.11,Import,2021,Qtr 4,November,1
629,MACHINERY GROUP,, CONSTRUCTION & MINING MACHINERY,,,2935,16963,,44.37,43.24,Import,2021,Qtr 4,November,1
630,MACHINERY GROUP,, ELECTRICAL MACHINERY & APPARATUS,,,32400,187256,,27.46,26.48,Import,2021,Qtr 4,November,1
632,MACHINERY GROUP, TELE COM, MOBILE PHONE,,,36691,212055,,42.74,41.64,Import,2021,Qtr 4,November,1
633,MACHINERY GROUP, TELE COM, OTHER APPARATUS,,,12960,74902,,27.96,26.98,Import,2021,Qtr 4,November,1
634,MACHINERY GROUP,, AGRICULTURAL MACHINERY & IMPLEMENTS,,,2043,11808,,29.22,28.22,Import,2021,Qtr 4,November,1
635,MACHINERY GROUP,, OTHER MACHINERY,,,50651,292737,,30.18,29.18,Import,2021,Qtr 4,November,1
639,TRANSPORT GROUP," ROAD MOTOR VEH  (BUILD UNIT,CKD/SKD)","CBU-BUSES,TRUCKS & OTH  HEAVY VEHICLES",,,5633,32556,,44.66,43.55,Import,2021,Qtr 4,November,1
640,TRANSPORT GROUP," ROAD MOTOR VEH  (BUILD UNIT,CKD/SKD)",CBU-MOTOR CARS,,,4444,25684,,-7.07,-7.79,Import,2021,Qtr 4,November,1
641,TRANSPORT GROUP," ROAD MOTOR VEH  (BUILD UNIT,CKD/SKD)",CBU-MOTOR CYCLES,,,109,630,,113.73,112.84,Import,2021,Qtr 4,November,1
643,TRANSPORT GROUP," ROAD MOTOR VEH  (BUILD UNIT,CKD/SKD)","CKD/SKD-BUSES,TRUCKS & OTH  HEAVY VEHICLES",,,14590,84323,,48.44,47.3,Import,2021,Qtr 4,November,1
644,TRANSPORT GROUP," ROAD MOTOR VEH  (BUILD UNIT,CKD/SKD)",CKD/SKD-MOTOR CARS,,,25378,146672,,31.59,30.58,Import,2021,Qtr 4,November,1
645,TRANSPORT GROUP," ROAD MOTOR VEH  (BUILD UNIT,CKD/SKD)",CKD/SKD-MOTOR CYCLES,,,1027,5936,,11.75,10.93,Import,2021,Qtr 4,November,1
646,TRANSPORT GROUP," ROAD MOTOR VEH  (BUILD UNIT,CKD/SKD)",PARTS & ACCESSORIES,,,9438,54547,,21.39,20.46,Import,2021,Qtr 4,November,1
647,TRANSPORT GROUP," ROAD MOTOR VEH  (BUILD UNIT,CKD/SKD)",OTHERS,,,2420,13986,,133.82,132.13,Import,2021,Qtr 4,November,1
648,TRANSPORT GROUP,,"AIRCRAFTS, SHIPS AND BOATS",,,10281,59419,,-41.31,-41.76,Import,2021,Qtr 4,November,1
649,TRANSPORT GROUP,,OTHERS TRANSPORT EQUIPMENTS,,,318,1838,,140.91,139.63,Import,2021,Qtr 4,November,1
651,PETROLEUM GROUP,, PETROLEUM PRODUCTS,MT,2068386,218224,1261224,57.57,76.77,75.41,Import,2021,Qtr 4,November,1
652,PETROLEUM GROUP,, PETROLEUM CRUDE,MT,774741,75456,436098,13.04,20.31,19.38,Import,2021,Qtr 4,November,1
653,PETROLEUM GROUP,,"NATURAL GAS, LIQUIFIED",,,72372,418274,,-11.32,-12,Import,2021,Qtr 4,November,1
654,PETROLEUM GROUP,," PETROLEUM GAS, LIQUIFIED",,,11587,66967,,50.97,49.81,Import,2021,Qtr 4,November,1
655,PETROLEUM GROUP,, OTHERS,,,7,40,,600,900,Import,2021,Qtr 4,November,1
657,TEXTILE GROUP,, RAW COTTON,MT,77991,30826,178159,12.68,20.05,19.12,Import,2021,Qtr 4,November,1
658,TEXTILE GROUP,, SYNTHETIC FIBRE,MT,26167,9043,52264,-26.15,-18.29,-18.92,Import,2021,Qtr 4,November,1
659,TEXTILE GROUP,, SYNTHETIC & ARTIFICIAL SILK YARN,MT,31638,11754,67932,46.42,37.59,36.53,Import,2021,Qtr 4,November,1
660,TEXTILE GROUP,, WORN CLOTHING,MT,85662,6385,36902,7.62,14.28,13.41,Import,2021,Qtr 4,November,1
661,TEXTILE GROUP,, OTHR TEXTILE ITEMS,,,16184,93535,,4.75,3.94,Import,2021,Qtr 4,November,1
663,"AGRICULTURAL & OTHER
 CHEMICALS GROUP",, FERTILIZER MANUFACTURED,MT,55530,4243,24522,-84.11,-89.16,-89.24,Import,2021,Qtr 4,November,1
664,"AGRICULTURAL & OTHER
 CHEMICALS GROUP",, INSECTICIDES,MT,4091,4082,23592,71.09,101.48,99.95,Import,2021,Qtr 4,November,1
665,"AGRICULTURAL & OTHER
 CHEMICALS GROUP",, PLASTIC MATERIALS,MT,180040,51515,297731,37.04,43.2,42.1,Import,2021,Qtr 4,November,1
666,"AGRICULTURAL & OTHER
 CHEMICALS GROUP",, MEDICINAL PRODUCTS,MT,4211,119194,688881,107.23,141.81,139.95,Import,2021,Qtr 4,November,1
667,"AGRICULTURAL & OTHER
 CHEMICALS GROUP",, OTHERS,,,91280,527552,,34.37,33.33,Import,2021,Qtr 4,November,1
669,METAL GROUP,, GOLD,KG,48,555,3208,140,144.49,142.3,Import,2021,Qtr 4,November,1
670,METAL GROUP,, IRON AND STEEL SCRAP,MT,455646,47603,275121,30.99,35.88,34.83,Import,2021,Qtr 4,November,1
671,METAL GROUP,, IRON AND STEEL,MT,299861,48005,277445,-18.59,2.81,2.02,Import,2021,Qtr 4,November,1
672,METAL GROUP,, ALUMINIUM WROUGHT & WORKED,,,2845,16443,,-2.23,-3,Import,2021,Qtr 4,November,1
673,METAL GROUP,, ALL OTHER METALS & ARTICALS,,,15858,91651,,34.32,33.29,Import,2021,Qtr 4,November,1
675,MISCELLANEOUS GROUP,, RUBBER CRUDE INCL  SYNTH/RECLAIMED,MT,37788,5254,30365,23.53,83.19,81.79,Import,2021,Qtr 4,November,1
676,MISCELLANEOUS GROUP,, RUBBER TYRES & TUBES,NO,583975,3767,21771,-16.99,-7.94,-8.66,Import,2021,Qtr 4,November,1
677,MISCELLANEOUS GROUP,, WOOD & CORK,,,2170,12542,,113.16,111.57,Import,2021,Qtr 4,November,1
678,MISCELLANEOUS GROUP,, JUTE,MT,7719,1266,7317,68.13,56.68,55.52,Import,2021,Qtr 4,November,1
679,MISCELLANEOUS GROUP,, PAPER & PAPER BOARD & MANUF THEREOF,MT,46136,7792,45034,42.96,31.51,30.49,Import,2021,Qtr 4,November,1
680,MISCELLANEOUS GROUP,,ALL OTHERS ITEMS,,,100021,578070,,-0.02,-0.79,Import,2021,Qtr 4,November,1
683,FOOD GROUP,," MILK,CREAM & MILK FOOD FOR INFANTS",MT,2863,1261,7344,-10.66,-43.55,-44.75,Import,2021,Qtr 4,October,1
684,FOOD GROUP,, WHEAT UNMILLED,MT,393715,23256,135450,40.09,66.89,63.36,Import,2021,Qtr 4,October,1
685,FOOD GROUP,, DRY FRUITS & NUTS,MT,11242,1243,7240,39.52,31.81,28.99,Import,2021,Qtr 4,October,1
686,FOOD GROUP,, TEA,MT,16121,6382,37171,-24.31,-20.92,-22.59,Import,2021,Qtr 4,October,1
687,FOOD GROUP,, SPICES,MT,12402,3591,20915,-2.84,4.12,1.91,Import,2021,Qtr 4,October,1
688,FOOD GROUP,, SOYABEAN OIL,MT,2370,467,2720,-42.05,-40.43,-41.66,Import,2021,Qtr 4,October,1
689,FOOD GROUP,, PALM OIL,MT,216917,42257,246117,-23.49,-19.96,-21.65,Import,2021,Qtr 4,October,1
690,FOOD GROUP,, SUGAR,MT,90195,10086,58744,55.89,59.34,55.95,Import,2021,Qtr 4,October,1
691,FOOD GROUP,, PULSES (LEGUMINOUS VEGETABLES),MT,86033,9156,53327,-21.76,-20.76,-22.44,Import,2021,Qtr 4,October,1
692,FOOD GROUP,, ALL OTHERS FOOD ITEMS,,,33310,194007,,-32.85,-34.27,Import,2021,Qtr 4,October,1
694,MACHINERY GROUP,, POWER GENERATING MACHINERY,,,27000,157256,,-15.41,-17.2,Import,2021,Qtr 4,October,1
695,MACHINERY GROUP,, OFFICE MACHINE INCL DATA PROC EQUIP;,,,7121,41475,,0.31,-1.81,Import,2021,Qtr 4,October,1
696,MACHINERY GROUP,, TEXTILE MACHINERY,,,11317,65913,,-22.1,-23.75,Import,2021,Qtr 4,October,1
697,MACHINERY GROUP,, CONSTRUCTION & MINING MACHINERY,,,2047,11922,,-32.2,-33.65,Import,2021,Qtr 4,October,1
698,MACHINERY GROUP,, ELECTRICAL MACHINERY & APPARATUS,,,26302,153190,,11.82,9.46,Import,2021,Qtr 4,October,1
700,MACHINERY GROUP, TELE COM, MOBILE PHONE,,,25705,149713,,-26.82,-28.37,Import,2021,Qtr 4,October,1
701,MACHINERY GROUP, TELE COM, OTHER APPARATUS,,,10124,58965,,-2.54,-4.6,Import,2021,Qtr 4,October,1
702,MACHINERY GROUP,, AGRICULTURAL MACHINERY & IMPLEMENTS,,,1581,9208,,-25.67,-27.23,Import,2021,Qtr 4,October,1
703,MACHINERY GROUP,, OTHER MACHINERY,,,37287,217170,,0.09,-2.03,Import,2021,Qtr 4,October,1
707,TRANSPORT GROUP," ROAD MOTOR VEH  (BUILD UNIT,CKD/SKD)","CBU-BUSES,TRUCKS & OTH  HEAVY VEHICLES",,,3818,22237,,-9.4,-11.33,Import,2021,Qtr 4,October,1
708,TRANSPORT GROUP," ROAD MOTOR VEH  (BUILD UNIT,CKD/SKD)",CBU-MOTOR CARS,,,4782,27852,,-20.62,-22.3,Import,2021,Qtr 4,October,1
709,TRANSPORT GROUP," ROAD MOTOR VEH  (BUILD UNIT,CKD/SKD)",CBU-MOTOR CYCLES,,,51,297,,-45.16,-46.2,Import,2021,Qtr 4,October,1
711,TRANSPORT GROUP," ROAD MOTOR VEH  (BUILD UNIT,CKD/SKD)","CKD/SKD-BUSES,TRUCKS & OTH  HEAVY VEHICLES",,,9939,57888,,-2.84,-4.9,Import,2021,Qtr 4,October,1
712,TRANSPORT GROUP," ROAD MOTOR VEH  (BUILD UNIT,CKD/SKD)",CKD/SKD-MOTOR CARS,,,19285,112321,,-24.08,-25.69,Import,2021,Qtr 4,October,1
713,TRANSPORT GROUP," ROAD MOTOR VEH  (BUILD UNIT,CKD/SKD)",CKD/SKD-MOTOR CYCLES,,,919,5353,,-9.9,-11.8,Import,2021,Qtr 4,October,1
714,TRANSPORT GROUP," ROAD MOTOR VEH  (BUILD UNIT,CKD/SKD)",PARTS & ACCESSORIES,,,7747,45121,,19.61,17.07,Import,2021,Qtr 4,October,1
715,TRANSPORT GROUP," ROAD MOTOR VEH  (BUILD UNIT,CKD/SKD)",OTHERS,,,1035,6028,,7.81,5.57,Import,2021,Qtr 4,October,1
716,TRANSPORT GROUP,,"AIRCRAFTS, SHIPS AND BOATS",,,17506,101960,,-7.26,-9.23,Import,2021,Qtr 4,October,1
717,TRANSPORT GROUP,,OTHERS TRANSPORT EQUIPMENTS,,,132,769,,-14.84,-16.59,Import,2021,Qtr 4,October,1
719,PETROLEUM GROUP,, PETROLEUM PRODUCTS,MT,1307493,123455,719038,7.69,15.45,13.01,Import,2021,Qtr 4,October,1
720,PETROLEUM GROUP,, PETROLEUM CRUDE,MT,685390,62718,365288,-19.3,-14.41,-16.22,Import,2021,Qtr 4,October,1
721,PETROLEUM GROUP,,"NATURAL GAS, LIQUIFIED",,,81608,475309,,30.12,27.36,Import,2021,Qtr 4,October,1
722,PETROLEUM GROUP,," PETROLEUM GAS, LIQUIFIED",,,7675,44701,,-24.24,-25.85,Import,2021,Qtr 4,October,1
723,PETROLEUM GROUP,, OTHERS,,,1,6,,-90,-89.83,Import,2021,Qtr 4,October,1
725,TEXTILE GROUP,, RAW COTTON,MT,69167,25679,149562,7.88,12.63,10.24,Import,2021,Qtr 4,October,1
726,TEXTILE GROUP,, SYNTHETIC FIBRE,MT,35435,11067,64457,-17.31,-19.71,-21.41,Import,2021,Qtr 4,October,1
727,TEXTILE GROUP,, SYNTHETIC & ARTIFICIAL SILK YARN,MT,21022,8543,49757,-38.16,-29.57,-31.06,Import,2021,Qtr 4,October,1
728,TEXTILE GROUP,, WORN CLOTHING,MT,77197,5587,32540,-0.98,-3.14,-5.18,Import,2021,Qtr 4,October,1
729,TEXTILE GROUP,, OTHR TEXTILE ITEMS,,,15456,90020,,1.11,-1.03,Import,2021,Qtr 4,October,1
731,"AGRICULTURAL & OTHER
 CHEMICALS GROUP",, FERTILIZER MANUFACTURED,MT,349467,39132,227916,142.84,209.54,202.97,Import,2021,Qtr 4,October,1
732,"AGRICULTURAL & OTHER
 CHEMICALS GROUP",, INSECTICIDES,MT,2178,2027,11806,-20.64,0.25,-1.85,Import,2021,Qtr 4,October,1
733,"AGRICULTURAL & OTHER
 CHEMICALS GROUP",, PLASTIC MATERIALS,MT,137469,35984,209581,-17.36,-15.34,-17.14,Import,2021,Qtr 4,October,1
734,"AGRICULTURAL & OTHER
 CHEMICALS GROUP",, MEDICINAL PRODUCTS,MT,1879,49292,287091,-33.65,-35.98,-37.34,Import,2021,Qtr 4,October,1
735,"AGRICULTURAL & OTHER
 CHEMICALS GROUP",, OTHERS,,,67951,395766,,-0.62,-2.72,Import,2021,Qtr 4,October,1
737,METAL GROUP,, GOLD,KG,20,227,1322,-4.76,3.18,0.76,Import,2021,Qtr 4,October,1
738,METAL GROUP,, IRON AND STEEL SCRAP,MT,347888,35034,204048,5.1,8.58,6.28,Import,2021,Qtr 4,October,1
739,METAL GROUP,, IRON AND STEEL,MT,291021,46694,271959,-15.45,16.29,13.83,Import,2021,Qtr 4,October,1
740,METAL GROUP,, ALUMINIUM WROUGHT & WORKED,,,2910,16949,,-9.26,-11.17,Import,2021,Qtr 4,October,1
741,METAL GROUP,, ALL OTHER METALS & ARTICALS,,,11890,69251,,-14.32,-16.14,Import,2021,Qtr 4,October,1
743,MISCELLANEOUS GROUP,, RUBBER CRUDE INCL  SYNTH/RECLAIMED,MT,27715,2868,16704,-16.95,-23.32,-24.95,Import,2021,Qtr 4,October,1
744,MISCELLANEOUS GROUP,, RUBBER TYRES & TUBES,NO,389693,4069,23699,-39.65,-11.72,-13.58,Import,2021,Qtr 4,October,1
745,MISCELLANEOUS GROUP,, WOOD & CORK,,,1018,5929,,-29.89,-31.4,Import,2021,Qtr 4,October,1
746,MISCELLANEOUS GROUP,, JUTE,MT,4686,808,4706,-10.26,-11.79,-13.7,Import,2021,Qtr 4,October,1
747,MISCELLANEOUS GROUP,, PAPER & PAPER BOARD & MANUF THEREOF,MT,30226,5925,34509,-27.24,-19.39,-21.09,Import,2021,Qtr 4,October,1
748,MISCELLANEOUS GROUP,,ALL OTHERS ITEMS,,,104142,606553,,27.46,24.76,Import,2021,Qtr 4,October,1
751,FOOD GROUP,," MILK,CREAM & MILK FOOD FOR INFANTS",MT,3205,2234,13293,5.22,40.68,37.38,Import,2021,Qtr 3,September,1
752,FOOD GROUP,, WHEAT UNMILLED,MT,281036,13935,82918,393.05,415.73,403.57,Import,2021,Qtr 3,September,1
753,FOOD GROUP,, DRY FRUITS & NUTS,MT,6349,943,5611,60.72,62.87,58.95,Import,2021,Qtr 3,September,1
754,FOOD GROUP,, TEA,MT,21298,8070,48019,-25.39,-20.66,-22.54,Import,2021,Qtr 3,September,1
755,FOOD GROUP,, SPICES,MT,12806,3449,20523,3.72,-9.57,-11.7,Import,2021,Qtr 3,September,1
756,FOOD GROUP,, SOYABEAN OIL,MT,4090,784,4665,4.82,6.09,3.6,Import,2021,Qtr 3,September,1
757,FOOD GROUP,, PALM OIL,MT,283525,52792,314132,-1.98,-0.4,-2.75,Import,2021,Qtr 3,September,1
758,FOOD GROUP,, SUGAR,MT,57879,6330,37666,-12.74,8.61,6.06,Import,2021,Qtr 3,September,1
759,FOOD GROUP,, PULSES (LEGUMINOUS VEGETABLES),MT,109962,11555,68757,15.19,7.77,5.23,Import,2021,Qtr 3,September,1
760,FOOD GROUP,, ALL OTHERS FOOD ITEMS,,,49605,295168,,6.91,4.39,Import,2021,Qtr 3,September,1
762,MACHINERY GROUP,, POWER GENERATING MACHINERY,,,31920,189936,,11.13,8.52,Import,2021,Qtr 3,September,1
763,MACHINERY GROUP,, OFFICE MACHINE INCL DATA PROC EQUIP;,,,7099,42242,,-23.47,-25.28,Import,2021,Qtr 3,September,1
764,MACHINERY GROUP,, TEXTILE MACHINERY,,,14490,86221,,11.4,8.78,Import,2021,Qtr 3,September,1
765,MACHINERY GROUP,, CONSTRUCTION & MINING MACHINERY,,,3021,17976,,84.32,79.96,Import,2021,Qtr 3,September,1
766,MACHINERY GROUP,, ELECTRICAL MACHINERY & APPARATUS,,,23434,139441,,-22.78,-24.6,Import,2021,Qtr 3,September,1
768,MACHINERY GROUP, TELE COM, MOBILE PHONE,,,35126,209013,,28.4,25.38,Import,2021,Qtr 3,September,1
769,MACHINERY GROUP, TELE COM, OTHER APPARATUS,,,10378,61753,,51.13,47.56,Import,2021,Qtr 3,September,1
770,MACHINERY GROUP,, AGRICULTURAL MACHINERY & IMPLEMENTS,,,2061,12264,,30.2,27.1,Import,2021,Qtr 3,September,1
771,MACHINERY GROUP,, OTHER MACHINERY,,,36984,220069,,-13.62,-15.65,Import,2021,Qtr 3,September,1
775,TRANSPORT GROUP," ROAD MOTOR VEH  (BUILD UNIT,CKD/SKD)","CBU-BUSES,TRUCKS & OTH  HEAVY VEHICLES",,,3812,22683,,37.32,34.08,Import,2021,Qtr 3,September,1
776,TRANSPORT GROUP," ROAD MOTOR VEH  (BUILD UNIT,CKD/SKD)",CBU-MOTOR CARS,,,6014,35786,,47.69,44.2,Import,2021,Qtr 3,September,1
777,TRANSPORT GROUP," ROAD MOTOR VEH  (BUILD UNIT,CKD/SKD)",CBU-MOTOR CYCLES,,,93,553,,43.08,40.36,Import,2021,Qtr 3,September,1
779,TRANSPORT GROUP," ROAD MOTOR VEH  (BUILD UNIT,CKD/SKD)","CKD/SKD-BUSES,TRUCKS & OTH  HEAVY VEHICLES",,,10652,63383,,-3.72,-5.98,Import,2021,Qtr 3,September,1
780,TRANSPORT GROUP," ROAD MOTOR VEH  (BUILD UNIT,CKD/SKD)",CKD/SKD-MOTOR CARS,,,25423,151276,,3.64,1.2,Import,2021,Qtr 3,September,1
781,TRANSPORT GROUP," ROAD MOTOR VEH  (BUILD UNIT,CKD/SKD)",CKD/SKD-MOTOR CYCLES,,,1020,6069,,4.94,2.46,Import,2021,Qtr 3,September,1
782,TRANSPORT GROUP," ROAD MOTOR VEH  (BUILD UNIT,CKD/SKD)",PARTS & ACCESSORIES,,,6417,38184,,-3.98,-6.24,Import,2021,Qtr 3,September,1
783,TRANSPORT GROUP," ROAD MOTOR VEH  (BUILD UNIT,CKD/SKD)",OTHERS,,,986,5867,,-36.3,-37.82,Import,2021,Qtr 3,September,1
784,TRANSPORT GROUP,,"AIRCRAFTS, SHIPS AND BOATS",,,21080,125434,,223.61,215.99,Import,2021,Qtr 3,September,1
785,TRANSPORT GROUP,,OTHERS TRANSPORT EQUIPMENTS,,,155,922,,74.16,69.8,Import,2021,Qtr 3,September,1
787,PETROLEUM GROUP,, PETROLEUM PRODUCTS,MT,1212471,106932,636285,-30.47,-26.94,-28.66,Import,2021,Qtr 3,September,1
788,PETROLEUM GROUP,, PETROLEUM CRUDE,MT,760940,73276,436019,-10.08,0.92,-1.46,Import,2021,Qtr 3,September,1
789,PETROLEUM GROUP,,"NATURAL GAS, LIQUIFIED",,,62717,373189,,0.64,-1.73,Import,2021,Qtr 3,September,1
790,PETROLEUM GROUP,," PETROLEUM GAS, LIQUIFIED",,,10131,60283,,44.85,41.44,Import,2021,Qtr 3,September,1
791,PETROLEUM GROUP,, OTHERS,,,10,60,,42.86,39.53,Import,2021,Qtr 3,September,1
793,TEXTILE GROUP,, RAW COTTON,MT,64116,22799,135663,20.43,27.48,24.48,Import,2021,Qtr 3,September,1
794,TEXTILE GROUP,, SYNTHETIC FIBRE,MT,42855,13784,82020,13.6,19.99,17.16,Import,2021,Qtr 3,September,1
795,TEXTILE GROUP,, SYNTHETIC & ARTIFICIAL SILK YARN,MT,40692,12129,72172,26.8,9.13,6.57,Import,2021,Qtr 3,September,1
796,TEXTILE GROUP,, WORN CLOTHING,MT,81543,5768,34322,-13.99,-11.49,-13.57,Import,2021,Qtr 3,September,1
797,TEXTILE GROUP,, OTHR TEXTILE ITEMS,,,15286,90957,,7.87,5.33,Import,2021,Qtr 3,September,1
799,"AGRICULTURAL & OTHER
 CHEMICALS GROUP",, FERTILIZER MANUFACTURED,MT,129921,12643,75231,-21.79,-17.78,-19.72,Import,2021,Qtr 3,September,1
800,"AGRICULTURAL & OTHER
 CHEMICALS GROUP",, INSECTICIDES,MT,2542,2022,12032,-6.9,-3.39,-5.68,Import,2021,Qtr 3,September,1
801,"AGRICULTURAL & OTHER
 CHEMICALS GROUP",, PLASTIC MATERIALS,MT,167039,42531,253075,-7.65,-2.5,-4.8,Import,2021,Qtr 3,September,1
802,"AGRICULTURAL & OTHER
 CHEMICALS GROUP",, MEDICINAL PRODUCTS,MT,3256,77003,458196,16,3.07,0.65,Import,2021,Qtr 3,September,1
803,"AGRICULTURAL & OTHER
 CHEMICALS GROUP",, OTHERS,,,68405,407035,,6.09,3.59,Import,2021,Qtr 3,September,1
805,METAL GROUP,, GOLD,KG,22,220,1309,-43.59,-40.05,-41.43,Import,2021,Qtr 3,September,1
806,METAL GROUP,, IRON AND STEEL SCRAP,MT,326639,32266,191995,7.15,12.32,9.67,Import,2021,Qtr 3,September,1
807,METAL GROUP,, IRON AND STEEL,MT,241298,40154,238931,-26.34,3.57,1.13,Import,2021,Qtr 3,September,1
808,METAL GROUP,, ALUMINIUM WROUGHT & WORKED,,,3207,19083,,15.03,12.31,Import,2021,Qtr 3,September,1
809,METAL GROUP,, ALL OTHER METALS & ARTICALS,,,13878,82579,,5.02,2.55,Import,2021,Qtr 3,September,1
811,MISCELLANEOUS GROUP,, RUBBER CRUDE INCL  SYNTH/RECLAIMED,MT,33201,3741,22260,24.19,31.86,28.77,Import,2021,Qtr 3,September,1
812,MISCELLANEOUS GROUP,, RUBBER TYRES & TUBES,NO,519688,4609,27425,18.34,29.43,26.39,Import,2021,Qtr 3,September,1
813,MISCELLANEOUS GROUP,, WOOD & CORK,,,1452,8640,,-10.7,-12.8,Import,2021,Qtr 3,September,1
814,MISCELLANEOUS GROUP,, JUTE,MT,5222,916,5451,24.48,23.45,20.57,Import,2021,Qtr 3,September,1
815,MISCELLANEOUS GROUP,, PAPER & PAPER BOARD & MANUF THEREOF,MT,40833,7350,43735,12.14,13.76,11.08,Import,2021,Qtr 3,September,1
816,MISCELLANEOUS GROUP,,ALL OTHERS ITEMS,,,85227,507133,,13.71,11.03,Import,2021,Qtr 3,September,1
819,FOOD GROUP,," MILK,CREAM & MILK FOOD FOR INFANTS",MT,3266,2378,12893,-10.81,-4.66,-7.17,Import,2022,Qtr 2,April,1
820,FOOD GROUP,, WHEAT UNMILLED,MT,0,0,0,-100,-100,-100,Import,2022,Qtr 2,April,1
821,FOOD GROUP,, DRY FRUITS & NUTS,MT,6012,780,4229,-28.12,-30.5,-32.33,Import,2022,Qtr 2,April,1
822,FOOD GROUP,, TEA,MT,16014,8357,45299,-29.05,-26.42,-28.36,Import,2022,Qtr 2,April,1
823,FOOD GROUP,, SPICES,MT,7658,2295,12440,-27.16,-26.93,-28.86,Import,2022,Qtr 2,April,1
824,FOOD GROUP,, SOYABEAN OIL,MT,16220,4193,22730,7.35,9,6.13,Import,2022,Qtr 2,April,1
825,FOOD GROUP,, PALM OIL,MT,252325,67840,367735,14.24,30,26.58,Import,2022,Qtr 2,April,1
826,FOOD GROUP,, SUGAR,MT,506,75,407,-46.4,-29.35,-31.21,Import,2022,Qtr 2,April,1
827,FOOD GROUP,, PULSES (LEGUMINOUS VEGETABLES),MT,62448,7909,42872,-28.73,-25.38,-27.35,Import,2022,Qtr 2,April,1
828,FOOD GROUP,, ALL OTHERS FOOD ITEMS,,,31594,171261,,44.58,40.77,Import,2022,Qtr 2,April,1
830,MACHINERY GROUP,, POWER GENERATING MACHINERY,,,12513,67830,,15.51,12.47,Import,2022,Qtr 2,April,1
831,MACHINERY GROUP,, OFFICE MACHINE INCL DATA PROC EQUIP;,,,8547,46329,,-25.38,-27.35,Import,2022,Qtr 2,April,1
832,MACHINERY GROUP,, TEXTILE MACHINERY,,,10453,56664,,32.07,28.59,Import,2022,Qtr 2,April,1
833,MACHINERY GROUP,, CONSTRUCTION & MINING MACHINERY,,,2381,12904,,-20.18,-22.28,Import,2022,Qtr 2,April,1
834,MACHINERY GROUP,, ELECTRICAL MACHINERY & APPARATUS,,,28572,154879,,-4.29,-6.81,Import,2022,Qtr 2,April,1
836,MACHINERY GROUP, TELE COM, MOBILE PHONE,,,39460,213895,,19.46,16.31,Import,2022,Qtr 2,April,1
837,MACHINERY GROUP, TELE COM, OTHER APPARATUS,,,11580,62769,,-23.08,-25.11,Import,2022,Qtr 2,April,1
838,MACHINERY GROUP,, AGRICULTURAL MACHINERY & IMPLEMENTS,,,1479,8015,,4.4,1.66,Import,2022,Qtr 2,April,1
839,MACHINERY GROUP,, OTHER MACHINERY,,,46538,252266,,-11.98,-14.3,Import,2022,Qtr 2,April,1
843,TRANSPORT GROUP," ROAD MOTOR VEH  (BUILD UNIT,CKD/SKD)","CBU-BUSES,TRUCKS & OTH  HEAVY VEHICLES",,,4899,26557,,-20.88,-22.97,Import,2022,Qtr 2,April,1
844,TRANSPORT GROUP," ROAD MOTOR VEH  (BUILD UNIT,CKD/SKD)",CBU-MOTOR CARS,,,3328,18038,,-28.73,-30.61,Import,2022,Qtr 2,April,1
845,TRANSPORT GROUP," ROAD MOTOR VEH  (BUILD UNIT,CKD/SKD)",CBU-MOTOR CYCLES,,,78,422,,91.04,86.01,Import,2022,Qtr 2,April,1
847,TRANSPORT GROUP," ROAD MOTOR VEH  (BUILD UNIT,CKD/SKD)","CKD/SKD-BUSES,TRUCKS & OTH  HEAVY VEHICLES",,,9078,49206,,-25.68,-27.64,Import,2022,Qtr 2,April,1
848,TRANSPORT GROUP," ROAD MOTOR VEH  (BUILD UNIT,CKD/SKD)",CKD/SKD-MOTOR CARS,,,24001,130101,,-20.92,-23.01,Import,2022,Qtr 2,April,1
849,TRANSPORT GROUP," ROAD MOTOR VEH  (BUILD UNIT,CKD/SKD)",CKD/SKD-MOTOR CYCLES,,,1164,6311,,-9.46,-11.85,Import,2022,Qtr 2,April,1
850,TRANSPORT GROUP," ROAD MOTOR VEH  (BUILD UNIT,CKD/SKD)",PARTS & ACCESSORIES,,,7819,42383,,-12.7,-15,Import,2022,Qtr 2,April,1
851,TRANSPORT GROUP," ROAD MOTOR VEH  (BUILD UNIT,CKD/SKD)",OTHERS,,,673,3648,,-68.41,-69.24,Import,2022,Qtr 2,April,1
852,TRANSPORT GROUP,,"AIRCRAFTS, SHIPS AND BOATS",,,16376,88767,,61.72,57.46,Import,2022,Qtr 2,April,1
853,TRANSPORT GROUP,,OTHERS TRANSPORT EQUIPMENTS,,,213,1154,,2942.67,2862.62,Import,2022,Qtr 2,April,1
855,PETROLEUM GROUP,, PETROLEUM PRODUCTS,MT,1557842,232765,1261727,10.62,25.84,22.52,Import,2022,Qtr 2,April,1
856,PETROLEUM GROUP,, PETROLEUM CRUDE,MT,748023,98427,533536,-8.41,3.39,0.66,Import,2022,Qtr 2,April,1
857,PETROLEUM GROUP,,"NATURAL GAS, LIQUIFIED",,,71072,385252,,64.69,60.35,Import,2022,Qtr 2,April,1
858,PETROLEUM GROUP,," PETROLEUM GAS, LIQUIFIED",,,7932,42998,,-28.13,-30.02,Import,2022,Qtr 2,April,1
859,PETROLEUM GROUP,, OTHERS,,,1,4,,-77.57,-80.37,Import,2022,Qtr 2,April,1
861,TEXTILE GROUP,, RAW COTTON,MT,76561,38533,208871,21.69,37.28,33.66,Import,2022,Qtr 2,April,1
862,TEXTILE GROUP,, SYNTHETIC FIBRE,MT,32757,13009,70515,13.15,11.69,8.74,Import,2022,Qtr 2,April,1
863,TEXTILE GROUP,, SYNTHETIC & ARTIFICIAL SILK YARN,MT,21450,12937,70124,-6.6,-10.62,-12.97,Import,2022,Qtr 2,April,1
864,TEXTILE GROUP,, WORN CLOTHING,MT,84194,5814,31513,-47.81,-53.27,-54.5,Import,2022,Qtr 2,April,1
865,TEXTILE GROUP,, OTHR TEXTILE ITEMS,,,9257,50181,,-16.33,-18.54,Import,2022,Qtr 2,April,1
867,"AGRICULTURAL & OTHER
 CHEMICALS GROUP",, FERTILIZER MANUFACTURED,MT,60250,6096,33047,2.87,4.67,1.91,Import,2022,Qtr 2,April,1
868,"AGRICULTURAL & OTHER
 CHEMICALS GROUP",, INSECTICIDES,MT,2499,3596,19492,0.48,22.85,19.61,Import,2022,Qtr 2,April,1
869,"AGRICULTURAL & OTHER
 CHEMICALS GROUP",, PLASTIC MATERIALS,MT,165489,51678,280127,-18.48,-12.68,-14.98,Import,2022,Qtr 2,April,1
870,"AGRICULTURAL & OTHER
 CHEMICALS GROUP",, MEDICINAL PRODUCTS,MT,2741,25161,136388,74.92,66.33,61.94,Import,2022,Qtr 2,April,1
871,"AGRICULTURAL & OTHER
 CHEMICALS GROUP",, OTHERS,,,101162,548361,,8.44,5.58,Import,2022,Qtr 2,April,1
873,METAL GROUP,, GOLD,KG,37,467,2532,85,58.94,54.73,Import,2022,Qtr 2,April,1
874,METAL GROUP,, IRON AND STEEL SCRAP,MT,265292,32751,177530,-18.16,-8.35,-10.77,Import,2022,Qtr 2,April,1
875,METAL GROUP,, IRON AND STEEL,MT,194492,35157,190570,-21.61,-7.87,-10.3,Import,2022,Qtr 2,April,1
876,METAL GROUP,, ALUMINIUM WROUGHT & WORKED,,,4755,25776,,1.57,-1.11,Import,2022,Qtr 2,April,1
877,METAL GROUP,, ALL OTHER METALS & ARTICALS,,,14141,76650,,-9.14,-11.54,Import,2022,Qtr 2,April,1
879,MISCELLANEOUS GROUP,, RUBBER CRUDE INCL  SYNTH/RECLAIMED,MT,31125,4191,22719,-8.06,2.27,-0.42,Import,2022,Qtr 2,April,1
880,MISCELLANEOUS GROUP,, RUBBER TYRES & TUBES,NO,213150,2016,10929,-26.36,-22.91,-24.94,Import,2022,Qtr 2,April,1
881,MISCELLANEOUS GROUP,, WOOD & CORK,,,2543,13784,,11.61,8.67,Import,2022,Qtr 2,April,1
882,MISCELLANEOUS GROUP,, JUTE,MT,2053,397,2153,-65.71,-58.17,-59.28,Import,2022,Qtr 2,April,1
883,MISCELLANEOUS GROUP,, PAPER & PAPER BOARD & MANUF THEREOF,MT,34166,7063,38284,-9.88,-8.61,-11.02,Import,2022,Qtr 2,April,1
884,MISCELLANEOUS GROUP,,ALL OTHERS ITEMS,,,96609,523679,,2.18,-0.51,Import,2022,Qtr 2,April,1
887,FOOD GROUP,," MILK,CREAM & MILK FOOD FOR INFANTS",MT,2879,2731,12363,27.22,30.41,29.55,Import,2022,Qtr 3,August,1
888,FOOD GROUP,, WHEAT UNMILLED,MT,410918,44977,203622,94.2,91.3,90.05,Import,2022,Qtr 3,August,1
889,FOOD GROUP,, DRY FRUITS & NUTS,MT,4938,548,2481,51.85,32.7,31.83,Import,2022,Qtr 3,August,1
890,FOOD GROUP,, TEA,MT,18581,10292,46593,2.47,3.49,2.81,Import,2022,Qtr 3,August,1
891,FOOD GROUP,, SPICES,MT,11653,3107,14064,4.99,15.4,14.64,Import,2022,Qtr 3,August,1
892,FOOD GROUP,, SOYABEAN OIL,MT,15500,6016,27234,40.91,73.41,72.27,Import,2022,Qtr 3,August,1
893,FOOD GROUP,, PALM OIL,MT,267450,92096,416939,41.84,40.2,39.28,Import,2022,Qtr 3,August,1
894,FOOD GROUP,, SUGAR,MT,790,151,682,58.32,53.71,52.57,Import,2022,Qtr 3,August,1
895,FOOD GROUP,, PULSES (LEGUMINOUS VEGETABLES),MT,125825,24314,110076,112,108.87,107.5,Import,2022,Qtr 3,August,1
896,FOOD GROUP,, ALL OTHERS FOOD ITEMS,,,41146,186276,,-14.11,-14.67,Import,2022,Qtr 3,August,1
898,MACHINERY GROUP,, POWER GENERATING MACHINERY,,,12058,54589,,22.68,21.87,Import,2022,Qtr 3,August,1
899,MACHINERY GROUP,, OFFICE MACHINE INCL DATA PROC EQUIP;,,,4620,20918,,14.42,13.67,Import,2022,Qtr 3,August,1
900,MACHINERY GROUP,, TEXTILE MACHINERY,,,12338,55857,,50.04,49.06,Import,2022,Qtr 3,August,1
901,MACHINERY GROUP,, CONSTRUCTION & MINING MACHINERY,,,1444,6538,,-13.53,-14.09,Import,2022,Qtr 3,August,1
902,MACHINERY GROUP,, ELECTRICAL MACHINERY & APPARATUS,,,43114,195188,,-19.12,-19.65,Import,2022,Qtr 3,August,1
904,MACHINERY GROUP, TELE COM, MOBILE PHONE,,,13929,63060,,63.58,62.51,Import,2022,Qtr 3,August,1
905,MACHINERY GROUP, TELE COM, OTHER APPARATUS,,,8499,38477,,33.11,32.24,Import,2022,Qtr 3,August,1
906,MACHINERY GROUP,, AGRICULTURAL MACHINERY & IMPLEMENTS,,,1366,6185,,10.53,9.8,Import,2022,Qtr 3,August,1
907,MACHINERY GROUP,, OTHER MACHINERY,,,50273,227597,,12.92,12.18,Import,2022,Qtr 3,August,1
911,TRANSPORT GROUP," ROAD MOTOR VEH  (BUILD UNIT,CKD/SKD)","CBU-BUSES,TRUCKS & OTH  HEAVY VEHICLES",,,6315,28589,,87.17,85.93,Import,2022,Qtr 3,August,1
912,TRANSPORT GROUP," ROAD MOTOR VEH  (BUILD UNIT,CKD/SKD)",CBU-MOTOR CARS,,,1800,8147,,-13.44,-14.01,Import,2022,Qtr 3,August,1
913,TRANSPORT GROUP," ROAD MOTOR VEH  (BUILD UNIT,CKD/SKD)",CBU-MOTOR CYCLES,,,20,88,,-42.62,-43.23,Import,2022,Qtr 3,August,1
915,TRANSPORT GROUP," ROAD MOTOR VEH  (BUILD UNIT,CKD/SKD)","CKD/SKD-BUSES,TRUCKS & OTH  HEAVY VEHICLES",,,5900,26709,,-3.41,-4.05,Import,2022,Qtr 3,August,1
916,TRANSPORT GROUP," ROAD MOTOR VEH  (BUILD UNIT,CKD/SKD)",CKD/SKD-MOTOR CARS,,,21813,98754,,46.41,45.45,Import,2022,Qtr 3,August,1
917,TRANSPORT GROUP," ROAD MOTOR VEH  (BUILD UNIT,CKD/SKD)",CKD/SKD-MOTOR CYCLES,,,1392,6300,,15.87,15.11,Import,2022,Qtr 3,August,1
918,TRANSPORT GROUP," ROAD MOTOR VEH  (BUILD UNIT,CKD/SKD)",PARTS & ACCESSORIES,,,8557,38739,,29.26,28.41,Import,2022,Qtr 3,August,1
919,TRANSPORT GROUP," ROAD MOTOR VEH  (BUILD UNIT,CKD/SKD)",OTHERS,,,385,1744,,-40.08,-40.48,Import,2022,Qtr 3,August,1
920,TRANSPORT GROUP,,"AIRCRAFTS, SHIPS AND BOATS",,,502,2273,,-95.33,-95.36,Import,2022,Qtr 3,August,1
921,TRANSPORT GROUP,,OTHERS TRANSPORT EQUIPMENTS,,,40,179,,-84.9,-85.01,Import,2022,Qtr 3,August,1
923,PETROLEUM GROUP,, PETROLEUM PRODUCTS,MT,1150291,205549,930566,50.08,28.65,27.81,Import,2022,Qtr 3,August,1
924,PETROLEUM GROUP,, PETROLEUM CRUDE,MT,644485,104572,473419,7.02,10.54,9.82,Import,2022,Qtr 3,August,1
925,PETROLEUM GROUP,,"NATURAL GAS, LIQUIFIED",,,88118,398931,,74.2,73.06,Import,2022,Qtr 3,August,1
926,PETROLEUM GROUP,," PETROLEUM GAS, LIQUIFIED",,,13929,63059,,36.8,35.9,Import,2022,Qtr 3,August,1
927,PETROLEUM GROUP,, OTHERS,,,1,4,,-93.83,-94.52,Import,2022,Qtr 3,August,1
929,TEXTILE GROUP,, RAW COTTON,MT,51384,32916,149017,32.87,41.03,40.11,Import,2022,Qtr 3,August,1
930,TEXTILE GROUP,, SYNTHETIC FIBRE,MT,25615,12291,55646,-5.8,-5.68,-6.29,Import,2022,Qtr 3,August,1
931,TEXTILE GROUP,, SYNTHETIC & ARTIFICIAL SILK YARN,MT,25237,12376,56030,-3.83,-7.77,-8.38,Import,2022,Qtr 3,August,1
932,TEXTILE GROUP,, WORN CLOTHING,MT,91802,8845,40044,35.62,49.51,48.53,Import,2022,Qtr 3,August,1
933,TEXTILE GROUP,, OTHR TEXTILE ITEMS,,,15222,68915,,25.21,24.38,Import,2022,Qtr 3,August,1
935,"AGRICULTURAL & OTHER
 CHEMICALS GROUP",, FERTILIZER MANUFACTURED,MT,18565,4126,18677,272.27,280.24,277.77,Import,2022,Qtr 3,August,1
936,"AGRICULTURAL & OTHER
 CHEMICALS GROUP",, INSECTICIDES,MT,3532,4704,21294,-4.31,-10.93,-11.52,Import,2022,Qtr 3,August,1
937,"AGRICULTURAL & OTHER
 CHEMICALS GROUP",, PLASTIC MATERIALS,MT,128513,46649,211190,-15.39,-12.08,-12.66,Import,2022,Qtr 3,August,1
938,"AGRICULTURAL & OTHER
 CHEMICALS GROUP",, MEDICINAL PRODUCTS,MT,3956,24466,110764,21.42,21.25,20.46,Import,2022,Qtr 3,August,1
939,"AGRICULTURAL & OTHER
 CHEMICALS GROUP",, OTHERS,,,118231,535256,,21.65,20.85,Import,2022,Qtr 3,August,1
941,METAL GROUP,, GOLD,KG,35,536,2426,118.75,139.27,137.61,Import,2022,Qtr 3,August,1
942,METAL GROUP,, IRON AND STEEL SCRAP,MT,279485,34396,155718,61.23,51.95,50.96,Import,2022,Qtr 3,August,1
943,METAL GROUP,, IRON AND STEEL,MT,140553,32617,147663,-27.29,-24.49,-24.99,Import,2022,Qtr 3,August,1
944,METAL GROUP,, ALUMINIUM WROUGHT & WORKED,,,6599,29874,,61.74,60.67,Import,2022,Qtr 3,August,1
945,METAL GROUP,, ALL OTHER METALS & ARTICALS,,,19294,87350,,-8.19,-8.79,Import,2022,Qtr 3,August,1
947,MISCELLANEOUS GROUP,, RUBBER CRUDE INCL  SYNTH/RECLAIMED,MT,50124,5575,25241,30.59,37.06,36.16,Import,2022,Qtr 3,August,1
948,MISCELLANEOUS GROUP,, RUBBER TYRES & TUBES,NO,379440,3087,13975,9.86,14.37,13.62,Import,2022,Qtr 3,August,1
949,MISCELLANEOUS GROUP,, WOOD & CORK,,,1656,7499,,67.64,66.57,Import,2022,Qtr 3,August,1
950,MISCELLANEOUS GROUP,, JUTE,MT,8553,1856,8403,59.45,65.73,64.64,Import,2022,Qtr 3,August,1
951,MISCELLANEOUS GROUP,, PAPER & PAPER BOARD & MANUF THEREOF,MT,38605,9970,45134,32.39,37.97,37.06,Import,2022,Qtr 3,August,1
952,MISCELLANEOUS GROUP,,ALL OTHERS ITEMS,,,113700,514749,,46.68,45.72,Import,2022,Qtr 3,August,1
955,FOOD GROUP,," MILK,CREAM & MILK FOOD FOR INFANTS",MT,3873,3877,17249,-1.05,18.39,17.09,Import,2022,Qtr 4,December,1
956,FOOD GROUP,, WHEAT UNMILLED,MT,391423,33453,148838,100,100,100,Import,2022,Qtr 4,December,1
957,FOOD GROUP,, DRY FRUITS & NUTS,MT,8473,963,4285,6.6,10.04,8.84,Import,2022,Qtr 4,December,1
958,FOOD GROUP,, TEA,MT,27388,15904,70759,21.75,28.75,27.34,Import,2022,Qtr 4,December,1
959,FOOD GROUP,, SPICES,MT,16165,3778,16811,40.02,42.46,40.9,Import,2022,Qtr 4,December,1
960,FOOD GROUP,, SOYABEAN OIL,MT,7175,2456,10926,-64.2,-65.86,-66.24,Import,2022,Qtr 4,December,1
961,FOOD GROUP,, PALM OIL,MT,342912,80361,357538,20.34,13.63,12.39,Import,2022,Qtr 4,December,1
962,FOOD GROUP,, SUGAR,MT,389,73,327,-57.67,-57.98,-58.4,Import,2022,Qtr 4,December,1
963,FOOD GROUP,, PULSES (LEGUMINOUS VEGETABLES),MT,115009,17892,79605,-27.66,-23.52,-24.36,Import,2022,Qtr 4,December,1
964,FOOD GROUP,, ALL OTHERS FOOD ITEMS,,,28603,127259,,20.25,18.93,Import,2022,Qtr 4,December,1
966,MACHINERY GROUP,, POWER GENERATING MACHINERY,,,10055,44737,,-21.64,-22.5,Import,2022,Qtr 4,December,1
967,MACHINERY GROUP,, OFFICE MACHINE INCL DATA PROC EQUIP;,,,8312,36981,,-7.71,-8.72,Import,2022,Qtr 4,December,1
968,MACHINERY GROUP,, TEXTILE MACHINERY,,,6556,29170,,17.81,16.53,Import,2022,Qtr 4,December,1
969,MACHINERY GROUP,, CONSTRUCTION & MINING MACHINERY,,,2259,10051,,112.59,110.27,Import,2022,Qtr 4,December,1
970,MACHINERY GROUP,, ELECTRICAL MACHINERY & APPARATUS,,,18197,80959,,-47.55,-48.12,Import,2022,Qtr 4,December,1
972,MACHINERY GROUP, TELE COM, MOBILE PHONE,,,16248,72291,,13.28,12.04,Import,2022,Qtr 4,December,1
973,MACHINERY GROUP, TELE COM, OTHER APPARATUS,,,8513,37874,,-16.06,-16.97,Import,2022,Qtr 4,December,1
974,MACHINERY GROUP,, AGRICULTURAL MACHINERY & IMPLEMENTS,,,384,1707,,-13.9,-14.82,Import,2022,Qtr 4,December,1
975,MACHINERY GROUP,, OTHER MACHINERY,,,36437,162115,,17.99,16.7,Import,2022,Qtr 4,December,1
979,TRANSPORT GROUP," ROAD MOTOR VEH  (BUILD UNIT,CKD/SKD)","CBU-BUSES,TRUCKS & OTH  HEAVY VEHICLES",,,1475,6562,,128.56,126.04,Import,2022,Qtr 4,December,1
980,TRANSPORT GROUP," ROAD MOTOR VEH  (BUILD UNIT,CKD/SKD)",CBU-MOTOR CARS,,,1176,5234,,43.34,41.77,Import,2022,Qtr 4,December,1
981,TRANSPORT GROUP," ROAD MOTOR VEH  (BUILD UNIT,CKD/SKD)",CBU-MOTOR CYCLES,,,75,334,,445.38,438.71,Import,2022,Qtr 4,December,1
983,TRANSPORT GROUP," ROAD MOTOR VEH  (BUILD UNIT,CKD/SKD)","CKD/SKD-BUSES,TRUCKS & OTH  HEAVY VEHICLES",,,6395,28453,,-21.33,-22.19,Import,2022,Qtr 4,December,1
984,TRANSPORT GROUP," ROAD MOTOR VEH  (BUILD UNIT,CKD/SKD)",CKD/SKD-MOTOR CARS,,,9475,42157,,-57.41,-57.88,Import,2022,Qtr 4,December,1
985,TRANSPORT GROUP," ROAD MOTOR VEH  (BUILD UNIT,CKD/SKD)",CKD/SKD-MOTOR CYCLES,,,796,3539,,-26.04,-26.85,Import,2022,Qtr 4,December,1
986,TRANSPORT GROUP," ROAD MOTOR VEH  (BUILD UNIT,CKD/SKD)",PARTS & ACCESSORIES,,,6052,26927,,-3.06,-4.12,Import,2022,Qtr 4,December,1
987,TRANSPORT GROUP," ROAD MOTOR VEH  (BUILD UNIT,CKD/SKD)",OTHERS,,,1082,4816,,119.23,116.84,Import,2022,Qtr 4,December,1
988,TRANSPORT GROUP,,"AIRCRAFTS, SHIPS AND BOATS",,,5038,22414,,392.37,386.94,Import,2022,Qtr 4,December,1
989,TRANSPORT GROUP,,OTHERS TRANSPORT EQUIPMENTS,,,51,226,,-99.4,-99.4,Import,2022,Qtr 4,December,1
991,PETROLEUM GROUP,, PETROLEUM PRODUCTS,MT,956817,146065,649862,0.59,-7.23,-8.24,Import,2022,Qtr 4,December,1
992,PETROLEUM GROUP,, PETROLEUM CRUDE,MT,810478,113024,502858,3.76,-6.88,-7.9,Import,2022,Qtr 4,December,1
993,PETROLEUM GROUP,,"NATURAL GAS, LIQUIFIED",,,82017,364904,,15.96,14.7,Import,2022,Qtr 4,December,1
994,PETROLEUM GROUP,," PETROLEUM GAS, LIQUIFIED",,,15193,67596,,-7.38,-8.39,Import,2022,Qtr 4,December,1
995,PETROLEUM GROUP,, OTHERS,,,10,43,,1.65,2.38,Import,2022,Qtr 4,December,1
997,TEXTILE GROUP,, RAW COTTON,MT,91926,53878,239709,41.52,38.42,36.91,Import,2022,Qtr 4,December,1
998,TEXTILE GROUP,, SYNTHETIC FIBRE,MT,22236,8700,38709,12.79,4.54,3.4,Import,2022,Qtr 4,December,1
999,TEXTILE GROUP,, SYNTHETIC & ARTIFICIAL SILK YARN,MT,35152,13831,61537,-5.08,0.22,-0.87,Import,2022,Qtr 4,December,1
1000,TEXTILE GROUP,, WORN CLOTHING,MT,69950,6640,29542,-16.89,-16.26,-17.17,Import,2022,Qtr 4,December,1
1001,TEXTILE GROUP,, OTHR TEXTILE ITEMS,,,16796,74727,,24.08,22.72,Import,2022,Qtr 4,December,1
1003,"AGRICULTURAL & OTHER
 CHEMICALS GROUP",, FERTILIZER MANUFACTURED,MT,137379,18285,81351,-37.08,-50.95,-51.49,Import,2022,Qtr 4,December,1
1004,"AGRICULTURAL & OTHER
 CHEMICALS GROUP",, INSECTICIDES,MT,1958,2125,9455,-12.7,-39.71,-40.37,Import,2022,Qtr 4,December,1
1005,"AGRICULTURAL & OTHER
 CHEMICALS GROUP",, PLASTIC MATERIALS,MT,164064,48956,217813,19.15,14.57,13.32,Import,2022,Qtr 4,December,1
1006,"AGRICULTURAL & OTHER
 CHEMICALS GROUP",, MEDICINAL PRODUCTS,MT,3120,23183,103143,-33.59,-32.78,-33.51,Import,2022,Qtr 4,December,1
1007,"AGRICULTURAL & OTHER
 CHEMICALS GROUP",, OTHERS,,,88342,393045,,9.62,8.42,Import,2022,Qtr 4,December,1
1009,METAL GROUP,, GOLD,KG,45,732,3259,28.57,50.49,48.88,Import,2022,Qtr 4,December,1
1010,METAL GROUP,, IRON AND STEEL SCRAP,MT,191681,22651,100779,-8.88,-8.27,-9.27,Import,2022,Qtr 4,December,1
1011,METAL GROUP,, IRON AND STEEL,MT,250234,39647,176395,46.6,16.03,14.76,Import,2022,Qtr 4,December,1
1012,METAL GROUP,, ALUMINIUM WROUGHT & WORKED,,,4572,20340,,-7.75,-8.76,Import,2022,Qtr 4,December,1
1013,METAL GROUP,, ALL OTHER METALS & ARTICALS,,,16990,75590,,2.08,0.96,Import,2022,Qtr 4,December,1
1015,MISCELLANEOUS GROUP,, RUBBER CRUDE INCL  SYNTH/RECLAIMED,MT,25005,3514,15636,-17.05,-14.9,-15.83,Import,2022,Qtr 4,December,1
1016,MISCELLANEOUS GROUP,, RUBBER TYRES & TUBES,NO,249509,2232,9932,19.02,15.05,13.79,Import,2022,Qtr 4,December,1
1017,MISCELLANEOUS GROUP,, WOOD & CORK,,,2265,10078,,42.26,40.71,Import,2022,Qtr 4,December,1
1018,MISCELLANEOUS GROUP,, JUTE,MT,6048,1184,5269,14.87,3.32,2.19,Import,2022,Qtr 4,December,1
1019,MISCELLANEOUS GROUP,, PAPER & PAPER BOARD & MANUF THEREOF,MT,42515,11115,49452,19.81,17.48,16.19,Import,2022,Qtr 4,December,1
1020,MISCELLANEOUS GROUP,,ALL OTHERS ITEMS,,,90429,402332,,-3.03,-4.09,Import,2022,Qtr 4,December,1
1023,FOOD GROUP,," MILK,CREAM & MILK FOOD FOR INFANTS",MT,5265,3478,19705,3.15,23.63,23.49,Import,2022,Qtr 1,February,1
1024,FOOD GROUP,, WHEAT UNMILLED,MT,327783,21985,124575,-19.17,-20.59,-20.67,Import,2022,Qtr 1,February,1
1025,FOOD GROUP,, DRY FRUITS & NUTS,MT,8408,784,4442,-28.48,-40.57,-40.62,Import,2022,Qtr 1,February,1
1026,FOOD GROUP,, TEA,MT,25320,12157,68886,11.75,27.75,27.63,Import,2022,Qtr 1,February,1
1027,FOOD GROUP,, SPICES,MT,14474,3107,17608,5.12,-1.79,-1.87,Import,2022,Qtr 1,February,1
1028,FOOD GROUP,, SOYABEAN OIL,MT,11750,2943,16677,-15.03,-11.06,-11.13,Import,2022,Qtr 1,February,1
1029,FOOD GROUP,, PALM OIL,MT,235030,54358,308011,8.28,7.63,7.52,Import,2022,Qtr 1,February,1
1030,FOOD GROUP,, SUGAR,MT,394,60,342,-59.92,-50.57,-50.79,Import,2022,Qtr 1,February,1
1031,FOOD GROUP,, PULSES (LEGUMINOUS VEGETABLES),MT,55194,6878,38974,18.05,16.74,16.62,Import,2022,Qtr 1,February,1
1032,FOOD GROUP,, ALL OTHERS FOOD ITEMS,,,34983,198221,,-17.02,-17.1,Import,2022,Qtr 1,February,1
1034,MACHINERY GROUP,, POWER GENERATING MACHINERY,,,16680,94511,,4.81,4.71,Import,2022,Qtr 1,February,1
1035,MACHINERY GROUP,, OFFICE MACHINE INCL DATA PROC EQUIP;,,,10141,57461,,43.98,43.85,Import,2022,Qtr 1,February,1
1036,MACHINERY GROUP,, TEXTILE MACHINERY,,,12878,72968,,4.88,4.78,Import,2022,Qtr 1,February,1
1037,MACHINERY GROUP,, CONSTRUCTION & MINING MACHINERY,,,2729,15463,,32.93,32.78,Import,2022,Qtr 1,February,1
1038,MACHINERY GROUP,, ELECTRICAL MACHINERY & APPARATUS,,,29875,169283,,15.77,15.65,Import,2022,Qtr 1,February,1
1040,MACHINERY GROUP, TELE COM, MOBILE PHONE,,,24921,141207,,-21.37,-21.45,Import,2022,Qtr 1,February,1
1041,MACHINERY GROUP, TELE COM, OTHER APPARATUS,,,13230,74964,,53.3,53.15,Import,2022,Qtr 1,February,1
1042,MACHINERY GROUP,, AGRICULTURAL MACHINERY & IMPLEMENTS,,,2078,11775,,30.53,30.37,Import,2022,Qtr 1,February,1
1043,MACHINERY GROUP,, OTHER MACHINERY,,,54351,307970,,3.41,3.31,Import,2022,Qtr 1,February,1
1047,TRANSPORT GROUP," ROAD MOTOR VEH  (BUILD UNIT,CKD/SKD)","CBU-BUSES,TRUCKS & OTH  HEAVY VEHICLES",,,4090,23174,,-20.96,-21.03,Import,2022,Qtr 1,February,1
1048,TRANSPORT GROUP," ROAD MOTOR VEH  (BUILD UNIT,CKD/SKD)",CBU-MOTOR CARS,,,3920,22210,,-8.38,-8.46,Import,2022,Qtr 1,February,1
1049,TRANSPORT GROUP," ROAD MOTOR VEH  (BUILD UNIT,CKD/SKD)",CBU-MOTOR CYCLES,,,50,286,,7.43,6.32,Import,2022,Qtr 1,February,1
1051,TRANSPORT GROUP," ROAD MOTOR VEH  (BUILD UNIT,CKD/SKD)","CKD/SKD-BUSES,TRUCKS & OTH  HEAVY VEHICLES",,,6912,39168,,-0.41,-0.51,Import,2022,Qtr 1,February,1
1052,TRANSPORT GROUP," ROAD MOTOR VEH  (BUILD UNIT,CKD/SKD)",CKD/SKD-MOTOR CARS,,,22882,129655,,-21.36,-21.44,Import,2022,Qtr 1,February,1
1053,TRANSPORT GROUP," ROAD MOTOR VEH  (BUILD UNIT,CKD/SKD)",CKD/SKD-MOTOR CYCLES,,,1464,8296,,19.32,19.2,Import,2022,Qtr 1,February,1
1054,TRANSPORT GROUP," ROAD MOTOR VEH  (BUILD UNIT,CKD/SKD)",PARTS & ACCESSORIES,,,7359,41697,,6.68,6.58,Import,2022,Qtr 1,February,1
1055,TRANSPORT GROUP," ROAD MOTOR VEH  (BUILD UNIT,CKD/SKD)",OTHERS,,,1675,9492,,15.69,15.6,Import,2022,Qtr 1,February,1
1056,TRANSPORT GROUP,,"AIRCRAFTS, SHIPS AND BOATS",,,4526,25645,,143.85,143.59,Import,2022,Qtr 1,February,1
1057,TRANSPORT GROUP,,OTHERS TRANSPORT EQUIPMENTS,,,24,134,,-89.68,-89.68,Import,2022,Qtr 1,February,1
1059,PETROLEUM GROUP,, PETROLEUM PRODUCTS,MT,799374,91858,520494,-29.95,-23.12,-23.2,Import,2022,Qtr 1,February,1
1060,PETROLEUM GROUP,, PETROLEUM CRUDE,MT,599578,63486,359730,-11.88,-6.54,-6.63,Import,2022,Qtr 1,February,1
1061,PETROLEUM GROUP,,"NATURAL GAS, LIQUIFIED",,,54523,308943,,-16.66,-16.74,Import,2022,Qtr 1,February,1
1062,PETROLEUM GROUP,," PETROLEUM GAS, LIQUIFIED",,,9922,56220,,-29.83,-29.9,Import,2022,Qtr 1,February,1
1063,PETROLEUM GROUP,, OTHERS,,,3,17,,194.35,183.33,Import,2022,Qtr 1,February,1
1065,TEXTILE GROUP,, RAW COTTON,MT,48695,22527,127642,16.84,28.24,28.11,Import,2022,Qtr 1,February,1
1066,TEXTILE GROUP,, SYNTHETIC FIBRE,MT,24414,9029,51164,16.37,23.57,23.45,Import,2022,Qtr 1,February,1
1067,TEXTILE GROUP,, SYNTHETIC & ARTIFICIAL SILK YARN,MT,31137,11953,67728,-4.94,-8.3,-8.39,Import,2022,Qtr 1,February,1
1068,TEXTILE GROUP,, WORN CLOTHING,MT,79191,5317,30128,75.14,7.78,7.68,Import,2022,Qtr 1,February,1
1069,TEXTILE GROUP,, OTHR TEXTILE ITEMS,,,13646,77322,,5.64,5.54,Import,2022,Qtr 1,February,1
1071,"AGRICULTURAL & OTHER
 CHEMICALS GROUP",, FERTILIZER MANUFACTURED,MT,98795,11302,64043,57.84,15.92,15.81,Import,2022,Qtr 1,February,1
1072,"AGRICULTURAL & OTHER
 CHEMICALS GROUP",, INSECTICIDES,MT,2722,2876,16295,12.42,-3.4,-3.48,Import,2022,Qtr 1,February,1
1073,"AGRICULTURAL & OTHER
 CHEMICALS GROUP",, PLASTIC MATERIALS,MT,158992,44855,254164,27.07,18.7,18.58,Import,2022,Qtr 1,February,1
1074,"AGRICULTURAL & OTHER
 CHEMICALS GROUP",, MEDICINAL PRODUCTS,MT,7544,44091,249834,-16.71,-16.29,-16.37,Import,2022,Qtr 1,February,1
1075,"AGRICULTURAL & OTHER
 CHEMICALS GROUP",, OTHERS,,,88875,503594,,0.14,0.04,Import,2022,Qtr 1,February,1
1077,METAL GROUP,, GOLD,KG,33,370,2094,22.22,21.17,21.11,Import,2022,Qtr 1,February,1
1078,METAL GROUP,, IRON AND STEEL SCRAP,MT,350233,37606,213085,3.36,0.94,0.84,Import,2022,Qtr 1,February,1
1079,METAL GROUP,, IRON AND STEEL,MT,231275,41267,233832,-4.59,16.82,16.71,Import,2022,Qtr 1,February,1
1080,METAL GROUP,, ALUMINIUM WROUGHT & WORKED,,,4258,24128,,-2.87,-2.97,Import,2022,Qtr 1,February,1
1081,METAL GROUP,, ALL OTHER METALS & ARTICALS,,,16528,93653,,19.46,19.34,Import,2022,Qtr 1,February,1
1083,MISCELLANEOUS GROUP,, RUBBER CRUDE INCL  SYNTH/RECLAIMED,MT,27607,3387,19191,-20.68,19.46,19.37,Import,2022,Qtr 1,February,1
1084,MISCELLANEOUS GROUP,, RUBBER TYRES & TUBES,NO,272785,2593,14694,-14.59,-5.94,-6.05,Import,2022,Qtr 1,February,1
1085,MISCELLANEOUS GROUP,, WOOD & CORK,,,3551,20119,,54.24,54.11,Import,2022,Qtr 1,February,1
1086,MISCELLANEOUS GROUP,, JUTE,MT,4001,762,4317,-9.46,-1.94,-2.09,Import,2022,Qtr 1,February,1
1087,MISCELLANEOUS GROUP,, PAPER & PAPER BOARD & MANUF THEREOF,MT,38658,7848,44469,3.36,2.67,2.57,Import,2022,Qtr 1,February,1
1088,MISCELLANEOUS GROUP,,ALL OTHERS ITEMS,,,87298,506819,,8.03,10.58,Import,2022,Qtr 1,February,1
1091,FOOD GROUP,," MILK,CREAM & MILK FOOD FOR INFANTS",MT,4934,2813,15957,10.16,10.37,10.92,Import,2022,Qtr 1,January,1
1092,FOOD GROUP,, WHEAT UNMILLED,MT,405509,27685,157026,20.18,19.84,20.43,Import,2022,Qtr 1,January,1
1093,FOOD GROUP,, DRY FRUITS & NUTS,MT,11344,1319,7481,-22.79,-20.11,-19.73,Import,2022,Qtr 1,January,1
1094,FOOD GROUP,, TEA,MT,20254,9516,53975,-15.49,-6.04,-5.57,Import,2022,Qtr 1,January,1
1095,FOOD GROUP,, SPICES,MT,18117,3164,17944,50.57,13.64,14.19,Import,2022,Qtr 1,January,1
1096,FOOD GROUP,, SOYABEAN OIL,MT,13807,3309,18766,452.28,477.42,480.45,Import,2022,Qtr 1,January,1
1097,FOOD GROUP,, PALM OIL,MT,217180,50506,286459,-13.3,-9.98,-9.54,Import,2022,Qtr 1,January,1
1098,FOOD GROUP,, SUGAR,MT,1013,122,695,6.63,-5.07,-4.66,Import,2022,Qtr 1,January,1
1099,FOOD GROUP,, PULSES (LEGUMINOUS VEGETABLES),MT,46763,5892,33419,8.12,20.92,21.5,Import,2022,Qtr 1,January,1
1100,FOOD GROUP,, ALL OTHERS FOOD ITEMS,,,42160,239122,,14.24,14.8,Import,2022,Qtr 1,January,1
1102,MACHINERY GROUP,, POWER GENERATING MACHINERY,,,15779,89494,,-35.51,-35.19,Import,2022,Qtr 1,January,1
1103,MACHINERY GROUP,, OFFICE MACHINE INCL DATA PROC EQUIP;,,,7044,39954,,-34.23,-33.9,Import,2022,Qtr 1,January,1
1104,MACHINERY GROUP,, TEXTILE MACHINERY,,,12276,69626,,-5.13,-4.66,Import,2022,Qtr 1,January,1
1105,MACHINERY GROUP,, CONSTRUCTION & MINING MACHINERY,,,2201,12486,,-54.02,-53.8,Import,2022,Qtr 1,January,1
1106,MACHINERY GROUP,, ELECTRICAL MACHINERY & APPARATUS,,,25874,146752,,-32.56,-32.23,Import,2022,Qtr 1,January,1
1108,MACHINERY GROUP, TELE COM, MOBILE PHONE,,,31695,179768,,-23.53,-23.15,Import,2022,Qtr 1,January,1
1109,MACHINERY GROUP, TELE COM, OTHER APPARATUS,,,8714,49422,,-17.03,-16.62,Import,2022,Qtr 1,January,1
1110,MACHINERY GROUP,, AGRICULTURAL MACHINERY & IMPLEMENTS,,,1593,9033,,-9.77,-9.33,Import,2022,Qtr 1,January,1
1111,MACHINERY GROUP,, OTHER MACHINERY,,,53088,301102,,-3.06,-2.58,Import,2022,Qtr 1,January,1
1115,TRANSPORT GROUP," ROAD MOTOR VEH  (BUILD UNIT,CKD/SKD)","CBU-BUSES,TRUCKS & OTH  HEAVY VEHICLES",,,4674,26510,,27.98,28.61,Import,2022,Qtr 1,January,1
1116,TRANSPORT GROUP," ROAD MOTOR VEH  (BUILD UNIT,CKD/SKD)",CBU-MOTOR CARS,,,4279,24270,,12.52,13.06,Import,2022,Qtr 1,January,1
1117,TRANSPORT GROUP," ROAD MOTOR VEH  (BUILD UNIT,CKD/SKD)",CBU-MOTOR CYCLES,,,47,267,,-11.32,-11.59,Import,2022,Qtr 1,January,1
1119,TRANSPORT GROUP," ROAD MOTOR VEH  (BUILD UNIT,CKD/SKD)","CKD/SKD-BUSES,TRUCKS & OTH  HEAVY VEHICLES",,,7468,42357,,-34.92,-34.6,Import,2022,Qtr 1,January,1
1120,TRANSPORT GROUP," ROAD MOTOR VEH  (BUILD UNIT,CKD/SKD)",CKD/SKD-MOTOR CARS,,,26914,152651,,6,6.52,Import,2022,Qtr 1,January,1
1121,TRANSPORT GROUP," ROAD MOTOR VEH  (BUILD UNIT,CKD/SKD)",CKD/SKD-MOTOR CYCLES,,,1227,6959,,-17.76,-17.34,Import,2022,Qtr 1,January,1
1122,TRANSPORT GROUP," ROAD MOTOR VEH  (BUILD UNIT,CKD/SKD)",PARTS & ACCESSORIES,,,9028,51205,,-2.9,-2.43,Import,2022,Qtr 1,January,1
1123,TRANSPORT GROUP," ROAD MOTOR VEH  (BUILD UNIT,CKD/SKD)",OTHERS,,,1474,8360,,-17.93,-17.51,Import,2022,Qtr 1,January,1
1124,TRANSPORT GROUP,,"AIRCRAFTS, SHIPS AND BOATS",,,1856,10527,,-85.86,-85.79,Import,2022,Qtr 1,January,1
1125,TRANSPORT GROUP,,OTHERS TRANSPORT EQUIPMENTS,,,229,1299,,-39.42,-39.07,Import,2022,Qtr 1,January,1
1127,PETROLEUM GROUP,, PETROLEUM PRODUCTS,MT,1139526,119483,677685,-27.31,-25.12,-24.76,Import,2022,Qtr 1,January,1
1128,PETROLEUM GROUP,, PETROLEUM CRUDE,MT,680386,67929,385280,1.91,8.21,8.74,Import,2022,Qtr 1,January,1
1129,PETROLEUM GROUP,,"NATURAL GAS, LIQUIFIED",,,65425,371080,,-23.14,-22.77,Import,2022,Qtr 1,January,1
1130,PETROLEUM GROUP,," PETROLEUM GAS, LIQUIFIED",,,14139,80194,,20.05,20.64,Import,2022,Qtr 1,January,1
1131,PETROLEUM GROUP,, OTHERS,,,1,6,,-82.77,-81.25,Import,2022,Qtr 1,January,1
1133,TEXTILE GROUP,, RAW COTTON,MT,41924,17566,99631,-34.23,-34.2,-33.88,Import,2022,Qtr 1,January,1
1134,TEXTILE GROUP,, SYNTHETIC FIBRE,MT,20421,7307,41446,-1.86,-5.07,-4.61,Import,2022,Qtr 1,January,1
1135,TEXTILE GROUP,, SYNTHETIC & ARTIFICIAL SILK YARN,MT,32945,13035,73930,-4.55,-11.87,-11.44,Import,2022,Qtr 1,January,1
1136,TEXTILE GROUP,, WORN CLOTHING,MT,70081,4933,27978,17.53,-12.32,-11.89,Import,2022,Qtr 1,January,1
1137,TEXTILE GROUP,, OTHR TEXTILE ITEMS,,,12922,73290,,-11.59,-11.15,Import,2022,Qtr 1,January,1
1139,"AGRICULTURAL & OTHER
 CHEMICALS GROUP",, FERTILIZER MANUFACTURED,MT,81250,9750,55302,175.51,272.29,274.12,Import,2022,Qtr 1,January,1
1140,"AGRICULTURAL & OTHER
 CHEMICALS GROUP",, INSECTICIDES,MT,2375,2978,16888,-7.8,23.39,23.99,Import,2022,Qtr 1,January,1
1141,"AGRICULTURAL & OTHER
 CHEMICALS GROUP",, PLASTIC MATERIALS,MT,127305,37790,214339,-18.73,-19.02,-18.63,Import,2022,Qtr 1,January,1
1142,"AGRICULTURAL & OTHER
 CHEMICALS GROUP",, MEDICINAL PRODUCTS,MT,5701,52696,298881,-58.64,-69.52,-69.37,Import,2022,Qtr 1,January,1
1143,"AGRICULTURAL & OTHER
 CHEMICALS GROUP",, OTHERS,,,88804,503678,,-9.99,-9.54,Import,2022,Qtr 1,January,1
1145,METAL GROUP,, GOLD,KG,27,305,1729,35,47.27,48.28,Import,2022,Qtr 1,January,1
1146,METAL GROUP,, IRON AND STEEL SCRAP,MT,340337,37255,211301,-19.76,-16.52,-16.11,Import,2022,Qtr 1,January,1
1147,METAL GROUP,, IRON AND STEEL,MT,194170,35327,200369,-45.71,-28.63,-28.28,Import,2022,Qtr 1,January,1
1148,METAL GROUP,, ALUMINIUM WROUGHT & WORKED,,,4384,24866,,42.85,43.54,Import,2022,Qtr 1,January,1
1149,METAL GROUP,, ALL OTHER METALS & ARTICALS,,,13901,78843,,-3.11,-2.63,Import,2022,Qtr 1,January,1
1151,MISCELLANEOUS GROUP,, RUBBER CRUDE INCL  SYNTH/RECLAIMED,MT,27423,2835,16077,-36.6,-38.63,-38.34,Import,2022,Qtr 1,January,1
1152,MISCELLANEOUS GROUP,, RUBBER TYRES & TUBES,NO,334345,2757,15640,-57.53,-51.16,-50.92,Import,2022,Qtr 1,January,1
1153,MISCELLANEOUS GROUP,, WOOD & CORK,,,2302,13055,,5.68,6.2,Import,2022,Qtr 1,January,1
1154,MISCELLANEOUS GROUP,, JUTE,MT,4250,777,4409,-65.44,-63.26,-63.08,Import,2022,Qtr 1,January,1
1155,MISCELLANEOUS GROUP,, PAPER & PAPER BOARD & MANUF THEREOF,MT,37405,7644,43353,-3.98,3.89,4.41,Import,2022,Qtr 1,January,1
1156,MISCELLANEOUS GROUP,,ALL OTHERS ITEMS,,,83015,470848,,-6.06,-5.6,Import,2022,Qtr 1,January,1
1159,FOOD GROUP,," MILK,CREAM & MILK FOOD FOR INFANTS",MT,2263,2094,9543,-25.49,-12.93,-18.91,Import,2022,Qtr 3,July,1
1160,FOOD GROUP,, WHEAT UNMILLED,MT,211597,23511,107142,100,100,100,Import,2022,Qtr 3,July,1
1161,FOOD GROUP,, DRY FRUITS & NUTS,MT,3252,413,1882,-30.87,-39.71,-43.85,Import,2022,Qtr 3,July,1
1162,FOOD GROUP,, TEA,MT,18133,9945,45321,6.11,7.46,0.08,Import,2022,Qtr 3,July,1
1163,FOOD GROUP,, SPICES,MT,11099,2692,12268,-2.03,-2.53,-9.23,Import,2022,Qtr 3,July,1
1164,FOOD GROUP,, SOYABEAN OIL,MT,11000,3469,15809,-64.97,-62.64,-65.21,Import,2022,Qtr 3,July,1
1165,FOOD GROUP,, PALM OIL,MT,188562,65691,299361,116.8,124.52,109.1,Import,2022,Qtr 3,July,1
1166,FOOD GROUP,, SUGAR,MT,499,98,447,86.19,81.48,69.32,Import,2022,Qtr 3,July,1
1167,FOOD GROUP,, PULSES (LEGUMINOUS VEGETABLES),MT,59352,11641,53049,22.65,29.92,21,Import,2022,Qtr 3,July,1
1168,FOOD GROUP,, ALL OTHERS FOOD ITEMS,,,47906,218313,,-9.33,-15.55,Import,2022,Qtr 3,July,1
1170,MACHINERY GROUP,, POWER GENERATING MACHINERY,,,9829,44792,,13.33,5.55,Import,2022,Qtr 3,July,1
1171,MACHINERY GROUP,, OFFICE MACHINE INCL DATA PROC EQUIP;,,,4038,18402,,-54.37,-57.51,Import,2022,Qtr 3,July,1
1172,MACHINERY GROUP,, TEXTILE MACHINERY,,,8223,37473,,-3.82,-10.43,Import,2022,Qtr 3,July,1
1173,MACHINERY GROUP,, CONSTRUCTION & MINING MACHINERY,,,1670,7610,,-36.04,-40.44,Import,2022,Qtr 3,July,1
1174,MACHINERY GROUP,, ELECTRICAL MACHINERY & APPARATUS,,,53306,242922,,108.04,93.75,Import,2022,Qtr 3,July,1
1176,MACHINERY GROUP, TELE COM, MOBILE PHONE,,,8515,38804,,29.31,20.43,Import,2022,Qtr 3,July,1
1177,MACHINERY GROUP, TELE COM, OTHER APPARATUS,,,6385,29097,,-42.8,-46.73,Import,2022,Qtr 3,July,1
1178,MACHINERY GROUP,, AGRICULTURAL MACHINERY & IMPLEMENTS,,,1236,5633,,13.5,5.7,Import,2022,Qtr 3,July,1
1179,MACHINERY GROUP,, OTHER MACHINERY,,,44521,202887,,-5,-11.52,Import,2022,Qtr 3,July,1
1183,TRANSPORT GROUP," ROAD MOTOR VEH  (BUILD UNIT,CKD/SKD)","CBU-BUSES,TRUCKS & OTH  HEAVY VEHICLES",,,3374,15376,,10.8,3.19,Import,2022,Qtr 3,July,1
1184,TRANSPORT GROUP," ROAD MOTOR VEH  (BUILD UNIT,CKD/SKD)",CBU-MOTOR CARS,,,2079,9474,,-55.69,-58.74,Import,2022,Qtr 3,July,1
1185,TRANSPORT GROUP," ROAD MOTOR VEH  (BUILD UNIT,CKD/SKD)",CBU-MOTOR CYCLES,,,34,155,,-17.07,-22.89,Import,2022,Qtr 3,July,1
1187,TRANSPORT GROUP," ROAD MOTOR VEH  (BUILD UNIT,CKD/SKD)","CKD/SKD-BUSES,TRUCKS & OTH  HEAVY VEHICLES",,,6108,27835,,-33.51,-38.08,Import,2022,Qtr 3,July,1
1188,TRANSPORT GROUP," ROAD MOTOR VEH  (BUILD UNIT,CKD/SKD)",CKD/SKD-MOTOR CARS,,,14899,67896,,-47.3,-50.92,Import,2022,Qtr 3,July,1
1189,TRANSPORT GROUP," ROAD MOTOR VEH  (BUILD UNIT,CKD/SKD)",CKD/SKD-MOTOR CYCLES,,,1201,5473,,13.3,5.51,Import,2022,Qtr 3,July,1
1190,TRANSPORT GROUP," ROAD MOTOR VEH  (BUILD UNIT,CKD/SKD)",PARTS & ACCESSORIES,,,6620,30168,,-2.75,-9.43,Import,2022,Qtr 3,July,1
1191,TRANSPORT GROUP," ROAD MOTOR VEH  (BUILD UNIT,CKD/SKD)",OTHERS,,,643,2930,,-36.71,-41.06,Import,2022,Qtr 3,July,1
1192,TRANSPORT GROUP,,"AIRCRAFTS, SHIPS AND BOATS",,,10749,48984,,-55.45,-58.51,Import,2022,Qtr 3,July,1
1193,TRANSPORT GROUP,,OTHERS TRANSPORT EQUIPMENTS,,,262,1194,,495.45,455.35,Import,2022,Qtr 3,July,1
1195,PETROLEUM GROUP,, PETROLEUM PRODUCTS,MT,766469,159768,728081,-65.03,-61.81,-64.43,Import,2022,Qtr 3,July,1
1196,PETROLEUM GROUP,, PETROLEUM CRUDE,MT,602214,94600,431103,-46.26,-44.81,-48.6,Import,2022,Qtr 3,July,1
1197,PETROLEUM GROUP,,"NATURAL GAS, LIQUIFIED",,,50585,230522,,-64.63,-67.06,Import,2022,Qtr 3,July,1
1198,PETROLEUM GROUP,," PETROLEUM GAS, LIQUIFIED",,,10182,46401,,-7.38,-13.74,Import,2022,Qtr 3,July,1
1199,PETROLEUM GROUP,, OTHERS,,,16,73,,128.57,114.71,Import,2022,Qtr 3,July,1
1201,TEXTILE GROUP,, RAW COTTON,MT,38671,23339,106359,-41.53,-35.85,-40.26,Import,2022,Qtr 3,July,1
1202,TEXTILE GROUP,, SYNTHETIC FIBRE,MT,27193,13031,59384,7.59,13.59,5.79,Import,2022,Qtr 3,July,1
1203,TEXTILE GROUP,, SYNTHETIC & ARTIFICIAL SILK YARN,MT,26241,13419,61152,-23.42,-15.05,-20.89,Import,2022,Qtr 3,July,1
1204,TEXTILE GROUP,, WORN CLOTHING,MT,67692,5916,26960,-24.99,-18.31,-23.92,Import,2022,Qtr 3,July,1
1205,TEXTILE GROUP,, OTHR TEXTILE ITEMS,,,12158,55405,,-0.45,-7.29,Import,2022,Qtr 3,July,1
1207,"AGRICULTURAL & OTHER
 CHEMICALS GROUP",, FERTILIZER MANUFACTURED,MT,4987,1085,4944,-92.49,-92.55,-93.07,Import,2022,Qtr 3,July,1
1208,"AGRICULTURAL & OTHER
 CHEMICALS GROUP",, INSECTICIDES,MT,3691,5281,24066,-38.61,-28.57,-33.47,Import,2022,Qtr 3,July,1
1209,"AGRICULTURAL & OTHER
 CHEMICALS GROUP",, PLASTIC MATERIALS,MT,151880,53061,241805,-9.46,-11.3,-17.39,Import,2022,Qtr 3,July,1
1210,"AGRICULTURAL & OTHER
 CHEMICALS GROUP",, MEDICINAL PRODUCTS,MT,3258,20178,91953,-7.29,-5.84,-12.3,Import,2022,Qtr 3,July,1
1211,"AGRICULTURAL & OTHER
 CHEMICALS GROUP",, OTHERS,,,97188,442897,,-20.34,-25.81,Import,2022,Qtr 3,July,1
1213,METAL GROUP,, GOLD,KG,16,224,1021,-73.77,-69.89,-71.96,Import,2022,Qtr 3,July,1
1214,METAL GROUP,, IRON AND STEEL SCRAP,MT,173348,22636,103155,-22.55,-28.34,-33.26,Import,2022,Qtr 3,July,1
1215,METAL GROUP,, IRON AND STEEL,MT,193298,43198,196858,-41.3,-34.61,-39.1,Import,2022,Qtr 3,July,1
1216,METAL GROUP,, ALUMINIUM WROUGHT & WORKED,,,4080,18593,,-38.95,-43.14,Import,2022,Qtr 3,July,1
1217,METAL GROUP,, ALL OTHER METALS & ARTICALS,,,21015,95768,,37.5,28.05,Import,2022,Qtr 3,July,1
1219,MISCELLANEOUS GROUP,, RUBBER CRUDE INCL  SYNTH/RECLAIMED,MT,38382,4068,18538,-20.37,-20.53,-25.99,Import,2022,Qtr 3,July,1
1220,MISCELLANEOUS GROUP,, RUBBER TYRES & TUBES,NO,345385,2699,12300,-18.07,-17.69,-23.34,Import,2022,Qtr 3,July,1
1221,MISCELLANEOUS GROUP,, WOOD & CORK,,,988,4502,,-25.88,-30.98,Import,2022,Qtr 3,July,1
1222,MISCELLANEOUS GROUP,, JUTE,MT,5364,1120,5104,42.74,36.92,27.5,Import,2022,Qtr 3,July,1
1223,MISCELLANEOUS GROUP,, PAPER & PAPER BOARD & MANUF THEREOF,MT,29160,7226,32930,-29.84,-28.66,-33.56,Import,2022,Qtr 3,July,1
1224,MISCELLANEOUS GROUP,,ALL OTHERS ITEMS,,,77517,353253,,-25.06,-30.2,Import,2022,Qtr 3,July,1
1227,FOOD GROUP,," MILK,CREAM & MILK FOOD FOR INFANTS",MT,3037,2405,11768,-17.25,-22.34,-25.71,Import,2022,Qtr 2,June,1
1228,FOOD GROUP,, WHEAT UNMILLED,MT,0,0,0,0,0,0,Import,2022,Qtr 2,June,1
1229,FOOD GROUP,, DRY FRUITS & NUTS,MT,4704,685,3352,-6.15,-5.76,-9.84,Import,2022,Qtr 2,June,1
1230,FOOD GROUP,, TEA,MT,17089,9255,45286,-4.42,-2.43,-6.66,Import,2022,Qtr 2,June,1
1231,FOOD GROUP,, SPICES,MT,11329,2762,13515,41.58,-0.4,-4.72,Import,2022,Qtr 2,June,1
1232,FOOD GROUP,, SOYABEAN OIL,MT,31400,9286,45438,73.96,84.78,76.77,Import,2022,Qtr 2,June,1
1233,FOOD GROUP,, PALM OIL,MT,86975,29258,143164,-56.35,-51.37,-53.48,Import,2022,Qtr 2,June,1
1234,FOOD GROUP,, SUGAR,MT,268,54,264,27.01,57.13,50,Import,2022,Qtr 2,June,1
1235,FOOD GROUP,, PULSES (LEGUMINOUS VEGETABLES),MT,48392,8960,43843,-25.92,-2.34,-6.58,Import,2022,Qtr 2,June,1
1236,FOOD GROUP,, ALL OTHERS FOOD ITEMS,,,52833,258520,,12.44,7.56,Import,2022,Qtr 2,June,1
1238,MACHINERY GROUP,, POWER GENERATING MACHINERY,,,8673,42438,,-60.93,-62.63,Import,2022,Qtr 2,June,1
1239,MACHINERY GROUP,, OFFICE MACHINE INCL DATA PROC EQUIP;,,,8850,43304,,15.96,10.93,Import,2022,Qtr 2,June,1
1240,MACHINERY GROUP,, TEXTILE MACHINERY,,,8550,41836,,-4.2,-8.36,Import,2022,Qtr 2,June,1
1241,MACHINERY GROUP,, CONSTRUCTION & MINING MACHINERY,,,2611,12776,,46.55,40.2,Import,2022,Qtr 2,June,1
1242,MACHINERY GROUP,, ELECTRICAL MACHINERY & APPARATUS,,,25623,125377,,-12.28,-16.09,Import,2022,Qtr 2,June,1
1244,MACHINERY GROUP, TELE COM, MOBILE PHONE,,,6585,32221,,-75.45,-76.52,Import,2022,Qtr 2,June,1
1245,MACHINERY GROUP, TELE COM, OTHER APPARATUS,,,11163,54622,,22.08,16.78,Import,2022,Qtr 2,June,1
1246,MACHINERY GROUP,, AGRICULTURAL MACHINERY & IMPLEMENTS,,,1089,5329,,-25.55,-28.78,Import,2022,Qtr 2,June,1
1247,MACHINERY GROUP,, OTHER MACHINERY,,,46862,229303,,2.93,-1.54,Import,2022,Qtr 2,June,1
1251,TRANSPORT GROUP," ROAD MOTOR VEH  (BUILD UNIT,CKD/SKD)","CBU-BUSES,TRUCKS & OTH  HEAVY VEHICLES",,,3045,14900,,-56.55,-58.44,Import,2022,Qtr 2,June,1
1252,TRANSPORT GROUP," ROAD MOTOR VEH  (BUILD UNIT,CKD/SKD)",CBU-MOTOR CARS,,,4692,22959,,-0.43,-4.75,Import,2022,Qtr 2,June,1
1253,TRANSPORT GROUP," ROAD MOTOR VEH  (BUILD UNIT,CKD/SKD)",CBU-MOTOR CYCLES,,,41,201,,56.99,50,Import,2022,Qtr 2,June,1
1255,TRANSPORT GROUP," ROAD MOTOR VEH  (BUILD UNIT,CKD/SKD)","CKD/SKD-BUSES,TRUCKS & OTH  HEAVY VEHICLES",,,9187,44953,,-6.87,-10.91,Import,2022,Qtr 2,June,1
1256,TRANSPORT GROUP," ROAD MOTOR VEH  (BUILD UNIT,CKD/SKD)",CKD/SKD-MOTOR CARS,,,28269,138324,,-8.64,-12.61,Import,2022,Qtr 2,June,1
1257,TRANSPORT GROUP," ROAD MOTOR VEH  (BUILD UNIT,CKD/SKD)",CKD/SKD-MOTOR CYCLES,,,1060,5187,,10.33,5.56,Import,2022,Qtr 2,June,1
1258,TRANSPORT GROUP," ROAD MOTOR VEH  (BUILD UNIT,CKD/SKD)",PARTS & ACCESSORIES,,,6807,33308,,1.22,-3.17,Import,2022,Qtr 2,June,1
1259,TRANSPORT GROUP," ROAD MOTOR VEH  (BUILD UNIT,CKD/SKD)",OTHERS,,,1016,4971,,-53.19,-55.22,Import,2022,Qtr 2,June,1
1260,TRANSPORT GROUP,,"AIRCRAFTS, SHIPS AND BOATS",,,24126,118052,,470.84,446.08,Import,2022,Qtr 2,June,1
1261,TRANSPORT GROUP,,OTHERS TRANSPORT EQUIPMENTS,,,44,215,,-75.67,-76.76,Import,2022,Qtr 2,June,1
1263,PETROLEUM GROUP,, PETROLEUM PRODUCTS,MT,2191642,418314,2046872,27.48,45.23,38.93,Import,2022,Qtr 2,June,1
1264,PETROLEUM GROUP,, PETROLEUM CRUDE,MT,1120667,171423,838798,46.78,62.78,55.72,Import,2022,Qtr 2,June,1
1265,PETROLEUM GROUP,,"NATURAL GAS, LIQUIFIED",,,143007,699754,,25.27,19.83,Import,2022,Qtr 2,June,1
1266,PETROLEUM GROUP,," PETROLEUM GAS, LIQUIFIED",,,10993,53790,,12.62,7.73,Import,2022,Qtr 2,June,1
1267,PETROLEUM GROUP,, OTHERS,,,7,34,,41.51,36,Import,2022,Qtr 2,June,1
1269,TEXTILE GROUP,, RAW COTTON,MT,66137,36384,178032,-28.43,-21.17,-24.59,Import,2022,Qtr 2,June,1
1270,TEXTILE GROUP,, SYNTHETIC FIBRE,MT,25275,11472,56134,3.34,8.93,4.2,Import,2022,Qtr 2,June,1
1271,TEXTILE GROUP,, SYNTHETIC & ARTIFICIAL SILK YARN,MT,34265,15797,77297,32.35,-0.39,-4.71,Import,2022,Qtr 2,June,1
1272,TEXTILE GROUP,, WORN CLOTHING,MT,90242,7242,35436,40.21,47.19,40.81,Import,2022,Qtr 2,June,1
1273,TEXTILE GROUP,, OTHR TEXTILE ITEMS,,,12213,59760,,19.67,14.48,Import,2022,Qtr 2,June,1
1275,"AGRICULTURAL & OTHER
 CHEMICALS GROUP",, FERTILIZER MANUFACTURED,MT,66428,14572,71303,2.75,12.95,8.05,Import,2022,Qtr 2,June,1
1276,"AGRICULTURAL & OTHER
 CHEMICALS GROUP",, INSECTICIDES,MT,6012,7393,36175,183.58,265.03,249.18,Import,2022,Qtr 2,June,1
1277,"AGRICULTURAL & OTHER
 CHEMICALS GROUP",, PLASTIC MATERIALS,MT,167757,59821,292713,20.06,28.5,22.93,Import,2022,Qtr 2,June,1
1278,"AGRICULTURAL & OTHER
 CHEMICALS GROUP",, MEDICINAL PRODUCTS,MT,3514,21429,104855,37.21,23.7,18.33,Import,2022,Qtr 2,June,1
1279,"AGRICULTURAL & OTHER
 CHEMICALS GROUP",, OTHERS,,,122000,596964,,34.85,29,Import,2022,Qtr 2,June,1
1281,METAL GROUP,, GOLD,KG,61,744,3641,335.71,289.96,273.05,Import,2022,Qtr 2,June,1
1282,METAL GROUP,, IRON AND STEEL SCRAP,MT,223819,31586,154555,35.9,37.98,31.99,Import,2022,Qtr 2,June,1
1283,METAL GROUP,, IRON AND STEEL,MT,329307,66058,323232,37.87,42.91,36.71,Import,2022,Qtr 2,June,1
1284,METAL GROUP,, ALUMINIUM WROUGHT & WORKED,,,6683,32701,,52.36,45.75,Import,2022,Qtr 2,June,1
1285,METAL GROUP,, ALL OTHER METALS & ARTICALS,,,15284,74787,,4.97,0.41,Import,2022,Qtr 2,June,1
1287,MISCELLANEOUS GROUP,, RUBBER CRUDE INCL  SYNTH/RECLAIMED,MT,48200,5119,25048,48.64,36.6,30.68,Import,2022,Qtr 2,June,1
1288,MISCELLANEOUS GROUP,, RUBBER TYRES & TUBES,NO,421548,3279,16045,23.58,22.25,16.95,Import,2022,Qtr 2,June,1
1289,MISCELLANEOUS GROUP,, WOOD & CORK,,,1333,6523,,-27.86,-30.99,Import,2022,Qtr 2,June,1
1290,MISCELLANEOUS GROUP,, JUTE,MT,3758,818,4003,29.77,42.31,36.16,Import,2022,Qtr 2,June,1
1291,MISCELLANEOUS GROUP,, PAPER & PAPER BOARD & MANUF THEREOF,MT,41562,10129,49563,16.49,25.07,19.65,Import,2022,Qtr 2,June,1
1292,MISCELLANEOUS GROUP,,ALL OTHERS ITEMS,,,103436,506127,,16.76,11.69,Import,2022,Qtr 2,June,1
1295,FOOD GROUP,," MILK,CREAM & MILK FOOD FOR INFANTS",MT,3637,2495,13889,-32.8,-28.26,-29.92,Import,2022,Qtr 1,March,1
1296,FOOD GROUP,, WHEAT UNMILLED,MT,111996,7638,42521,-65.87,-65.26,-66.06,Import,2022,Qtr 1,March,1
1297,FOOD GROUP,, DRY FRUITS & NUTS,MT,7858,1122,6249,49.01,43.19,39.88,Import,2022,Qtr 1,March,1
1298,FOOD GROUP,, TEA,MT,22193,11358,63234,-12.15,-6.57,-8.73,Import,2022,Qtr 1,March,1
1299,FOOD GROUP,, SPICES,MT,12545,3141,17486,20.55,1.07,-1.25,Import,2022,Qtr 1,March,1
1300,FOOD GROUP,, SOYABEAN OIL,MT,15110,3847,21417,28.6,30.71,27.7,Import,2022,Qtr 1,March,1
1301,FOOD GROUP,, PALM OIL,MT,209990,52183,290524,-10.68,-4,-6.21,Import,2022,Qtr 1,March,1
1302,FOOD GROUP,, SUGAR,MT,630,106,592,6.06,76.22,72.26,Import,2022,Qtr 1,March,1
1303,FOOD GROUP,, PULSES (LEGUMINOUS VEGETABLES),MT,88413,10600,59013,56.33,54.11,50.56,Import,2022,Qtr 1,March,1
1304,FOOD GROUP,, ALL OTHERS FOOD ITEMS,,,21853,121662,,-37.53,-38.97,Import,2022,Qtr 1,March,1
1306,MACHINERY GROUP,, POWER GENERATING MACHINERY,,,10827,60280,,-35.02,-36.52,Import,2022,Qtr 1,March,1
1307,MACHINERY GROUP,, OFFICE MACHINE INCL DATA PROC EQUIP;,,,11452,63755,,12.85,10.25,Import,2022,Qtr 1,March,1
1308,MACHINERY GROUP,, TEXTILE MACHINERY,,,7897,43964,,-38.73,-40.14,Import,2022,Qtr 1,March,1
1309,MACHINERY GROUP,, CONSTRUCTION & MINING MACHINERY,,,2902,16157,,9.42,6.91,Import,2022,Qtr 1,March,1
1310,MACHINERY GROUP,, ELECTRICAL MACHINERY & APPARATUS,,,30890,171979,,13.33,10.72,Import,2022,Qtr 1,March,1
1312,MACHINERY GROUP, TELE COM, MOBILE PHONE,,,33031,183894,,32.52,29.47,Import,2022,Qtr 1,March,1
1313,MACHINERY GROUP, TELE COM, OTHER APPARATUS,,,14950,83230,,13.04,10.44,Import,2022,Qtr 1,March,1
1314,MACHINERY GROUP,, AGRICULTURAL MACHINERY & IMPLEMENTS,,,1403,7809,,-31.84,-33.41,Import,2022,Qtr 1,March,1
1315,MACHINERY GROUP,, OTHER MACHINERY,,,53533,298037,,-4.84,-7.03,Import,2022,Qtr 1,March,1
1319,TRANSPORT GROUP," ROAD MOTOR VEH  (BUILD UNIT,CKD/SKD)","CBU-BUSES,TRUCKS & OTH  HEAVY VEHICLES",,,6192,34473,,44.61,41.28,Import,2022,Qtr 1,March,1
1320,TRANSPORT GROUP," ROAD MOTOR VEH  (BUILD UNIT,CKD/SKD)",CBU-MOTOR CARS,,,4671,26007,,19.18,16.43,Import,2022,Qtr 1,March,1
1321,TRANSPORT GROUP," ROAD MOTOR VEH  (BUILD UNIT,CKD/SKD)",CBU-MOTOR CYCLES,,,39,216,,-23.27,-24.94,Import,2022,Qtr 1,March,1
1323,TRANSPORT GROUP," ROAD MOTOR VEH  (BUILD UNIT,CKD/SKD)","CKD/SKD-BUSES,TRUCKS & OTH  HEAVY VEHICLES",,,12233,68107,,82.22,78.02,Import,2022,Qtr 1,March,1
1324,TRANSPORT GROUP," ROAD MOTOR VEH  (BUILD UNIT,CKD/SKD)",CKD/SKD-MOTOR CARS,,,30352,168979,,32.76,29.7,Import,2022,Qtr 1,March,1
1325,TRANSPORT GROUP," ROAD MOTOR VEH  (BUILD UNIT,CKD/SKD)",CKD/SKD-MOTOR CYCLES,,,1286,7159,,-12.17,-14.19,Import,2022,Qtr 1,March,1
1326,TRANSPORT GROUP," ROAD MOTOR VEH  (BUILD UNIT,CKD/SKD)",PARTS & ACCESSORIES,,,8961,49887,,21.34,18.54,Import,2022,Qtr 1,March,1
1327,TRANSPORT GROUP," ROAD MOTOR VEH  (BUILD UNIT,CKD/SKD)",OTHERS,,,2136,11894,,27.52,24.59,Import,2022,Qtr 1,March,1
1328,TRANSPORT GROUP,,"AIRCRAFTS, SHIPS AND BOATS",,,10134,56422,,123.91,118.76,Import,2022,Qtr 1,March,1
1329,TRANSPORT GROUP,,OTHERS TRANSPORT EQUIPMENTS,,,7,39,,-70.41,-71.05,Import,2022,Qtr 1,March,1
1331,PETROLEUM GROUP,, PETROLEUM PRODUCTS,MT,1383845,185419,1032301,72.7,101.86,97.21,Import,2022,Qtr 1,March,1
1332,PETROLEUM GROUP,, PETROLEUM CRUDE,MT,816723,95202,530025,41.69,49.96,46.51,Import,2022,Qtr 1,March,1
1333,PETROLEUM GROUP,,"NATURAL GAS, LIQUIFIED",,,43155,240262,,-20.85,-22.67,Import,2022,Qtr 1,March,1
1334,PETROLEUM GROUP,," PETROLEUM GAS, LIQUIFIED",,,11037,61447,,11.24,8.68,Import,2022,Qtr 1,March,1
1335,PETROLEUM GROUP,, OTHERS,,,4,20,,50.85,44.63,Import,2022,Qtr 1,March,1
1337,TEXTILE GROUP,, RAW COTTON,MT,60725,28068,156268,12.83,24.6,21.73,Import,2022,Qtr 1,March,1
1338,TEXTILE GROUP,, SYNTHETIC FIBRE,MT,29705,11647,64845,23.67,28.99,26.02,Import,2022,Qtr 1,March,1
1339,TEXTILE GROUP,, SYNTHETIC & ARTIFICIAL SILK YARN,MT,34803,14473,80577,36.55,21.09,18.3,Import,2022,Qtr 1,March,1
1340,TEXTILE GROUP,, WORN CLOTHING,MT,160254,12441,69266,134.26,133.99,128.6,Import,2022,Qtr 1,March,1
1341,TEXTILE GROUP,, OTHR TEXTILE ITEMS,,,11065,61602,,-18.91,-20.78,Import,2022,Qtr 1,March,1
1343,"AGRICULTURAL & OTHER
 CHEMICALS GROUP",, FERTILIZER MANUFACTURED,MT,55396,5825,32429,-41.95,-48.46,-49.65,Import,2022,Qtr 1,March,1
1344,"AGRICULTURAL & OTHER
 CHEMICALS GROUP",, INSECTICIDES,MT,2254,2927,16298,-24.14,1.8,-0.55,Import,2022,Qtr 1,March,1
1345,"AGRICULTURAL & OTHER
 CHEMICALS GROUP",, PLASTIC MATERIALS,MT,201714,59200,329591,25.04,31.98,28.94,Import,2022,Qtr 1,March,1
1346,"AGRICULTURAL & OTHER
 CHEMICALS GROUP",, MEDICINAL PRODUCTS,MT,2014,15146,84325,-61.72,-65.64,-66.43,Import,2022,Qtr 1,March,1
1347,"AGRICULTURAL & OTHER
 CHEMICALS GROUP",, OTHERS,,,93324,519573,,5.05,2.63,Import,2022,Qtr 1,March,1
1349,METAL GROUP,, GOLD,KG,23,294,1636,-34.29,-20.47,-22.32,Import,2022,Qtr 1,March,1
1350,METAL GROUP,, IRON AND STEEL SCRAP,MT,322242,35736,198958,-8.17,-4.97,-7.16,Import,2022,Qtr 1,March,1
1351,METAL GROUP,, IRON AND STEEL,MT,220030,38160,212451,-13.58,-7.53,-9.66,Import,2022,Qtr 1,March,1
1352,METAL GROUP,, ALUMINIUM WROUGHT & WORKED,,,4682,26066,,9.95,7.42,Import,2022,Qtr 1,March,1
1353,METAL GROUP,, ALL OTHER METALS & ARTICALS,,,15648,87121,,-4.88,-7.07,Import,2022,Qtr 1,March,1
1355,MISCELLANEOUS GROUP,, RUBBER CRUDE INCL  SYNTH/RECLAIMED,MT,33182,4098,22816,16.83,21,18.22,Import,2022,Qtr 1,March,1
1356,MISCELLANEOUS GROUP,, RUBBER TYRES & TUBES,NO,325290,2615,14560,18.76,0.85,-1.47,Import,2022,Qtr 1,March,1
1357,MISCELLANEOUS GROUP,, WOOD & CORK,,,2278,12685,,-35.83,-37.31,Import,2022,Qtr 1,March,1
1358,MISCELLANEOUS GROUP,, JUTE,MT,4765,950,5287,0.13,24.64,21.77,Import,2022,Qtr 1,March,1
1359,MISCELLANEOUS GROUP,, PAPER & PAPER BOARD & MANUF THEREOF,MT,37295,7729,43028,2.35,-1.52,-3.79,Import,2022,Qtr 1,March,1
1360,MISCELLANEOUS GROUP,,ALL OTHERS ITEMS,,,95759,533128,,27.45,24.51,Import,2022,Qtr 1,March,1
1363,FOOD GROUP,," MILK,CREAM & MILK FOOD FOR INFANTS",MT,3670,3097,15840,-2.94,30.2,22.86,Import,2022,Qtr 2,May,1
1364,FOOD GROUP,, WHEAT UNMILLED,MT,0,0,0,0,0,0,Import,2022,Qtr 2,May,1
1365,FOOD GROUP,, DRY FRUITS & NUTS,MT,5012,727,3718,-5.29,-6.82,-12.07,Import,2022,Qtr 2,May,1
1366,FOOD GROUP,, TEA,MT,17879,9486,48519,11.76,13.51,7.11,Import,2022,Qtr 2,May,1
1367,FOOD GROUP,, SPICES,MT,8002,2773,14184,22.21,20.83,14.02,Import,2022,Qtr 2,May,1
1368,FOOD GROUP,, SOYABEAN OIL,MT,18050,5025,25705,11.28,19.85,13.09,Import,2022,Qtr 2,May,1
1369,FOOD GROUP,, PALM OIL,MT,199243,60163,307739,-22.67,-11.32,-16.31,Import,2022,Qtr 2,May,1
1370,FOOD GROUP,, SUGAR,MT,211,34,176,-62.92,-54.23,-56.76,Import,2022,Qtr 2,May,1
1371,FOOD GROUP,, PULSES (LEGUMINOUS VEGETABLES),MT,65325,9175,46930,2.08,16,9.47,Import,2022,Qtr 2,May,1
1372,FOOD GROUP,, ALL OTHERS FOOD ITEMS,,,46988,240346,,48.72,40.34,Import,2022,Qtr 2,May,1
1374,MACHINERY GROUP,, POWER GENERATING MACHINERY,,,22198,113547,,51.18,42.66,Import,2022,Qtr 2,May,1
1375,MACHINERY GROUP,, OFFICE MACHINE INCL DATA PROC EQUIP;,,,7632,39038,,-9.49,-14.59,Import,2022,Qtr 2,May,1
1376,MACHINERY GROUP,, TEXTILE MACHINERY,,,8925,45653,,-12.3,-17.24,Import,2022,Qtr 2,May,1
1377,MACHINERY GROUP,, CONSTRUCTION & MINING MACHINERY,,,1782,9113,,-31.17,-35.05,Import,2022,Qtr 2,May,1
1378,MACHINERY GROUP,, ELECTRICAL MACHINERY & APPARATUS,,,29210,149410,,8.25,2.15,Import,2022,Qtr 2,May,1
1380,MACHINERY GROUP, TELE COM, MOBILE PHONE,,,26825,137213,,-31.69,-35.54,Import,2022,Qtr 2,May,1
1381,MACHINERY GROUP, TELE COM, OTHER APPARATUS,,,9144,46772,,-22.28,-26.66,Import,2022,Qtr 2,May,1
1382,MACHINERY GROUP,, AGRICULTURAL MACHINERY & IMPLEMENTS,,,1463,7482,,-7.65,-12.85,Import,2022,Qtr 2,May,1
1383,MACHINERY GROUP,, OTHER MACHINERY,,,45528,232880,,-1.21,-6.77,Import,2022,Qtr 2,May,1
1387,TRANSPORT GROUP," ROAD MOTOR VEH  (BUILD UNIT,CKD/SKD)","CBU-BUSES,TRUCKS & OTH  HEAVY VEHICLES",,,7008,35848,,35.84,28.19,Import,2022,Qtr 2,May,1
1388,TRANSPORT GROUP," ROAD MOTOR VEH  (BUILD UNIT,CKD/SKD)",CBU-MOTOR CARS,,,4712,24103,,35.2,27.58,Import,2022,Qtr 2,May,1
1389,TRANSPORT GROUP," ROAD MOTOR VEH  (BUILD UNIT,CKD/SKD)",CBU-MOTOR CYCLES,,,26,134,,-66.49,-68.28,Import,2022,Qtr 2,May,1
1391,TRANSPORT GROUP," ROAD MOTOR VEH  (BUILD UNIT,CKD/SKD)","CKD/SKD-BUSES,TRUCKS & OTH  HEAVY VEHICLES",,,9865,50460,,14.32,7.87,Import,2022,Qtr 2,May,1
1392,TRANSPORT GROUP," ROAD MOTOR VEH  (BUILD UNIT,CKD/SKD)",CKD/SKD-MOTOR CARS,,,30943,158275,,28.97,21.7,Import,2022,Qtr 2,May,1
1393,TRANSPORT GROUP," ROAD MOTOR VEH  (BUILD UNIT,CKD/SKD)",CKD/SKD-MOTOR CYCLES,,,961,4914,,-17.49,-22.14,Import,2022,Qtr 2,May,1
1394,TRANSPORT GROUP," ROAD MOTOR VEH  (BUILD UNIT,CKD/SKD)",PARTS & ACCESSORIES,,,6725,34400,,-14.14,-18.98,Import,2022,Qtr 2,May,1
1395,TRANSPORT GROUP," ROAD MOTOR VEH  (BUILD UNIT,CKD/SKD)",OTHERS,,,2170,11102,,374.02,347.32,Import,2022,Qtr 2,May,1
1396,TRANSPORT GROUP,,"AIRCRAFTS, SHIPS AND BOATS",,,4226,21618,,-74.19,-75.65,Import,2022,Qtr 2,May,1
1397,TRANSPORT GROUP,,OTHERS TRANSPORT EQUIPMENTS,,,181,925,,-15.06,-19.84,Import,2022,Qtr 2,May,1
1399,PETROLEUM GROUP,, PETROLEUM PRODUCTS,MT,1719157,288039,1473341,7.66,23.75,16.77,Import,2022,Qtr 2,May,1
1400,PETROLEUM GROUP,, PETROLEUM CRUDE,MT,763524,105310,538667,2.07,6.99,0.96,Import,2022,Qtr 2,May,1
1401,PETROLEUM GROUP,,"NATURAL GAS, LIQUIFIED",,,114160,583936,,60.63,51.57,Import,2022,Qtr 2,May,1
1402,PETROLEUM GROUP,," PETROLEUM GAS, LIQUIFIED",,,9761,49930,,23.06,16.12,Import,2022,Qtr 2,May,1
1403,PETROLEUM GROUP,, OTHERS,,,5,25,,502.38,461.67,Import,2022,Qtr 2,May,1
1405,TEXTILE GROUP,, RAW COTTON,MT,92415,46154,236082,13,19.78,13.03,Import,2022,Qtr 2,May,1
1406,TEXTILE GROUP,, SYNTHETIC FIBRE,MT,24458,10532,53872,-24,-19.04,-23.6,Import,2022,Qtr 2,May,1
1407,TEXTILE GROUP,, SYNTHETIC & ARTIFICIAL SILK YARN,MT,25890,15858,81116,27.89,22.58,15.68,Import,2022,Qtr 2,May,1
1408,TEXTILE GROUP,, WORN CLOTHING,MT,64363,4920,25166,9.28,-15.37,-20.14,Import,2022,Qtr 2,May,1
1409,TEXTILE GROUP,, OTHR TEXTILE ITEMS,,,10206,52203,,10.29,4.07,Import,2022,Qtr 2,May,1
1411,"AGRICULTURAL & OTHER
 CHEMICALS GROUP",, FERTILIZER MANUFACTURED,MT,64648,12901,65992,86.65,111.64,99.71,Import,2022,Qtr 2,May,1
1412,"AGRICULTURAL & OTHER
 CHEMICALS GROUP",, INSECTICIDES,MT,2120,2025,10360,-32.27,-43.66,-46.83,Import,2022,Qtr 2,May,1
1413,"AGRICULTURAL & OTHER
 CHEMICALS GROUP",, PLASTIC MATERIALS,MT,139723,46553,238121,-16.64,-9.89,-14.97,Import,2022,Qtr 2,May,1
1414,"AGRICULTURAL & OTHER
 CHEMICALS GROUP",, MEDICINAL PRODUCTS,MT,2561,17324,88611,-18.93,-31.14,-35.02,Import,2022,Qtr 2,May,1
1415,"AGRICULTURAL & OTHER
 CHEMICALS GROUP",, OTHERS,,,90468,462749,,-10.53,-15.57,Import,2022,Qtr 2,May,1
1417,METAL GROUP,, GOLD,KG,14,191,976,-63.16,-59.16,-61.46,Import,2022,Qtr 2,May,1
1418,METAL GROUP,, IRON AND STEEL SCRAP,MT,164699,22892,117093,-47.63,-30.1,-34.04,Import,2022,Qtr 2,May,1
1419,METAL GROUP,, IRON AND STEEL,MT,238851,46223,236437,9.18,31.48,24.07,Import,2022,Qtr 2,May,1
1420,METAL GROUP,, ALUMINIUM WROUGHT & WORKED,,,4386,22436,,-9.1,-14.22,Import,2022,Qtr 2,May,1
1421,METAL GROUP,, ALL OTHER METALS & ARTICALS,,,14561,74479,,3,-2.81,Import,2022,Qtr 2,May,1
1423,MISCELLANEOUS GROUP,, RUBBER CRUDE INCL  SYNTH/RECLAIMED,MT,32428,3747,19168,2.89,-10.59,-15.63,Import,2022,Qtr 2,May,1
1424,MISCELLANEOUS GROUP,, RUBBER TYRES & TUBES,NO,341113,2682,13719,53.23,32.76,25.27,Import,2022,Qtr 2,May,1
1425,MISCELLANEOUS GROUP,, WOOD & CORK,,,1848,9452,,-27.33,-31.43,Import,2022,Qtr 2,May,1
1426,MISCELLANEOUS GROUP,, JUTE,MT,2896,575,2940,41.06,44.7,36.54,Import,2022,Qtr 2,May,1
1427,MISCELLANEOUS GROUP,, PAPER & PAPER BOARD & MANUF THEREOF,MT,35678,8099,41425,3.06,14.75,8.28,Import,2022,Qtr 2,May,1
1428,MISCELLANEOUS GROUP,,ALL OTHERS ITEMS,,,88590,453145,,-5.27,-10.61,Import,2022,Qtr 2,May,1
1431,FOOD GROUP,," MILK,CREAM & MILK FOOD FOR INFANTS",MT,3914,3275,14731,7.52,-6.62,-7.35,Import,2022,Qtr 4,November,1
1432,FOOD GROUP,, WHEAT UNMILLED,MT,0,0,0,-100,-100,-100,Import,2022,Qtr 4,November,1
1433,FOOD GROUP,, DRY FRUITS & NUTS,MT,7948,875,3937,-31.52,-24.32,-24.91,Import,2022,Qtr 4,November,1
1434,FOOD GROUP,, TEA,MT,22496,12353,55567,-1.46,-2.21,-2.98,Import,2022,Qtr 4,November,1
1435,FOOD GROUP,, SPICES,MT,11545,2652,11931,7.62,9.8,8.94,Import,2022,Qtr 4,November,1
1436,FOOD GROUP,, SOYABEAN OIL,MT,20040,7194,32362,-0.09,-4.03,-4.78,Import,2022,Qtr 4,November,1
1437,FOOD GROUP,, PALM OIL,MT,284964,70720,318112,27.66,18.38,17.46,Import,2022,Qtr 4,November,1
1438,FOOD GROUP,, SUGAR,MT,919,175,786,-2.03,-0.3,-1.13,Import,2022,Qtr 4,November,1
1439,FOOD GROUP,, PULSES (LEGUMINOUS VEGETABLES),MT,158995,23396,105238,16.49,3.58,2.77,Import,2022,Qtr 4,November,1
1440,FOOD GROUP,, ALL OTHERS FOOD ITEMS,,,23787,106999,,-31.72,-32.25,Import,2022,Qtr 4,November,1
1442,MACHINERY GROUP,, POWER GENERATING MACHINERY,,,12833,57724,,15.07,14.17,Import,2022,Qtr 4,November,1
1443,MACHINERY GROUP,, OFFICE MACHINE INCL DATA PROC EQUIP;,,,9007,40513,,68.88,67.55,Import,2022,Qtr 4,November,1
1444,MACHINERY GROUP,, TEXTILE MACHINERY,,,5565,25032,,-39.36,-39.84,Import,2022,Qtr 4,November,1
1445,MACHINERY GROUP,, CONSTRUCTION & MINING MACHINERY,,,1063,4780,,-5.22,-5.96,Import,2022,Qtr 4,November,1
1446,MACHINERY GROUP,, ELECTRICAL MACHINERY & APPARATUS,,,34692,156053,,44.2,43.08,Import,2022,Qtr 4,November,1
1448,MACHINERY GROUP, TELE COM, MOBILE PHONE,,,14343,64520,,-1.14,-1.92,Import,2022,Qtr 4,November,1
1449,MACHINERY GROUP, TELE COM, OTHER APPARATUS,,,10141,45616,,48.19,47.03,Import,2022,Qtr 4,November,1
1450,MACHINERY GROUP,, AGRICULTURAL MACHINERY & IMPLEMENTS,,,446,2004,,-23.46,-24.06,Import,2022,Qtr 4,November,1
1451,MACHINERY GROUP,, OTHER MACHINERY,,,30882,138913,,10.05,9.19,Import,2022,Qtr 4,November,1
1455,TRANSPORT GROUP," ROAD MOTOR VEH  (BUILD UNIT,CKD/SKD)","CBU-BUSES,TRUCKS & OTH  HEAVY VEHICLES",,,645,2903,,-62.88,-63.17,Import,2022,Qtr 4,November,1
1456,TRANSPORT GROUP," ROAD MOTOR VEH  (BUILD UNIT,CKD/SKD)",CBU-MOTOR CARS,,,821,3692,,37.76,36.69,Import,2022,Qtr 4,November,1
1457,TRANSPORT GROUP," ROAD MOTOR VEH  (BUILD UNIT,CKD/SKD)",CBU-MOTOR CYCLES,,,14,62,,-58.47,-56.94,Import,2022,Qtr 4,November,1
1459,TRANSPORT GROUP," ROAD MOTOR VEH  (BUILD UNIT,CKD/SKD)","CKD/SKD-BUSES,TRUCKS & OTH  HEAVY VEHICLES",,,8129,36568,,-26.64,-27.21,Import,2022,Qtr 4,November,1
1460,TRANSPORT GROUP," ROAD MOTOR VEH  (BUILD UNIT,CKD/SKD)",CKD/SKD-MOTOR CARS,,,22250,100086,,-2.51,-3.27,Import,2022,Qtr 4,November,1
1461,TRANSPORT GROUP," ROAD MOTOR VEH  (BUILD UNIT,CKD/SKD)",CKD/SKD-MOTOR CYCLES,,,1076,4838,,-13.3,-13.98,Import,2022,Qtr 4,November,1
1462,TRANSPORT GROUP," ROAD MOTOR VEH  (BUILD UNIT,CKD/SKD)",PARTS & ACCESSORIES,,,6243,28083,,8.81,7.96,Import,2022,Qtr 4,November,1
1463,TRANSPORT GROUP," ROAD MOTOR VEH  (BUILD UNIT,CKD/SKD)",OTHERS,,,494,2221,,40.57,39.51,Import,2022,Qtr 4,November,1
1464,TRANSPORT GROUP,,"AIRCRAFTS, SHIPS AND BOATS",,,1023,4603,,431.07,427.26,Import,2022,Qtr 4,November,1
1465,TRANSPORT GROUP,,OTHERS TRANSPORT EQUIPMENTS,,,8397,37770,,5430.19,5389.83,Import,2022,Qtr 4,November,1
1467,PETROLEUM GROUP,, PETROLEUM PRODUCTS,MT,951166,157448,708234,36.37,56.76,55.54,Import,2022,Qtr 4,November,1
1468,PETROLEUM GROUP,, PETROLEUM CRUDE,MT,781137,121378,545984,47.86,47.8,46.64,Import,2022,Qtr 4,November,1
1469,PETROLEUM GROUP,,"NATURAL GAS, LIQUIFIED",,,70725,318138,,8,7.16,Import,2022,Qtr 4,November,1
1470,PETROLEUM GROUP,," PETROLEUM GAS, LIQUIFIED",,,16404,73787,,17.06,16.14,Import,2022,Qtr 4,November,1
1471,PETROLEUM GROUP,, OTHERS,,,9,42,,62.65,61.54,Import,2022,Qtr 4,November,1
1473,TEXTILE GROUP,, RAW COTTON,MT,64955,38923,175085,35.7,29.99,28.98,Import,2022,Qtr 4,November,1
1474,TEXTILE GROUP,, SYNTHETIC FIBRE,MT,19715,8322,37436,17.38,0.75,-0.03,Import,2022,Qtr 4,November,1
1475,TEXTILE GROUP,, SYNTHETIC & ARTIFICIAL SILK YARN,MT,37032,13800,62077,55.22,37.49,36.42,Import,2022,Qtr 4,November,1
1476,TEXTILE GROUP,, WORN CLOTHING,MT,84167,7929,35666,5.33,3.95,3.13,Import,2022,Qtr 4,November,1
1477,TEXTILE GROUP,, OTHR TEXTILE ITEMS,,,13537,60890,,-8,-8.72,Import,2022,Qtr 4,November,1
1479,"AGRICULTURAL & OTHER
 CHEMICALS GROUP",, FERTILIZER MANUFACTURED,MT,218346,37281,167696,17.86,65.97,64.68,Import,2022,Qtr 4,November,1
1480,"AGRICULTURAL & OTHER
 CHEMICALS GROUP",, INSECTICIDES,MT,2243,3525,15855,-11.89,-2.01,-2.77,Import,2022,Qtr 4,November,1
1481,"AGRICULTURAL & OTHER
 CHEMICALS GROUP",, PLASTIC MATERIALS,MT,137697,42730,192209,1.78,-9.66,-10.37,Import,2022,Qtr 4,November,1
1482,"AGRICULTURAL & OTHER
 CHEMICALS GROUP",, MEDICINAL PRODUCTS,MT,4698,34487,155130,28.44,48.43,47.27,Import,2022,Qtr 4,November,1
1483,"AGRICULTURAL & OTHER
 CHEMICALS GROUP",, OTHERS,,,80589,362506,,-9.59,-10.29,Import,2022,Qtr 4,November,1
1485,METAL GROUP,, GOLD,KG,35,487,2189,-14.63,-10.32,-11.05,Import,2022,Qtr 4,November,1
1486,METAL GROUP,, IRON AND STEEL SCRAP,MT,210368,24692,111072,-2.31,-5.16,-5.9,Import,2022,Qtr 4,November,1
1487,METAL GROUP,, IRON AND STEEL,MT,170697,34170,153704,-19.94,-11.29,-11.98,Import,2022,Qtr 4,November,1
1488,METAL GROUP,, ALUMINIUM WROUGHT & WORKED,,,4956,22292,,-7.75,-8.47,Import,2022,Qtr 4,November,1
1489,METAL GROUP,, ALL OTHER METALS & ARTICALS,,,16644,74868,,-1.92,-2.69,Import,2022,Qtr 4,November,1
1491,MISCELLANEOUS GROUP,, RUBBER CRUDE INCL  SYNTH/RECLAIMED,MT,30145,4130,18577,26.09,22.61,21.65,Import,2022,Qtr 4,November,1
1492,MISCELLANEOUS GROUP,, RUBBER TYRES & TUBES,NO,209634,1940,8728,-42.83,-23.62,-24.22,Import,2022,Qtr 4,November,1
1493,MISCELLANEOUS GROUP,, WOOD & CORK,,,1592,7162,,-16.82,-17.47,Import,2022,Qtr 4,November,1
1494,MISCELLANEOUS GROUP,, JUTE,MT,5265,1146,5156,-4.15,-1.29,-2.05,Import,2022,Qtr 4,November,1
1495,MISCELLANEOUS GROUP,, PAPER & PAPER BOARD & MANUF THEREOF,MT,35484,9461,42560,18.85,17.03,16.11,Import,2022,Qtr 4,November,1
1496,MISCELLANEOUS GROUP,,ALL OTHERS ITEMS,,,93259,419498,,-19.17,-19.8,Import,2022,Qtr 4,November,1
1499,FOOD GROUP,," MILK,CREAM & MILK FOOD FOR INFANTS",MT,3640,3507,15899,32.46,30.95,36.82,Import,2022,Qtr 4,October,1
1500,FOOD GROUP,, WHEAT UNMILLED,MT,123344,11457,51943,-47.36,-49.21,-46.94,Import,2022,Qtr 4,October,1
1501,FOOD GROUP,, DRY FRUITS & NUTS,MT,11606,1156,5243,41.09,31.26,37.14,Import,2022,Qtr 4,October,1
1502,FOOD GROUP,, TEA,MT,22829,12633,57272,31.5,26.62,32.3,Import,2022,Qtr 4,October,1
1503,FOOD GROUP,, SPICES,MT,10727,2416,10952,-3.64,-10.74,-6.73,Import,2022,Qtr 4,October,1
1504,FOOD GROUP,, SOYABEAN OIL,MT,20059,7497,33987,-2.27,-6.26,-2.06,Import,2022,Qtr 4,October,1
1505,FOOD GROUP,, PALM OIL,MT,223224,59739,270837,-26.13,-38.2,-35.43,Import,2022,Qtr 4,October,1
1506,FOOD GROUP,, SUGAR,MT,938,175,795,162.01,146.94,158.12,Import,2022,Qtr 4,October,1
1507,FOOD GROUP,, PULSES (LEGUMINOUS VEGETABLES),MT,136487,22587,102402,33.39,18.06,23.36,Import,2022,Qtr 4,October,1
1508,FOOD GROUP,, ALL OTHERS FOOD ITEMS,,,34838,157943,,-35.52,-32.63,Import,2022,Qtr 4,October,1
1510,MACHINERY GROUP,, POWER GENERATING MACHINERY,,,11152,50558,,-14.11,-10.26,Import,2022,Qtr 4,October,1
1511,MACHINERY GROUP,, OFFICE MACHINE INCL DATA PROC EQUIP;,,,5333,24179,,-10.54,-6.52,Import,2022,Qtr 4,October,1
1512,MACHINERY GROUP,, TEXTILE MACHINERY,,,9177,41607,,-24.19,-20.79,Import,2022,Qtr 4,October,1
1513,MACHINERY GROUP,, CONSTRUCTION & MINING MACHINERY,,,1121,5083,,-47.29,-44.92,Import,2022,Qtr 4,October,1
1514,MACHINERY GROUP,, ELECTRICAL MACHINERY & APPARATUS,,,24058,109070,,12.06,17.08,Import,2022,Qtr 4,October,1
1516,MACHINERY GROUP, TELE COM, MOBILE PHONE,,,14509,65780,,7.79,12.62,Import,2022,Qtr 4,October,1
1517,MACHINERY GROUP, TELE COM, OTHER APPARATUS,,,6843,31025,,45.27,51.79,Import,2022,Qtr 4,October,1
1518,MACHINERY GROUP,, AGRICULTURAL MACHINERY & IMPLEMENTS,,,582,2639,,-23.36,-19.91,Import,2022,Qtr 4,October,1
1519,MACHINERY GROUP,, OTHER MACHINERY,,,28061,127218,,-20.92,-17.37,Import,2022,Qtr 4,October,1
1523,TRANSPORT GROUP," ROAD MOTOR VEH  (BUILD UNIT,CKD/SKD)","CBU-BUSES,TRUCKS & OTH  HEAVY VEHICLES",,,1739,7882,,65.83,73.27,Import,2022,Qtr 4,October,1
1524,TRANSPORT GROUP," ROAD MOTOR VEH  (BUILD UNIT,CKD/SKD)",CBU-MOTOR CARS,,,596,2701,,99.36,108.25,Import,2022,Qtr 4,October,1
1525,TRANSPORT GROUP," ROAD MOTOR VEH  (BUILD UNIT,CKD/SKD)",CBU-MOTOR CYCLES,,,33,144,,17.1,17.07,Import,2022,Qtr 4,October,1
1527,TRANSPORT GROUP," ROAD MOTOR VEH  (BUILD UNIT,CKD/SKD)","CKD/SKD-BUSES,TRUCKS & OTH  HEAVY VEHICLES",,,11081,50237,,28.11,33.85,Import,2022,Qtr 4,October,1
1528,TRANSPORT GROUP," ROAD MOTOR VEH  (BUILD UNIT,CKD/SKD)",CKD/SKD-MOTOR CARS,,,22823,103470,,7.64,12.47,Import,2022,Qtr 4,October,1
1529,TRANSPORT GROUP," ROAD MOTOR VEH  (BUILD UNIT,CKD/SKD)",CKD/SKD-MOTOR CYCLES,,,1241,5624,,199.37,212.79,Import,2022,Qtr 4,October,1
1530,TRANSPORT GROUP," ROAD MOTOR VEH  (BUILD UNIT,CKD/SKD)",PARTS & ACCESSORIES,,,5738,26012,,-27.79,-24.55,Import,2022,Qtr 4,October,1
1531,TRANSPORT GROUP," ROAD MOTOR VEH  (BUILD UNIT,CKD/SKD)",OTHERS,,,351,1592,,-2.8,1.53,Import,2022,Qtr 4,October,1
1532,TRANSPORT GROUP,,"AIRCRAFTS, SHIPS AND BOATS",,,193,873,,-93.69,-93.41,Import,2022,Qtr 4,October,1
1533,TRANSPORT GROUP,,OTHERS TRANSPORT EQUIPMENTS,,,152,688,,-20.66,-17.11,Import,2022,Qtr 4,October,1
1535,PETROLEUM GROUP,, PETROLEUM PRODUCTS,MT,697489,100436,455341,-32.88,-40.31,-37.63,Import,2022,Qtr 4,October,1
1536,PETROLEUM GROUP,, PETROLEUM CRUDE,MT,528311,82124,372322,-16.85,-20.9,-17.35,Import,2022,Qtr 4,October,1
1537,PETROLEUM GROUP,,"NATURAL GAS, LIQUIFIED",,,65485,296886,,-16.51,-12.76,Import,2022,Qtr 4,October,1
1538,PETROLEUM GROUP,," PETROLEUM GAS, LIQUIFIED",,,14014,63532,,41.76,48.12,Import,2022,Qtr 4,October,1
1539,PETROLEUM GROUP,, OTHERS,,,6,26,,776.32,766.67,Import,2022,Qtr 4,October,1
1541,TEXTILE GROUP,, RAW COTTON,MT,47868,29943,135749,14.74,4.33,9.01,Import,2022,Qtr 4,October,1
1542,TEXTILE GROUP,, SYNTHETIC FIBRE,MT,16796,8260,37449,3.88,4.11,8.78,Import,2022,Qtr 4,October,1
1543,TEXTILE GROUP,, SYNTHETIC & ARTIFICIAL SILK YARN,MT,23857,10037,45504,31.17,10.9,15.87,Import,2022,Qtr 4,October,1
1544,TEXTILE GROUP,, WORN CLOTHING,MT,79912,7628,34582,4.94,0.87,5.39,Import,2022,Qtr 4,October,1
1545,TEXTILE GROUP,, OTHR TEXTILE ITEMS,,,14713,66704,,2.07,6.65,Import,2022,Qtr 4,October,1
1547,"AGRICULTURAL & OTHER
 CHEMICALS GROUP",, FERTILIZER MANUFACTURED,MT,185255,22462,101834,26.29,5.15,9.87,Import,2022,Qtr 4,October,1
1548,"AGRICULTURAL & OTHER
 CHEMICALS GROUP",, INSECTICIDES,MT,2545,3597,16307,19.92,14.51,19.64,Import,2022,Qtr 4,October,1
1549,"AGRICULTURAL & OTHER
 CHEMICALS GROUP",, PLASTIC MATERIALS,MT,135288,47301,214445,1.4,-0.27,4.2,Import,2022,Qtr 4,October,1
1550,"AGRICULTURAL & OTHER
 CHEMICALS GROUP",, MEDICINAL PRODUCTS,MT,3658,23234,105337,-26.24,-40.38,-37.71,Import,2022,Qtr 4,October,1
1551,"AGRICULTURAL & OTHER
 CHEMICALS GROUP",, OTHERS,,,89133,404100,,-14.36,-10.52,Import,2022,Qtr 4,October,1
1553,METAL GROUP,, GOLD,KG,41,543,2461,-19.61,-23.38,-19.92,Import,2022,Qtr 4,October,1
1554,METAL GROUP,, IRON AND STEEL SCRAP,MT,215351,26037,118041,0.43,-4.18,0.12,Import,2022,Qtr 4,October,1
1555,METAL GROUP,, IRON AND STEEL,MT,213219,38517,174625,6.7,-5.26,-1.01,Import,2022,Qtr 4,October,1
1556,METAL GROUP,, ALUMINIUM WROUGHT & WORKED,,,5372,24354,,7.09,11.89,Import,2022,Qtr 4,October,1
1557,METAL GROUP,, ALL OTHER METALS & ARTICALS,,,16970,76938,,-24.79,-21.42,Import,2022,Qtr 4,October,1
1559,MISCELLANEOUS GROUP,, RUBBER CRUDE INCL  SYNTH/RECLAIMED,MT,23908,3368,15271,-28.7,-23.52,-20.09,Import,2022,Qtr 4,October,1
1560,MISCELLANEOUS GROUP,, RUBBER TYRES & TUBES,NO,366667,2540,11517,42.12,22.25,27.73,Import,2022,Qtr 4,October,1
1561,MISCELLANEOUS GROUP,, WOOD & CORK,,,1914,8678,,27.13,32.83,Import,2022,Qtr 4,October,1
1562,MISCELLANEOUS GROUP,, JUTE,MT,5493,1161,5264,29.37,24.33,29.91,Import,2022,Qtr 4,October,1
1563,MISCELLANEOUS GROUP,, PAPER & PAPER BOARD & MANUF THEREOF,MT,29856,8085,36654,5.26,-9.66,-5.6,Import,2022,Qtr 4,October,1
1564,MISCELLANEOUS GROUP,,ALL OTHERS ITEMS,,,115370,523058,,8.54,13.41,Import,2022,Qtr 4,October,1
1567,FOOD GROUP,," MILK,CREAM & MILK FOOD FOR INFANTS",MT,2748,2678,11620,-4.55,-1.94,-6.01,Import,2022,Qtr 3,September,1
1568,FOOD GROUP,, WHEAT UNMILLED,MT,234298,22560,97889,-42.98,-49.84,-51.93,Import,2022,Qtr 3,September,1
1569,FOOD GROUP,, DRY FRUITS & NUTS,MT,8226,881,3823,66.58,60.77,54.09,Import,2022,Qtr 3,September,1
1570,FOOD GROUP,, TEA,MT,17360,9977,43290,-6.57,-3.06,-7.09,Import,2022,Qtr 3,September,1
1571,FOOD GROUP,, SPICES,MT,11132,2706,11742,-4.47,-12.89,-16.51,Import,2022,Qtr 3,September,1
1572,FOOD GROUP,, SOYABEAN OIL,MT,20525,7998,34702,32.42,32.95,27.42,Import,2022,Qtr 3,September,1
1573,FOOD GROUP,, PALM OIL,MT,302194,96673,419466,12.99,4.97,0.61,Import,2022,Qtr 3,September,1
1574,FOOD GROUP,, SUGAR,MT,358,71,308,-54.68,-52.86,-54.84,Import,2022,Qtr 3,September,1
1575,FOOD GROUP,, PULSES (LEGUMINOUS VEGETABLES),MT,102321,19132,83013,-18.68,-21.32,-24.59,Import,2022,Qtr 3,September,1
1576,FOOD GROUP,, ALL OTHERS FOOD ITEMS,,,54029,234432,,31.31,25.85,Import,2022,Qtr 3,September,1
1578,MACHINERY GROUP,, POWER GENERATING MACHINERY,,,12984,56339,,7.68,3.21,Import,2022,Qtr 3,September,1
1579,MACHINERY GROUP,, OFFICE MACHINE INCL DATA PROC EQUIP;,,,5961,25866,,29.02,23.65,Import,2022,Qtr 3,September,1
1580,MACHINERY GROUP,, TEXTILE MACHINERY,,,12106,52527,,-1.88,-5.96,Import,2022,Qtr 3,September,1
1581,MACHINERY GROUP,, CONSTRUCTION & MINING MACHINERY,,,2127,9229,,47.29,41.16,Import,2022,Qtr 3,September,1
1582,MACHINERY GROUP,, ELECTRICAL MACHINERY & APPARATUS,,,21469,93157,,-50.2,-52.27,Import,2022,Qtr 3,September,1
1584,MACHINERY GROUP, TELE COM, MOBILE PHONE,,,13461,58407,,-3.36,-7.38,Import,2022,Qtr 3,September,1
1585,MACHINERY GROUP, TELE COM, OTHER APPARATUS,,,4711,20439,,-44.58,-46.88,Import,2022,Qtr 3,September,1
1586,MACHINERY GROUP,, AGRICULTURAL MACHINERY & IMPLEMENTS,,,759,3295,,-44.41,-46.73,Import,2022,Qtr 3,September,1
1587,MACHINERY GROUP,, OTHER MACHINERY,,,35483,153963,,-29.42,-32.35,Import,2022,Qtr 3,September,1
1591,TRANSPORT GROUP," ROAD MOTOR VEH  (BUILD UNIT,CKD/SKD)","CBU-BUSES,TRUCKS & OTH  HEAVY VEHICLES",,,1048,4549,,-83.4,-84.09,Import,2022,Qtr 3,September,1
1592,TRANSPORT GROUP," ROAD MOTOR VEH  (BUILD UNIT,CKD/SKD)",CBU-MOTOR CARS,,,299,1297,,-83.39,-84.08,Import,2022,Qtr 3,September,1
1593,TRANSPORT GROUP," ROAD MOTOR VEH  (BUILD UNIT,CKD/SKD)",CBU-MOTOR CYCLES,,,28,123,,45.17,39.77,Import,2022,Qtr 3,September,1
1595,TRANSPORT GROUP," ROAD MOTOR VEH  (BUILD UNIT,CKD/SKD)","CKD/SKD-BUSES,TRUCKS & OTH  HEAVY VEHICLES",,,8650,37532,,46.62,40.52,Import,2022,Qtr 3,September,1
1596,TRANSPORT GROUP," ROAD MOTOR VEH  (BUILD UNIT,CKD/SKD)",CKD/SKD-MOTOR CARS,,,21203,92001,,-2.8,-6.84,Import,2022,Qtr 3,September,1
1597,TRANSPORT GROUP," ROAD MOTOR VEH  (BUILD UNIT,CKD/SKD)",CKD/SKD-MOTOR CYCLES,,,414,1798,,-70.22,-71.46,Import,2022,Qtr 3,September,1
1598,TRANSPORT GROUP," ROAD MOTOR VEH  (BUILD UNIT,CKD/SKD)",PARTS & ACCESSORIES,,,7946,34477,,-7.14,-11,Import,2022,Qtr 3,September,1
1599,TRANSPORT GROUP," ROAD MOTOR VEH  (BUILD UNIT,CKD/SKD)",OTHERS,,,361,1568,,-6.22,-10.09,Import,2022,Qtr 3,September,1
1600,TRANSPORT GROUP,,"AIRCRAFTS, SHIPS AND BOATS",,,3052,13242,,507.94,482.58,Import,2022,Qtr 3,September,1
1601,TRANSPORT GROUP,,OTHERS TRANSPORT EQUIPMENTS,,,191,830,,383.61,363.69,Import,2022,Qtr 3,September,1
1603,PETROLEUM GROUP,, PETROLEUM PRODUCTS,MT,1039168,168266,730113,-9.66,-18.14,-21.54,Import,2022,Qtr 3,September,1
1604,PETROLEUM GROUP,, PETROLEUM CRUDE,MT,635371,103825,450503,-1.41,-0.71,-4.84,Import,2022,Qtr 3,September,1
1605,PETROLEUM GROUP,,"NATURAL GAS, LIQUIFIED",,,78433,340324,,-10.99,-14.69,Import,2022,Qtr 3,September,1
1606,PETROLEUM GROUP,," PETROLEUM GAS, LIQUIFIED",,,9885,42893,,-29.03,-31.98,Import,2022,Qtr 3,September,1
1607,PETROLEUM GROUP,, OTHERS,,,1,3,,-32.87,-25,Import,2022,Qtr 3,September,1
1609,TEXTILE GROUP,, RAW COTTON,MT,41719,28699,124527,-18.81,-12.81,-16.43,Import,2022,Qtr 3,September,1
1610,TEXTILE GROUP,, SYNTHETIC FIBRE,MT,16168,7934,34425,-36.88,-35.45,-38.14,Import,2022,Qtr 3,September,1
1611,TEXTILE GROUP,, SYNTHETIC & ARTIFICIAL SILK YARN,MT,18188,9050,39270,-27.93,-26.87,-29.91,Import,2022,Qtr 3,September,1
1612,TEXTILE GROUP,, WORN CLOTHING,MT,76152,7562,32812,-17.05,-14.51,-18.06,Import,2022,Qtr 3,September,1
1613,TEXTILE GROUP,, OTHR TEXTILE ITEMS,,,14414,62543,,-5.31,-9.25,Import,2022,Qtr 3,September,1
1615,"AGRICULTURAL & OTHER
 CHEMICALS GROUP",, FERTILIZER MANUFACTURED,MT,146690,21362,92689,690.14,417.79,396.27,Import,2022,Qtr 3,September,1
1616,"AGRICULTURAL & OTHER
 CHEMICALS GROUP",, INSECTICIDES,MT,2123,3141,13630,-39.9,-33.22,-35.99,Import,2022,Qtr 3,September,1
1617,"AGRICULTURAL & OTHER
 CHEMICALS GROUP",, PLASTIC MATERIALS,MT,133418,47429,205798,3.82,1.67,-2.55,Import,2022,Qtr 3,September,1
1618,"AGRICULTURAL & OTHER
 CHEMICALS GROUP",, MEDICINAL PRODUCTS,MT,4960,38971,169095,25.37,59.28,52.66,Import,2022,Qtr 3,September,1
1619,"AGRICULTURAL & OTHER
 CHEMICALS GROUP",, OTHERS,,,104083,451620,,-11.97,-15.63,Import,2022,Qtr 3,September,1
1621,METAL GROUP,, GOLD,KG,51,708,3073,45.71,32.16,26.67,Import,2022,Qtr 3,September,1
1622,METAL GROUP,, IRON AND STEEL SCRAP,MT,214435,27172,117900,-23.27,-21,-24.29,Import,2022,Qtr 3,September,1
1623,METAL GROUP,, IRON AND STEEL,MT,199829,40657,176412,42.17,24.65,19.47,Import,2022,Qtr 3,September,1
1624,METAL GROUP,, ALUMINIUM WROUGHT & WORKED,,,5016,21766,,-23.98,-27.14,Import,2022,Qtr 3,September,1
1625,METAL GROUP,, ALL OTHER METALS & ARTICALS,,,22565,97912,,16.95,12.09,Import,2022,Qtr 3,September,1
1627,MISCELLANEOUS GROUP,, RUBBER CRUDE INCL  SYNTH/RECLAIMED,MT,33534,4404,19111,-33.1,-21,-24.29,Import,2022,Qtr 3,September,1
1628,MISCELLANEOUS GROUP,, RUBBER TYRES & TUBES,NO,258004,2078,9017,-32,-32.68,-35.48,Import,2022,Qtr 3,September,1
1629,MISCELLANEOUS GROUP,, WOOD & CORK,,,1506,6533,,-9.1,-12.88,Import,2022,Qtr 3,September,1
1630,MISCELLANEOUS GROUP,, JUTE,MT,4246,934,4052,-50.36,-49.69,-51.78,Import,2022,Qtr 3,September,1
1631,MISCELLANEOUS GROUP,, PAPER & PAPER BOARD & MANUF THEREOF,MT,28363,8949,38830,-26.53,-10.24,-13.97,Import,2022,Qtr 3,September,1
1632,MISCELLANEOUS GROUP,,ALL OTHERS ITEMS,,,106295,461216,,-6.51,-10.4,Import,2022,Qtr 3,September,1
1635,FOOD GROUP,," MILK,CREAM & MILK FOOD FOR INFANTS",MT,1740,2358,8275,-36.68,-31.44,-32.58,Import,2023,Qtr 2,April,1
1636,FOOD GROUP,, WHEAT UNMILLED,MT,146873,15885,55747,-55.28,-53.39,-54.17,Import,2023,Qtr 2,April,1
1637,FOOD GROUP,, DRY FRUITS & NUTS,MT,6098,860,3017,34.96,45.26,42.85,Import,2023,Qtr 2,April,1
1638,FOOD GROUP,, TEA,MT,13355,9318,32700,-15.1,-13.49,-14.93,Import,2023,Qtr 2,April,1
1639,FOOD GROUP,, SPICES,MT,9805,3270,11475,-13.97,-2.74,-4.36,Import,2023,Qtr 2,April,1
1640,FOOD GROUP,, SOYABEAN OIL,MT,7350,2739,9611,-77.66,-77.65,-78.02,Import,2023,Qtr 2,April,1
1641,FOOD GROUP,, PALM OIL,MT,172534,51310,180069,-24.95,-22.47,-23.76,Import,2023,Qtr 2,April,1
1642,FOOD GROUP,, SUGAR,MT,326,85,298,-26,-37.37,-38.43,Import,2023,Qtr 2,April,1
1643,FOOD GROUP,, PULSES (LEGUMINOUS VEGETABLES),MT,93530,17314,60761,-41.26,-36.24,-37.3,Import,2023,Qtr 2,April,1
1644,FOOD GROUP,, ALL OTHERS FOOD ITEMS,,,19138,67162,,-17.3,-18.67,Import,2023,Qtr 2,April,1
1646,MACHINERY GROUP,, POWER GENERATING MACHINERY,,,8642,30328,,32.04,29.84,Import,2023,Qtr 2,April,1
1647,MACHINERY GROUP,, OFFICE MACHINE INCL DATA PROC EQUIP;,,,6472,22713,,-19.64,-20.98,Import,2023,Qtr 2,April,1
1648,MACHINERY GROUP,, TEXTILE MACHINERY,,,4536,15921,,-13.59,-15.03,Import,2023,Qtr 2,April,1
1649,MACHINERY GROUP,, CONSTRUCTION & MINING MACHINERY,,,1917,6729,,43.59,41.19,Import,2023,Qtr 2,April,1
1650,MACHINERY GROUP,, ELECTRICAL MACHINERY & APPARATUS,,,33358,117069,,5.8,4.04,Import,2023,Qtr 2,April,1
1652,MACHINERY GROUP, TELE COM, MOBILE PHONE,,,3017,10587,,-27.48,-28.69,Import,2023,Qtr 2,April,1
1653,MACHINERY GROUP, TELE COM, OTHER APPARATUS,,,6815,23917,,14.37,12.47,Import,2023,Qtr 2,April,1
1654,MACHINERY GROUP,, AGRICULTURAL MACHINERY & IMPLEMENTS,,,1267,4446,,38.32,36,Import,2023,Qtr 2,April,1
1655,MACHINERY GROUP,, OTHER MACHINERY,,,34339,120509,,8.07,6.27,Import,2023,Qtr 2,April,1
1659,TRANSPORT GROUP," ROAD MOTOR VEH  (BUILD UNIT,CKD/SKD)","CBU-BUSES,TRUCKS & OTH  HEAVY VEHICLES",,,1069,3752,,-30.55,-31.71,Import,2023,Qtr 2,April,1
1660,TRANSPORT GROUP," ROAD MOTOR VEH  (BUILD UNIT,CKD/SKD)",CBU-MOTOR CARS,,,2086,7321,,145.89,141.78,Import,2023,Qtr 2,April,1
1661,TRANSPORT GROUP," ROAD MOTOR VEH  (BUILD UNIT,CKD/SKD)",CBU-MOTOR CYCLES,,,16,56,,98.5,93.1,Import,2023,Qtr 2,April,1
1663,TRANSPORT GROUP," ROAD MOTOR VEH  (BUILD UNIT,CKD/SKD)","CKD/SKD-BUSES,TRUCKS & OTH  HEAVY VEHICLES",,,4241,14883,,-22.91,-24.19,Import,2023,Qtr 2,April,1
1664,TRANSPORT GROUP," ROAD MOTOR VEH  (BUILD UNIT,CKD/SKD)",CKD/SKD-MOTOR CARS,,,6720,23583,,-45.2,-46.12,Import,2023,Qtr 2,April,1
1665,TRANSPORT GROUP," ROAD MOTOR VEH  (BUILD UNIT,CKD/SKD)",CKD/SKD-MOTOR CYCLES,,,636,2232,,69.17,66.32,Import,2023,Qtr 2,April,1
1666,TRANSPORT GROUP," ROAD MOTOR VEH  (BUILD UNIT,CKD/SKD)",PARTS & ACCESSORIES,,,2845,9984,,-24.45,-25.7,Import,2023,Qtr 2,April,1
1667,TRANSPORT GROUP," ROAD MOTOR VEH  (BUILD UNIT,CKD/SKD)",OTHERS,,,243,853,,-25.28,-26.53,Import,2023,Qtr 2,April,1
1668,TRANSPORT GROUP,,"AIRCRAFTS, SHIPS AND BOATS",,,1,4,,-98.98,-99.07,Import,2023,Qtr 2,April,1
1669,TRANSPORT GROUP,,OTHERS TRANSPORT EQUIPMENTS,,,122,428,,-92.05,-92.19,Import,2023,Qtr 2,April,1
1671,PETROLEUM GROUP,, PETROLEUM PRODUCTS,MT,474838,89071,312588,-35.91,-34.33,-35.42,Import,2023,Qtr 2,April,1
1672,PETROLEUM GROUP,, PETROLEUM CRUDE,MT,493533,78928,276995,-21.77,-25.31,-26.55,Import,2023,Qtr 2,April,1
1673,PETROLEUM GROUP,,"NATURAL GAS, LIQUIFIED",,,73700,258645,,-12.72,-14.17,Import,2023,Qtr 2,April,1
1674,PETROLEUM GROUP,," PETROLEUM GAS, LIQUIFIED",,,12311,43203,,0.01,-1.66,Import,2023,Qtr 2,April,1
1675,PETROLEUM GROUP,, OTHERS,,,10,37,,720.94,640,Import,2023,Qtr 2,April,1
1677,TEXTILE GROUP,, RAW COTTON,MT,48981,33683,118210,-23.86,-19.29,-20.64,Import,2023,Qtr 2,April,1
1678,TEXTILE GROUP,, SYNTHETIC FIBRE,MT,19758,9154,32125,10.81,15.29,13.38,Import,2023,Qtr 2,April,1
1679,TEXTILE GROUP,, SYNTHETIC & ARTIFICIAL SILK YARN,MT,22157,11146,39115,26.26,24.91,22.83,Import,2023,Qtr 2,April,1
1680,TEXTILE GROUP,, WORN CLOTHING,MT,53006,6581,23094,-21.23,-17.52,-18.89,Import,2023,Qtr 2,April,1
1681,TEXTILE GROUP,, OTHR TEXTILE ITEMS,,,7926,27817,,-4.83,-6.41,Import,2023,Qtr 2,April,1
1683,"AGRICULTURAL & OTHER
 CHEMICALS GROUP",, FERTILIZER MANUFACTURED,MT,8602,1478,5186,-75.25,-77.91,-78.27,Import,2023,Qtr 2,April,1
1684,"AGRICULTURAL & OTHER
 CHEMICALS GROUP",, INSECTICIDES,MT,2359,5333,18714,-26.59,-8.28,-9.81,Import,2023,Qtr 2,April,1
1685,"AGRICULTURAL & OTHER
 CHEMICALS GROUP",, PLASTIC MATERIALS,MT,95488,36918,129563,-14.1,-9.34,-10.85,Import,2023,Qtr 2,April,1
1686,"AGRICULTURAL & OTHER
 CHEMICALS GROUP",, MEDICINAL PRODUCTS,MT,1780,20304,71256,-44.88,-46.02,-46.92,Import,2023,Qtr 2,April,1
1687,"AGRICULTURAL & OTHER
 CHEMICALS GROUP",, OTHERS,,,76629,268926,,-8.3,-9.83,Import,2023,Qtr 2,April,1
1689,METAL GROUP,, GOLD,KG,8,153,537,-80.95,-78.82,-79.19,Import,2023,Qtr 2,April,1
1690,METAL GROUP,, IRON AND STEEL SCRAP,MT,86982,14487,50842,-36.22,-33.39,-34.5,Import,2023,Qtr 2,April,1
1691,METAL GROUP,, IRON AND STEEL,MT,116059,26249,92118,-27.42,-21.48,-22.79,Import,2023,Qtr 2,April,1
1692,METAL GROUP,, ALUMINIUM WROUGHT & WORKED,,,4786,16795,,17.93,15.97,Import,2023,Qtr 2,April,1
1693,METAL GROUP,, ALL OTHER METALS & ARTICALS,,,14672,51491,,-9.55,-11.06,Import,2023,Qtr 2,April,1
1695,MISCELLANEOUS GROUP,, RUBBER CRUDE INCL  SYNTH/RECLAIMED,MT,26967,4573,16050,18.77,13.93,12.04,Import,2023,Qtr 2,April,1
1696,MISCELLANEOUS GROUP,, RUBBER TYRES & TUBES,NO,147811,588,2064,35.04,-43.76,-44.71,Import,2023,Qtr 2,April,1
1697,MISCELLANEOUS GROUP,, WOOD & CORK,,,404,1419,,-61.19,-61.85,Import,2023,Qtr 2,April,1
1698,MISCELLANEOUS GROUP,, JUTE,MT,6581,1361,4776,-41.49,-39.92,-40.92,Import,2023,Qtr 2,April,1
1699,MISCELLANEOUS GROUP,, PAPER & PAPER BOARD & MANUF THEREOF,MT,19306,7391,25938,-26.94,-7.54,-9.08,Import,2023,Qtr 2,April,1
1700,MISCELLANEOUS GROUP,,ALL OTHERS ITEMS,,,75658,265522,,-12.54,-13.99,Import,2023,Qtr 2,April,1
1703,FOOD GROUP,," MILK,CREAM & MILK FOOD FOR INFANTS",MT,4050,4299,14631,96.39,50.97,44.39,Import,2023,Qtr 3,August,1
1704,FOOD GROUP,, WHEAT UNMILLED,MT,0,0,0,0,0,0,Import,2023,Qtr 3,August,1
1705,FOOD GROUP,, DRY FRUITS & NUTS,MT,7061,1300,4423,65.58,72.34,64.85,Import,2023,Qtr 3,August,1
1706,FOOD GROUP,, TEA,MT,23553,15910,54151,2.86,1.1,-3.31,Import,2023,Qtr 3,August,1
1707,FOOD GROUP,, SPICES,MT,9772,3677,12515,-9.04,6.84,2.19,Import,2023,Qtr 3,August,1
1708,FOOD GROUP,, SOYABEAN OIL,MT,29250,9362,31865,132.6,122.77,113.07,Import,2023,Qtr 3,August,1
1709,FOOD GROUP,, PALM OIL,MT,294203,80346,273464,5.9,2.5,-1.96,Import,2023,Qtr 3,August,1
1710,FOOD GROUP,, SUGAR,MT,292,74,250,-49.16,-51.4,-53.62,Import,2023,Qtr 3,August,1
1711,FOOD GROUP,, PULSES (LEGUMINOUS VEGETABLES),MT,127689,23984,81633,-10.19,-1.16,-5.47,Import,2023,Qtr 3,August,1
1712,FOOD GROUP,, ALL OTHERS FOOD ITEMS,,,60455,205763,,32.03,26.27,Import,2023,Qtr 3,August,1
1714,MACHINERY GROUP,, POWER GENERATING MACHINERY,,,13290,45234,,67.35,60.06,Import,2023,Qtr 3,August,1
1715,MACHINERY GROUP,, OFFICE MACHINE INCL DATA PROC EQUIP;,,,17331,58988,,31.62,25.89,Import,2023,Qtr 3,August,1
1716,MACHINERY GROUP,, TEXTILE MACHINERY,,,2940,10005,,-23.88,-27.19,Import,2023,Qtr 3,August,1
1717,MACHINERY GROUP,, CONSTRUCTION & MINING MACHINERY,,,2380,8100,,99.06,90.41,Import,2023,Qtr 3,August,1
1718,MACHINERY GROUP,, ELECTRICAL MACHINERY & APPARATUS,,,48536,165196,,-0.49,-4.82,Import,2023,Qtr 3,August,1
1720,MACHINERY GROUP, TELE COM, MOBILE PHONE,,,32712,111340,,70.85,63.41,Import,2023,Qtr 3,August,1
1721,MACHINERY GROUP, TELE COM, OTHER APPARATUS,,,11272,38365,,77.9,70.15,Import,2023,Qtr 3,August,1
1722,MACHINERY GROUP,, AGRICULTURAL MACHINERY & IMPLEMENTS,,,1302,4430,,11.68,6.8,Import,2023,Qtr 3,August,1
1723,MACHINERY GROUP,, OTHER MACHINERY,,,58656,199640,,58.19,51.3,Import,2023,Qtr 3,August,1
1727,TRANSPORT GROUP," ROAD MOTOR VEH  (BUILD UNIT,CKD/SKD)","CBU-BUSES,TRUCKS & OTH  HEAVY VEHICLES",,,1306,4444,,61.18,54.14,Import,2023,Qtr 3,August,1
1728,TRANSPORT GROUP," ROAD MOTOR VEH  (BUILD UNIT,CKD/SKD)",CBU-MOTOR CARS,,,5934,20196,,88.87,80.64,Import,2023,Qtr 3,August,1
1729,TRANSPORT GROUP," ROAD MOTOR VEH  (BUILD UNIT,CKD/SKD)",CBU-MOTOR CYCLES,,,64,217,,8.2,3.33,Import,2023,Qtr 3,August,1
1731,TRANSPORT GROUP," ROAD MOTOR VEH  (BUILD UNIT,CKD/SKD)","CKD/SKD-BUSES,TRUCKS & OTH  HEAVY VEHICLES",,,5698,19395,,19.09,13.9,Import,2023,Qtr 3,August,1
1732,TRANSPORT GROUP," ROAD MOTOR VEH  (BUILD UNIT,CKD/SKD)",CKD/SKD-MOTOR CARS,,,17828,60680,,-10.14,-14.06,Import,2023,Qtr 3,August,1
1733,TRANSPORT GROUP," ROAD MOTOR VEH  (BUILD UNIT,CKD/SKD)",CKD/SKD-MOTOR CYCLES,,,929,3163,,25.8,20.31,Import,2023,Qtr 3,August,1
1734,TRANSPORT GROUP," ROAD MOTOR VEH  (BUILD UNIT,CKD/SKD)",PARTS & ACCESSORIES,,,7288,24804,,35.38,29.48,Import,2023,Qtr 3,August,1
1735,TRANSPORT GROUP," ROAD MOTOR VEH  (BUILD UNIT,CKD/SKD)",OTHERS,,,517,1760,,174.58,162.69,Import,2023,Qtr 3,August,1
1736,TRANSPORT GROUP,,"AIRCRAFTS, SHIPS AND BOATS",,,8,27,,152.75,145.45,Import,2023,Qtr 3,August,1
1737,TRANSPORT GROUP,,OTHERS TRANSPORT EQUIPMENTS,,,289,984,,-93.49,-93.77,Import,2023,Qtr 3,August,1
1739,PETROLEUM GROUP,, PETROLEUM PRODUCTS,MT,993051,180628,614781,64.86,80.26,72.41,Import,2023,Qtr 3,August,1
1740,PETROLEUM GROUP,, PETROLEUM CRUDE,MT,687592,119438,406518,820.96,754.85,717.61,Import,2023,Qtr 3,August,1
1741,PETROLEUM GROUP,,"NATURAL GAS, LIQUIFIED",,,89854,305826,,-5.84,-9.95,Import,2023,Qtr 3,August,1
1742,PETROLEUM GROUP,," PETROLEUM GAS, LIQUIFIED",,,15441,52555,,20.8,15.54,Import,2023,Qtr 3,August,1
1743,PETROLEUM GROUP,, OTHERS,,,0,0,,-100,-100,Import,2023,Qtr 3,August,1
1745,TEXTILE GROUP,, RAW COTTON,MT,21604,14440,49147,11.1,9.14,4.39,Import,2023,Qtr 3,August,1
1746,TEXTILE GROUP,, SYNTHETIC FIBRE,MT,26106,14174,48242,-22.79,-15.5,-19.18,Import,2023,Qtr 3,August,1
1747,TEXTILE GROUP,, SYNTHETIC & ARTIFICIAL SILK YARN,MT,30888,15856,53967,-7.44,-3.83,-8.02,Import,2023,Qtr 3,August,1
1748,TEXTILE GROUP,, WORN CLOTHING,MT,83067,10721,36489,8.73,14.4,9.42,Import,2023,Qtr 3,August,1
1749,TEXTILE GROUP,, OTHR TEXTILE ITEMS,,,15308,52101,,18.5,13.33,Import,2023,Qtr 3,August,1
1751,"AGRICULTURAL & OTHER
 CHEMICALS GROUP",, FERTILIZER MANUFACTURED,MT,19644,2785,9479,3.63,-12.97,-16.76,Import,2023,Qtr 3,August,1
1752,"AGRICULTURAL & OTHER
 CHEMICALS GROUP",, INSECTICIDES,MT,3633,4498,15310,21.6,-10.02,-13.94,Import,2023,Qtr 3,August,1
1753,"AGRICULTURAL & OTHER
 CHEMICALS GROUP",, PLASTIC MATERIALS,MT,193859,66789,227320,23.52,16.37,11.29,Import,2023,Qtr 3,August,1
1754,"AGRICULTURAL & OTHER
 CHEMICALS GROUP",, MEDICINAL PRODUCTS,MT,2305,24592,83703,-7.87,-6.35,-10.43,Import,2023,Qtr 3,August,1
1755,"AGRICULTURAL & OTHER
 CHEMICALS GROUP",, OTHERS,,,112972,384510,,2.58,-1.89,Import,2023,Qtr 3,August,1
1757,METAL GROUP,, GOLD,KG,52,877,2985,4,57.09,50.3,Import,2023,Qtr 3,August,1
1758,METAL GROUP,, IRON AND STEEL SCRAP,MT,210525,28618,97405,16.2,15.88,10.83,Import,2023,Qtr 3,August,1
1759,METAL GROUP,, IRON AND STEEL,MT,231750,47489,161633,44.62,14.21,9.24,Import,2023,Qtr 3,August,1
1760,METAL GROUP,, ALUMINIUM WROUGHT & WORKED,,,2932,9979,,-33.33,-36.24,Import,2023,Qtr 3,August,1
1761,METAL GROUP,, ALL OTHER METALS & ARTICALS,,,15869,54012,,-23.19,-26.54,Import,2023,Qtr 3,August,1
1763,MISCELLANEOUS GROUP,, RUBBER CRUDE INCL  SYNTH/RECLAIMED,MT,51775,6604,22477,36.51,3.09,-1.4,Import,2023,Qtr 3,August,1
1764,MISCELLANEOUS GROUP,, RUBBER TYRES & TUBES,NO,213618,1545,5258,68.13,23.37,18,Import,2023,Qtr 3,August,1
1765,MISCELLANEOUS GROUP,, WOOD & CORK,,892,3333,11343,,27.27,21.72,Import,2023,Qtr 3,August,1
1766,MISCELLANEOUS GROUP,, JUTE,MT,3768,770,2621,-33.64,-30.96,-33.96,Import,2023,Qtr 3,August,1
1767,MISCELLANEOUS GROUP,, PAPER & PAPER BOARD & MANUF THEREOF,MT,36227,10571,35978,3.32,-0.79,-5.11,Import,2023,Qtr 3,August,1
1768,MISCELLANEOUS GROUP,,ALL OTHERS ITEMS,,,96670,329022,,20.24,15,Import,2023,Qtr 3,August,1
1771,FOOD GROUP,," MILK,CREAM & MILK FOOD FOR INFANTS",MT,3886,2642,9325,-32.47,-16.17,-15.51,Import,2023,Qtr 4,December,1
1772,FOOD GROUP,, WHEAT UNMILLED,MT,312399,25104,88614,-37.24,-38.03,-37.54,Import,2023,Qtr 4,December,1
1773,FOOD GROUP,, DRY FRUITS & NUTS,MT,11966,2423,8553,-18.31,-12.21,-11.51,Import,2023,Qtr 4,December,1
1774,FOOD GROUP,, TEA,MT,23345,16677,58869,7.92,8.96,9.81,Import,2023,Qtr 4,December,1
1775,FOOD GROUP,, SPICES,MT,14860,5098,17994,16.77,27.62,28.62,Import,2023,Qtr 4,December,1
1776,FOOD GROUP,, SOYABEAN OIL,MT,8855,2637,9307,38.14,30.54,31.57,Import,2023,Qtr 4,December,1
1777,FOOD GROUP,, PALM OIL,MT,237488,60316,212907,2.5,0.15,0.94,Import,2023,Qtr 4,December,1
1778,FOOD GROUP,, SUGAR,MT,106,36,128,-75.26,-65.35,-65.12,Import,2023,Qtr 4,December,1
1779,FOOD GROUP,, PULSES (LEGUMINOUS VEGETABLES),MT,76983,14991,52917,-37.68,-35.8,-35.29,Import,2023,Qtr 4,December,1
1780,FOOD GROUP,, ALL OTHERS FOOD ITEMS,,,42080,148538,,-20.98,-20.36,Import,2023,Qtr 4,December,1
1782,MACHINERY GROUP,, POWER GENERATING MACHINERY,,,8569,30248,,-35.53,-35.02,Import,2023,Qtr 4,December,1
1783,MACHINERY GROUP,, OFFICE MACHINE INCL DATA PROC EQUIP;,,,11391,40210,,8.21,9.06,Import,2023,Qtr 4,December,1
1784,MACHINERY GROUP,, TEXTILE MACHINERY,,,3435,12124,,22.12,23.09,Import,2023,Qtr 4,December,1
1785,MACHINERY GROUP,, CONSTRUCTION & MINING MACHINERY,,,1828,6452,,-25.78,-25.2,Import,2023,Qtr 4,December,1
1786,MACHINERY GROUP,, ELECTRICAL MACHINERY & APPARATUS,,,63667,224738,,39.34,40.43,Import,2023,Qtr 4,December,1
1788,MACHINERY GROUP, TELE COM, MOBILE PHONE,,,49887,176093,,19.22,20.16,Import,2023,Qtr 4,December,1
1789,MACHINERY GROUP, TELE COM, OTHER APPARATUS,,,11380,40170,,-2.86,-2.1,Import,2023,Qtr 4,December,1
1790,MACHINERY GROUP,, AGRICULTURAL MACHINERY & IMPLEMENTS,,,1363,4810,,-44.63,-44.19,Import,2023,Qtr 4,December,1
1791,MACHINERY GROUP,, OTHER MACHINERY,,,38437,135679,,7.01,7.85,Import,2023,Qtr 4,December,1
1795,TRANSPORT GROUP," ROAD MOTOR VEH  (BUILD UNIT,CKD/SKD)","CBU-BUSES,TRUCKS & OTH  HEAVY VEHICLES",,,2074,7319,,-6.22,-5.49,Import,2023,Qtr 4,December,1
1796,TRANSPORT GROUP," ROAD MOTOR VEH  (BUILD UNIT,CKD/SKD)",CBU-MOTOR CARS,,,5797,20464,,1.26,2.05,Import,2023,Qtr 4,December,1
1797,TRANSPORT GROUP," ROAD MOTOR VEH  (BUILD UNIT,CKD/SKD)",CBU-MOTOR CYCLES,,,48,171,,146.81,147.83,Import,2023,Qtr 4,December,1
1799,TRANSPORT GROUP," ROAD MOTOR VEH  (BUILD UNIT,CKD/SKD)","CKD/SKD-BUSES,TRUCKS & OTH  HEAVY VEHICLES",,,3281,11581,,-27.12,-26.54,Import,2023,Qtr 4,December,1
1800,TRANSPORT GROUP," ROAD MOTOR VEH  (BUILD UNIT,CKD/SKD)",CKD/SKD-MOTOR CARS,,,29543,104283,,43.81,44.94,Import,2023,Qtr 4,December,1
1801,TRANSPORT GROUP," ROAD MOTOR VEH  (BUILD UNIT,CKD/SKD)",CKD/SKD-MOTOR CYCLES,,,782,2760,,-23.59,-22.99,Import,2023,Qtr 4,December,1
1802,TRANSPORT GROUP," ROAD MOTOR VEH  (BUILD UNIT,CKD/SKD)",PARTS & ACCESSORIES,,,6466,22823,,-9.09,-8.37,Import,2023,Qtr 4,December,1
1803,TRANSPORT GROUP," ROAD MOTOR VEH  (BUILD UNIT,CKD/SKD)",OTHERS,,,660,2329,,8.11,8.98,Import,2023,Qtr 4,December,1
1804,TRANSPORT GROUP,,"AIRCRAFTS, SHIPS AND BOATS",,,2619,9244,,37.48,38.57,Import,2023,Qtr 4,December,1
1805,TRANSPORT GROUP,,OTHERS TRANSPORT EQUIPMENTS,,,196,692,,89.72,91.16,Import,2023,Qtr 4,December,1
1807,PETROLEUM GROUP,, PETROLEUM PRODUCTS,MT,780371,150888,532615,5.91,5.82,6.65,Import,2023,Qtr 4,December,1
1808,PETROLEUM GROUP,, PETROLEUM CRUDE,MT,921687,158260,558637,-5.77,-2,-1.23,Import,2023,Qtr 4,December,1
1809,PETROLEUM GROUP,,"NATURAL GAS, LIQUIFIED",,,109516,386578,,32.4,33.44,Import,2023,Qtr 4,December,1
1810,PETROLEUM GROUP,," PETROLEUM GAS, LIQUIFIED",,,20972,74028,,4.66,5.49,Import,2023,Qtr 4,December,1
1811,PETROLEUM GROUP,, OTHERS,,,3,12,,-70.28,-69.23,Import,2023,Qtr 4,December,1
1813,TEXTILE GROUP,, RAW COTTON,MT,7016,4357,15378,-50.75,-48.94,-48.54,Import,2023,Qtr 4,December,1
1814,TEXTILE GROUP,, SYNTHETIC FIBRE,MT,16977,7829,27635,8.48,3.64,4.45,Import,2023,Qtr 4,December,1
1815,TEXTILE GROUP,, SYNTHETIC & ARTIFICIAL SILK YARN,MT,31451,14627,51630,7.19,7.22,8.06,Import,2023,Qtr 4,December,1
1816,TEXTILE GROUP,, WORN CLOTHING,MT,87112,11314,39937,-4.13,-0.6,0.18,Import,2023,Qtr 4,December,1
1817,TEXTILE GROUP,, OTHR TEXTILE ITEMS,,,19320,68198,,-6.59,-5.86,Import,2023,Qtr 4,December,1
1819,"AGRICULTURAL & OTHER
 CHEMICALS GROUP",, FERTILIZER MANUFACTURED,MT,133168,20378,71931,4.75,-3.15,-2.39,Import,2023,Qtr 4,December,1
1820,"AGRICULTURAL & OTHER
 CHEMICALS GROUP",, INSECTICIDES,MT,2133,2873,10140,-22.78,-48.04,-47.63,Import,2023,Qtr 4,December,1
1821,"AGRICULTURAL & OTHER
 CHEMICALS GROUP",, PLASTIC MATERIALS,MT,153564,52218,184323,11.49,5.26,6.08,Import,2023,Qtr 4,December,1
1822,"AGRICULTURAL & OTHER
 CHEMICALS GROUP",, MEDICINAL PRODUCTS,MT,5981,28230,99647,-27.44,7.82,8.66,Import,2023,Qtr 4,December,1
1823,"AGRICULTURAL & OTHER
 CHEMICALS GROUP",, OTHERS,,,97046,342560,,4.66,5.49,Import,2023,Qtr 4,December,1
1825,METAL GROUP,, GOLD,KG,12,221,780,-80,-80.16,-79.99,Import,2023,Qtr 4,December,1
1826,METAL GROUP,, IRON AND STEEL SCRAP,MT,240751,30426,107400,-3.47,-6.39,-5.65,Import,2023,Qtr 4,December,1
1827,METAL GROUP,, IRON AND STEEL,MT,206226,41654,147033,-31.5,-28.21,-27.65,Import,2023,Qtr 4,December,1
1828,METAL GROUP,, ALUMINIUM WROUGHT & WORKED,,,3778,13337,,-17.35,-16.7,Import,2023,Qtr 4,December,1
1829,METAL GROUP,, ALL OTHER METALS & ARTICALS,,,19739,69677,,15.86,16.77,Import,2023,Qtr 4,December,1
1831,MISCELLANEOUS GROUP,, RUBBER CRUDE INCL  SYNTH/RECLAIMED,MT,37501,5638,19900,5.52,-12.85,-12.16,Import,2023,Qtr 4,December,1
1832,MISCELLANEOUS GROUP,, RUBBER TYRES & TUBES,NO,445237,3213,11341,3.38,26.31,27.31,Import,2023,Qtr 4,December,1
1833,MISCELLANEOUS GROUP,, WOOD & CORK,,,2986,10540,,-3.39,-2.63,Import,2023,Qtr 4,December,1
1834,MISCELLANEOUS GROUP,, JUTE,MT,2682,472,1667,-31.25,-37.82,-37.33,Import,2023,Qtr 4,December,1
1835,MISCELLANEOUS GROUP,, PAPER & PAPER BOARD & MANUF THEREOF,MT,33768,8934,31537,-15.93,-12.21,-11.53,Import,2023,Qtr 4,December,1
1836,MISCELLANEOUS GROUP,,ALL OTHERS ITEMS,,,89146,314678,,10.31,11.18,Import,2023,Qtr 4,December,1
1839,FOOD GROUP,," MILK,CREAM & MILK FOOD FOR INFANTS",MT,2917,3510,13164,-15.49,17.96,3.57,Import,2023,Qtr 1,February,1
1840,FOOD GROUP,, WHEAT UNMILLED,MT,264430,26977,101160,-40.92,-30.31,-38.81,Import,2023,Qtr 1,February,1
1841,FOOD GROUP,, DRY FRUITS & NUTS,MT,5137,597,2238,-15.78,-17.64,-27.69,Import,2023,Qtr 1,February,1
1842,FOOD GROUP,, TEA,MT,13845,8715,32679,-21.56,-17.33,-27.42,Import,2023,Qtr 1,February,1
1843,FOOD GROUP,, SPICES,MT,10315,3145,11792,-23.06,-7.99,-19.22,Import,2023,Qtr 1,February,1
1844,FOOD GROUP,, SOYABEAN OIL,MT,3250,1118,4192,-89.76,-89.24,-90.55,Import,2023,Qtr 1,February,1
1845,FOOD GROUP,, PALM OIL,MT,223678,62554,234568,-36.32,-26.65,-35.6,Import,2023,Qtr 1,February,1
1846,FOOD GROUP,, SUGAR,MT,246,56,209,-18.54,-27.1,-35.89,Import,2023,Qtr 1,February,1
1847,FOOD GROUP,, PULSES (LEGUMINOUS VEGETABLES),MT,108560,19289,72330,30.03,49.36,31.13,Import,2023,Qtr 1,February,1
1848,FOOD GROUP,, ALL OTHERS FOOD ITEMS,,,61720,231442,,-27.68,-36.5,Import,2023,Qtr 1,February,1
1850,MACHINERY GROUP,, POWER GENERATING MACHINERY,,,10438,39141,,0.51,-11.75,Import,2023,Qtr 1,February,1
1851,MACHINERY GROUP,, OFFICE MACHINE INCL DATA PROC EQUIP;,,,7031,26364,,10.36,-3.1,Import,2023,Qtr 1,February,1
1852,MACHINERY GROUP,, TEXTILE MACHINERY,,,3181,11928,,-10.51,-21.43,Import,2023,Qtr 1,February,1
1853,MACHINERY GROUP,, CONSTRUCTION & MINING MACHINERY,,,2537,9512,,15.27,1.2,Import,2023,Qtr 1,February,1
1854,MACHINERY GROUP,, ELECTRICAL MACHINERY & APPARATUS,,,34289,128580,,-1.76,-13.74,Import,2023,Qtr 1,February,1
1856,MACHINERY GROUP, TELE COM, MOBILE PHONE,,,8815,33054,,-27.54,-36.39,Import,2023,Qtr 1,February,1
1857,MACHINERY GROUP, TELE COM, OTHER APPARATUS,,,8450,31687,,36.83,20.13,Import,2023,Qtr 1,February,1
1858,MACHINERY GROUP,, AGRICULTURAL MACHINERY & IMPLEMENTS,,,816,3060,,43.15,25.67,Import,2023,Qtr 1,February,1
1859,MACHINERY GROUP,, OTHER MACHINERY,,,36831,138112,,-9.08,-20.17,Import,2023,Qtr 1,February,1
1863,TRANSPORT GROUP," ROAD MOTOR VEH  (BUILD UNIT,CKD/SKD)","CBU-BUSES,TRUCKS & OTH  HEAVY VEHICLES",,,462,1732,,-59.46,-64.41,Import,2023,Qtr 1,February,1
1864,TRANSPORT GROUP," ROAD MOTOR VEH  (BUILD UNIT,CKD/SKD)",CBU-MOTOR CARS,,,1040,3899,,3.14,-9.45,Import,2023,Qtr 1,February,1
1865,TRANSPORT GROUP," ROAD MOTOR VEH  (BUILD UNIT,CKD/SKD)",CBU-MOTOR CYCLES,,,41,152,,-24.54,-33.91,Import,2023,Qtr 1,February,1
1867,TRANSPORT GROUP," ROAD MOTOR VEH  (BUILD UNIT,CKD/SKD)","CKD/SKD-BUSES,TRUCKS & OTH  HEAVY VEHICLES",,,5499,20620,,7.17,-5.9,Import,2023,Qtr 1,February,1
1868,TRANSPORT GROUP," ROAD MOTOR VEH  (BUILD UNIT,CKD/SKD)",CKD/SKD-MOTOR CARS,,,18599,69744,,49.88,31.59,Import,2023,Qtr 1,February,1
1869,TRANSPORT GROUP," ROAD MOTOR VEH  (BUILD UNIT,CKD/SKD)",CKD/SKD-MOTOR CYCLES,,,536,2009,,-31.25,-39.65,Import,2023,Qtr 1,February,1
1870,TRANSPORT GROUP," ROAD MOTOR VEH  (BUILD UNIT,CKD/SKD)",PARTS & ACCESSORIES,,,6043,22661,,25.61,10.28,Import,2023,Qtr 1,February,1
1871,TRANSPORT GROUP," ROAD MOTOR VEH  (BUILD UNIT,CKD/SKD)",OTHERS,,,266,998,,-60.5,-65.31,Import,2023,Qtr 1,February,1
1872,TRANSPORT GROUP,,"AIRCRAFTS, SHIPS AND BOATS",,,3978,14918,,-37.1,-44.77,Import,2023,Qtr 1,February,1
1873,TRANSPORT GROUP,,OTHERS TRANSPORT EQUIPMENTS,,,78,292,,-91.92,-92.9,Import,2023,Qtr 1,February,1
1875,PETROLEUM GROUP,, PETROLEUM PRODUCTS,MT,689742,123393,462706,-34.49,-23.36,-32.71,Import,2023,Qtr 1,February,1
1876,PETROLEUM GROUP,, PETROLEUM CRUDE,MT,627363,102174,383137,14.36,34.56,18.14,Import,2023,Qtr 1,February,1
1877,PETROLEUM GROUP,,"NATURAL GAS, LIQUIFIED",,,95561,358341,,68.11,47.6,Import,2023,Qtr 1,February,1
1878,PETROLEUM GROUP,," PETROLEUM GAS, LIQUIFIED",,,16213,60797,,-3.04,-14.87,Import,2023,Qtr 1,February,1
1879,PETROLEUM GROUP,, OTHERS,,,0,0,,-100,-100,Import,2023,Qtr 1,February,1
1881,TEXTILE GROUP,, RAW COTTON,MT,56734,36886,138318,-24.57,-14.68,-25.1,Import,2023,Qtr 1,February,1
1882,TEXTILE GROUP,, SYNTHETIC FIBRE,MT,17423,7471,28014,-25.2,-16.95,-27.08,Import,2023,Qtr 1,February,1
1883,TEXTILE GROUP,, SYNTHETIC & ARTIFICIAL SILK YARN,MT,23002,11298,42364,-25.33,-0.25,-12.42,Import,2023,Qtr 1,February,1
1884,TEXTILE GROUP,, WORN CLOTHING,MT,56153,6376,23910,-16.47,-22.01,-31.53,Import,2023,Qtr 1,February,1
1885,TEXTILE GROUP,, OTHR TEXTILE ITEMS,,,12669,47508,,7.65,-5.48,Import,2023,Qtr 1,February,1
1887,"AGRICULTURAL & OTHER
 CHEMICALS GROUP",, FERTILIZER MANUFACTURED,MT,5419,1171,4391,-92.7,-87.71,-89.21,Import,2023,Qtr 1,February,1
1888,"AGRICULTURAL & OTHER
 CHEMICALS GROUP",, INSECTICIDES,MT,1636,3245,12167,-36.87,-0.44,-12.59,Import,2023,Qtr 1,February,1
1889,"AGRICULTURAL & OTHER
 CHEMICALS GROUP",, PLASTIC MATERIALS,MT,98431,34307,128648,-42.41,-29.83,-38.39,Import,2023,Qtr 1,February,1
1890,"AGRICULTURAL & OTHER
 CHEMICALS GROUP",, MEDICINAL PRODUCTS,MT,3278,28200,105746,-6.38,17.33,3.01,Import,2023,Qtr 1,February,1
1891,"AGRICULTURAL & OTHER
 CHEMICALS GROUP",, OTHERS,,,78672,295008,,18.03,3.62,Import,2023,Qtr 1,February,1
1893,METAL GROUP,, GOLD,KG,31,662,2481,-43.64,-28.04,-36.82,Import,2023,Qtr 1,February,1
1894,METAL GROUP,, IRON AND STEEL SCRAP,MT,142790,20437,76637,-36.61,-22.36,-31.83,Import,2023,Qtr 1,February,1
1895,METAL GROUP,, IRON AND STEEL,MT,165326,34748,130299,-46.7,-32.08,-40.37,Import,2023,Qtr 1,February,1
1896,METAL GROUP,, ALUMINIUM WROUGHT & WORKED,,,3409,12785,,1.29,-11.07,Import,2023,Qtr 1,February,1
1897,METAL GROUP,, ALL OTHER METALS & ARTICALS,,,15524,58214,,6.5,-6.5,Import,2023,Qtr 1,February,1
1899,MISCELLANEOUS GROUP,, RUBBER CRUDE INCL  SYNTH/RECLAIMED,MT,24568,3455,12957,-4.95,5.32,-7.54,Import,2023,Qtr 1,February,1
1900,MISCELLANEOUS GROUP,, RUBBER TYRES & TUBES,NO,147546,1408,5281,-6.3,-5.63,-17.15,Import,2023,Qtr 1,February,1
1901,MISCELLANEOUS GROUP,, WOOD & CORK,,,2659,9970,,-24.6,-33.8,Import,2023,Qtr 1,February,1
1902,MISCELLANEOUS GROUP,, JUTE,MT,2546,542,2031,-22.92,-17.95,-27.95,Import,2023,Qtr 1,February,1
1903,MISCELLANEOUS GROUP,, PAPER & PAPER BOARD & MANUF THEREOF,MT,19371,6323,23710,-45.07,-33.56,-41.66,Import,2023,Qtr 1,February,1
1904,MISCELLANEOUS GROUP,,ALL OTHERS ITEMS,,,92372,346385,,15.71,1.59,Import,2023,Qtr 1,February,1
1907,FOOD GROUP,," MILK,CREAM & MILK FOOD FOR INFANTS",MT,3452,2976,12710,-10.86,-23.24,-26.31,Import,2023,Qtr 1,January,1
1908,FOOD GROUP,, WHEAT UNMILLED,MT,447560,38709,165325,14.34,15.71,11.08,Import,2023,Qtr 1,January,1
1909,FOOD GROUP,, DRY FRUITS & NUTS,MT,6100,725,3095,-28,-24.76,-27.77,Import,2023,Qtr 1,January,1
1910,FOOD GROUP,, TEA,MT,17650,10541,45022,-35.56,-33.72,-36.37,Import,2023,Qtr 1,January,1
1911,FOOD GROUP,, SPICES,MT,13406,3418,14597,-17.07,-9.55,-13.17,Import,2023,Qtr 1,January,1
1912,FOOD GROUP,, SOYABEAN OIL,MT,31750,10388,44366,342.51,322.97,306.06,Import,2023,Qtr 1,January,1
1913,FOOD GROUP,, PALM OIL,MT,351238,85283,364248,2.43,6.13,1.88,Import,2023,Qtr 1,January,1
1914,FOOD GROUP,, SUGAR,MT,302,76,326,-22.37,3.88,-0.31,Import,2023,Qtr 1,January,1
1915,FOOD GROUP,, PULSES (LEGUMINOUS VEGETABLES),MT,83486,12914,55157,-27.41,-27.82,-30.71,Import,2023,Qtr 1,January,1
1916,FOOD GROUP,, ALL OTHERS FOOD ITEMS,,,85343,364500,,198.37,186.42,Import,2023,Qtr 1,January,1
1918,MACHINERY GROUP,, POWER GENERATING MACHINERY,,,10385,44353,,3.28,-0.86,Import,2023,Qtr 1,January,1
1919,MACHINERY GROUP,, OFFICE MACHINE INCL DATA PROC EQUIP;,,,6370,27208,,-23.36,-26.43,Import,2023,Qtr 1,January,1
1920,MACHINERY GROUP,, TEXTILE MACHINERY,,,3555,15181,,-45.78,-47.96,Import,2023,Qtr 1,January,1
1921,MACHINERY GROUP,, CONSTRUCTION & MINING MACHINERY,,,2201,9399,,-2.59,-6.49,Import,2023,Qtr 1,January,1
1922,MACHINERY GROUP,, ELECTRICAL MACHINERY & APPARATUS,,,34902,149068,,91.81,84.13,Import,2023,Qtr 1,January,1
1924,MACHINERY GROUP, TELE COM, MOBILE PHONE,,,12166,51960,,-25.13,-28.12,Import,2023,Qtr 1,January,1
1925,MACHINERY GROUP, TELE COM, OTHER APPARATUS,,,6176,26377,,-27.45,-30.36,Import,2023,Qtr 1,January,1
1926,MACHINERY GROUP,, AGRICULTURAL MACHINERY & IMPLEMENTS,,,570,2435,,48.6,42.65,Import,2023,Qtr 1,January,1
1927,MACHINERY GROUP,, OTHER MACHINERY,,,40507,173008,,11.17,6.72,Import,2023,Qtr 1,January,1
1931,TRANSPORT GROUP," ROAD MOTOR VEH  (BUILD UNIT,CKD/SKD)","CBU-BUSES,TRUCKS & OTH  HEAVY VEHICLES",,,1139,4867,,-22.75,-25.83,Import,2023,Qtr 1,January,1
1932,TRANSPORT GROUP," ROAD MOTOR VEH  (BUILD UNIT,CKD/SKD)",CBU-MOTOR CARS,,,1008,4306,,-14.3,-17.73,Import,2023,Qtr 1,January,1
1933,TRANSPORT GROUP," ROAD MOTOR VEH  (BUILD UNIT,CKD/SKD)",CBU-MOTOR CYCLES,,,54,230,,-28.26,-31.14,Import,2023,Qtr 1,January,1
1935,TRANSPORT GROUP," ROAD MOTOR VEH  (BUILD UNIT,CKD/SKD)","CKD/SKD-BUSES,TRUCKS & OTH  HEAVY VEHICLES",,,5131,21914,,-19.77,-22.98,Import,2023,Qtr 1,January,1
1936,TRANSPORT GROUP," ROAD MOTOR VEH  (BUILD UNIT,CKD/SKD)",CKD/SKD-MOTOR CARS,,,12410,53002,,30.97,25.73,Import,2023,Qtr 1,January,1
1937,TRANSPORT GROUP," ROAD MOTOR VEH  (BUILD UNIT,CKD/SKD)",CKD/SKD-MOTOR CYCLES,,,779,3329,,-2.03,-5.93,Import,2023,Qtr 1,January,1
1938,TRANSPORT GROUP," ROAD MOTOR VEH  (BUILD UNIT,CKD/SKD)",PARTS & ACCESSORIES,,,4811,20549,,-20.5,-23.69,Import,2023,Qtr 1,January,1
1939,TRANSPORT GROUP," ROAD MOTOR VEH  (BUILD UNIT,CKD/SKD)",OTHERS,,,674,2877,,-37.76,-40.26,Import,2023,Qtr 1,January,1
1940,TRANSPORT GROUP,,"AIRCRAFTS, SHIPS AND BOATS",,,6325,27013,,25.54,20.52,Import,2023,Qtr 1,January,1
1941,TRANSPORT GROUP,,OTHERS TRANSPORT EQUIPMENTS,,,962,4110,,1798.2,1718.58,Import,2023,Qtr 1,January,1
1943,PETROLEUM GROUP,, PETROLEUM PRODUCTS,MT,1052888,160996,687615,10.04,10.22,5.81,Import,2023,Qtr 1,January,1
1944,PETROLEUM GROUP,, PETROLEUM CRUDE,MT,548584,75929,324296,-32.31,-32.82,-35.51,Import,2023,Qtr 1,January,1
1945,PETROLEUM GROUP,,"NATURAL GAS, LIQUIFIED",,,56845,242785,,-30.69,-33.47,Import,2023,Qtr 1,January,1
1946,PETROLEUM GROUP,," PETROLEUM GAS, LIQUIFIED",,,16722,71420,,10.06,5.66,Import,2023,Qtr 1,January,1
1947,PETROLEUM GROUP,, OTHERS,,,22,92,,124.15,113.95,Import,2023,Qtr 1,January,1
1949,TEXTILE GROUP,, RAW COTTON,MT,75212,43235,184658,-18.18,-19.75,-22.97,Import,2023,Qtr 1,January,1
1950,TEXTILE GROUP,, SYNTHETIC FIBRE,MT,23292,8995,38419,4.75,3.39,-0.75,Import,2023,Qtr 1,January,1
1951,TEXTILE GROUP,, SYNTHETIC & ARTIFICIAL SILK YARN,MT,30804,11326,48373,-12.37,-18.12,-21.39,Import,2023,Qtr 1,January,1
1952,TEXTILE GROUP,, WORN CLOTHING,MT,67227,8175,34918,-3.89,23.12,18.2,Import,2023,Qtr 1,January,1
1953,TEXTILE GROUP,, OTHR TEXTILE ITEMS,,,11768,50263,,-29.93,-32.74,Import,2023,Qtr 1,January,1
1955,"AGRICULTURAL & OTHER
 CHEMICALS GROUP",, FERTILIZER MANUFACTURED,MT,74259,9526,40686,-45.95,-47.9,-49.99,Import,2023,Qtr 1,January,1
1956,"AGRICULTURAL & OTHER
 CHEMICALS GROUP",, INSECTICIDES,MT,2592,3259,13919,32.38,53.35,47.21,Import,2023,Qtr 1,January,1
1957,"AGRICULTURAL & OTHER
 CHEMICALS GROUP",, PLASTIC MATERIALS,MT,170913,48890,208811,4.17,-0.13,-4.13,Import,2023,Qtr 1,January,1
1958,"AGRICULTURAL & OTHER
 CHEMICALS GROUP",, MEDICINAL PRODUCTS,MT,3502,24036,102657,12.24,3.68,-0.47,Import,2023,Qtr 1,January,1
1959,"AGRICULTURAL & OTHER
 CHEMICALS GROUP",, OTHERS,,,66656,284690,,-24.55,-27.57,Import,2023,Qtr 1,January,1
1961,METAL GROUP,, GOLD,KG,55,920,3927,22.22,25.54,20.5,Import,2023,Qtr 1,January,1
1962,METAL GROUP,, IRON AND STEEL SCRAP,MT,225255,26323,112427,17.52,16.21,11.56,Import,2023,Qtr 1,January,1
1963,METAL GROUP,, IRON AND STEEL,MT,310157,51158,218495,23.95,29.03,23.87,Import,2023,Qtr 1,January,1
1964,METAL GROUP,, ALUMINIUM WROUGHT & WORKED,,,3366,14376,,-26.38,-29.32,Import,2023,Qtr 1,January,1
1965,METAL GROUP,, ALL OTHER METALS & ARTICALS,,,14577,62258,,-14.2,-17.64,Import,2023,Qtr 1,January,1
1967,MISCELLANEOUS GROUP,, RUBBER CRUDE INCL  SYNTH/RECLAIMED,MT,25847,3281,14013,3.37,-6.65,-10.38,Import,2023,Qtr 1,January,1
1968,MISCELLANEOUS GROUP,, RUBBER TYRES & TUBES,NO,157466,1492,6374,-36.89,-33.15,-35.82,Import,2023,Qtr 1,January,1
1969,MISCELLANEOUS GROUP,, WOOD & CORK,,,3526,15061,,55.68,49.44,Import,2023,Qtr 1,January,1
1970,MISCELLANEOUS GROUP,, JUTE,MT,3303,660,2819,-45.39,-44.26,-46.5,Import,2023,Qtr 1,January,1
1971,MISCELLANEOUS GROUP,, PAPER & PAPER BOARD & MANUF THEREOF,MT,35263,9516,40643,-17.06,-14.39,-17.81,Import,2023,Qtr 1,January,1
1972,MISCELLANEOUS GROUP,,ALL OTHERS ITEMS,,,79830,340952,,-11.72,-15.26,Import,2023,Qtr 1,January,1
1975,FOOD GROUP,," MILK,CREAM & MILK FOOD FOR INFANTS",MT,2062,2847,10133,-22.86,4.61,6.69,Import,2023,Qtr 3,July,1
1976,FOOD GROUP,, WHEAT UNMILLED,MT,0,0,0,0,0,0,Import,2023,Qtr 3,July,1
1977,FOOD GROUP,, DRY FRUITS & NUTS,MT,4265,754,2683,-39.28,-32.64,-31.31,Import,2023,Qtr 3,July,1
1978,FOOD GROUP,, TEA,MT,22898,15737,56004,7.52,4.47,6.55,Import,2023,Qtr 3,July,1
1979,FOOD GROUP,, SPICES,MT,10744,3442,12247,3.02,7.41,9.53,Import,2023,Qtr 3,July,1
1980,FOOD GROUP,, SOYABEAN OIL,MT,12575,4203,14955,-54.18,-56.01,-55.14,Import,2023,Qtr 3,July,1
1981,FOOD GROUP,, PALM OIL,MT,277801,78384,278939,17.87,9.75,11.92,Import,2023,Qtr 3,July,1
1982,FOOD GROUP,, SUGAR,MT,574,151,539,222.19,76.66,80.27,Import,2023,Qtr 3,July,1
1983,FOOD GROUP,, PULSES (LEGUMINOUS VEGETABLES),MT,142181,24266,86355,56.74,44.7,47.57,Import,2023,Qtr 3,July,1
1984,FOOD GROUP,, ALL OTHERS FOOD ITEMS,,,45790,162949,,15.61,17.91,Import,2023,Qtr 3,July,1
1986,MACHINERY GROUP,, POWER GENERATING MACHINERY,,,7941,28260,,-16.81,-15.16,Import,2023,Qtr 3,July,1
1987,MACHINERY GROUP,, OFFICE MACHINE INCL DATA PROC EQUIP;,,,13167,46857,,37.75,40.49,Import,2023,Qtr 3,July,1
1988,MACHINERY GROUP,, TEXTILE MACHINERY,,,3862,13742,,23,25.43,Import,2023,Qtr 3,July,1
1989,MACHINERY GROUP,, CONSTRUCTION & MINING MACHINERY,,,1196,4254,,46.62,49.53,Import,2023,Qtr 3,July,1
1990,MACHINERY GROUP,, ELECTRICAL MACHINERY & APPARATUS,,,48773,173566,,44.85,47.72,Import,2023,Qtr 3,July,1
1992,MACHINERY GROUP, TELE COM, MOBILE PHONE,,,19146,68135,,24.68,27.16,Import,2023,Qtr 3,July,1
1993,MACHINERY GROUP, TELE COM, OTHER APPARATUS,,,6336,22548,,-48.46,-47.44,Import,2023,Qtr 3,July,1
1994,MACHINERY GROUP,, AGRICULTURAL MACHINERY & IMPLEMENTS,,,1166,4148,,6.72,8.84,Import,2023,Qtr 3,July,1
1995,MACHINERY GROUP,, OTHER MACHINERY,,,37080,131953,,15.71,18.01,Import,2023,Qtr 3,July,1
1999,TRANSPORT GROUP," ROAD MOTOR VEH  (BUILD UNIT,CKD/SKD)","CBU-BUSES,TRUCKS & OTH  HEAVY VEHICLES",,,810,2883,,147.25,152.23,Import,2023,Qtr 3,July,1
2000,TRANSPORT GROUP," ROAD MOTOR VEH  (BUILD UNIT,CKD/SKD)",CBU-MOTOR CARS,,,3142,11180,,32.05,34.68,Import,2023,Qtr 3,July,1
2001,TRANSPORT GROUP," ROAD MOTOR VEH  (BUILD UNIT,CKD/SKD)",CBU-MOTOR CYCLES,,,59,210,,2728,2900,Import,2023,Qtr 3,July,1
2003,TRANSPORT GROUP," ROAD MOTOR VEH  (BUILD UNIT,CKD/SKD)","CKD/SKD-BUSES,TRUCKS & OTH  HEAVY VEHICLES",,,4785,17028,,19.88,22.26,Import,2023,Qtr 3,July,1
2004,TRANSPORT GROUP," ROAD MOTOR VEH  (BUILD UNIT,CKD/SKD)",CKD/SKD-MOTOR CARS,,,19841,70606,,73.45,76.9,Import,2023,Qtr 3,July,1
2005,TRANSPORT GROUP," ROAD MOTOR VEH  (BUILD UNIT,CKD/SKD)",CKD/SKD-MOTOR CYCLES,,,739,2629,,-11.93,-10.18,Import,2023,Qtr 3,July,1
2006,TRANSPORT GROUP," ROAD MOTOR VEH  (BUILD UNIT,CKD/SKD)",PARTS & ACCESSORIES,,,5383,19157,,57.33,60.46,Import,2023,Qtr 3,July,1
2007,TRANSPORT GROUP," ROAD MOTOR VEH  (BUILD UNIT,CKD/SKD)",OTHERS,,,188,670,,-47.56,-46.53,Import,2023,Qtr 3,July,1
2008,TRANSPORT GROUP,,"AIRCRAFTS, SHIPS AND BOATS",,,3,11,,100,100,Import,2023,Qtr 3,July,1
2009,TRANSPORT GROUP,,OTHERS TRANSPORT EQUIPMENTS,,,4440,15802,,120.69,125.07,Import,2023,Qtr 3,July,1
2011,PETROLEUM GROUP,, PETROLEUM PRODUCTS,MT,602367,100204,356590,-57.8,-60.28,-59.49,Import,2023,Qtr 3,July,1
2012,PETROLEUM GROUP,, PETROLEUM CRUDE,MT,74660,13972,49720,-90.58,-88.52,-88.29,Import,2023,Qtr 3,July,1
2013,PETROLEUM GROUP,,"NATURAL GAS, LIQUIFIED",,,95431,339604,,14.07,16.33,Import,2023,Qtr 3,July,1
2014,PETROLEUM GROUP,," PETROLEUM GAS, LIQUIFIED",,,12783,45488,,25.98,28.48,Import,2023,Qtr 3,July,1
2015,PETROLEUM GROUP,, OTHERS,,,9,32,,44.91,52.38,Import,2023,Qtr 3,July,1
2017,TEXTILE GROUP,, RAW COTTON,MT,19445,13230,47082,-16.71,-14.84,-13.15,Import,2023,Qtr 3,July,1
2018,TEXTILE GROUP,, SYNTHETIC FIBRE,MT,33810,16774,59693,34.03,19.13,21.5,Import,2023,Qtr 3,July,1
2019,TEXTILE GROUP,, SYNTHETIC & ARTIFICIAL SILK YARN,MT,33373,16487,58673,45.07,36.83,39.54,Import,2023,Qtr 3,July,1
2020,TEXTILE GROUP,, WORN CLOTHING,MT,76394,9371,33348,39.01,35.04,37.72,Import,2023,Qtr 3,July,1
2021,TEXTILE GROUP,, OTHR TEXTILE ITEMS,,,12918,45971,,22.65,25.08,Import,2023,Qtr 3,July,1
2023,"AGRICULTURAL & OTHER
 CHEMICALS GROUP",, FERTILIZER MANUFACTURED,MT,18956,3200,11388,-69.28,-67.89,-67.25,Import,2023,Qtr 3,July,1
2024,"AGRICULTURAL & OTHER
 CHEMICALS GROUP",, INSECTICIDES,MT,2987,4999,17789,1.77,-0.04,1.95,Import,2023,Qtr 3,July,1
2025,"AGRICULTURAL & OTHER
 CHEMICALS GROUP",, PLASTIC MATERIALS,MT,156948,57396,204250,2.67,7.47,9.6,Import,2023,Qtr 3,July,1
2026,"AGRICULTURAL & OTHER
 CHEMICALS GROUP",, MEDICINAL PRODUCTS,MT,2502,26260,93451,6.47,-3.42,-1.51,Import,2023,Qtr 3,July,1
2027,"AGRICULTURAL & OTHER
 CHEMICALS GROUP",, OTHERS,,,110133,391923,,5.17,7.25,Import,2023,Qtr 3,July,1
2029,METAL GROUP,, GOLD,KG,50,558,1986,-3.85,-40.48,-39.32,Import,2023,Qtr 3,July,1
2030,METAL GROUP,, IRON AND STEEL SCRAP,MT,181178,24697,87888,48.9,42.26,45.08,Import,2023,Qtr 3,July,1
2031,METAL GROUP,, IRON AND STEEL,MT,160245,41580,147967,-23.21,-11.68,-9.93,Import,2023,Qtr 3,July,1
2032,METAL GROUP,, ALUMINIUM WROUGHT & WORKED,,,4398,15650,,9.59,11.76,Import,2023,Qtr 3,July,1
2033,METAL GROUP,, ALL OTHER METALS & ARTICALS,,,20660,73523,,15.61,17.91,Import,2023,Qtr 3,July,1
2035,MISCELLANEOUS GROUP,, RUBBER CRUDE INCL  SYNTH/RECLAIMED,MT,37927,6406,22797,-0.97,15.37,17.66,Import,2023,Qtr 3,July,1
2036,MISCELLANEOUS GROUP,, RUBBER TYRES & TUBES,NO,127056,1252,4456,5.65,44.35,47.21,Import,2023,Qtr 3,July,1
2037,MISCELLANEOUS GROUP,, WOOD & CORK,,,2619,9319,,68.08,71.4,Import,2023,Qtr 3,July,1
2038,MISCELLANEOUS GROUP,, JUTE,MT,5678,1115,3969,16.18,14.29,16.56,Import,2023,Qtr 3,July,1
2039,MISCELLANEOUS GROUP,, PAPER & PAPER BOARD & MANUF THEREOF,MT,35062,10655,37916,30.37,28.48,31.02,Import,2023,Qtr 3,July,1
2040,MISCELLANEOUS GROUP,,ALL OTHERS ITEMS,,,80398,286106,,6.32,8.43,Import,2023,Qtr 3,July,1
2043,FOOD GROUP,," MILK,CREAM & MILK FOOD FOR INFANTS",MT,2673,2722,9498,89.45,36.69,36.17,Import,2023,Qtr 2,June,1
2044,FOOD GROUP,, WHEAT UNMILLED,MT,0,0,0,-100,-100,-100,Import,2023,Qtr 2,June,1
2045,FOOD GROUP,, DRY FRUITS & NUTS,MT,7023,1120,3906,-8.28,-0.59,-0.99,Import,2023,Qtr 2,June,1
2046,FOOD GROUP,, TEA,MT,21296,15064,52563,6.42,8.03,7.62,Import,2023,Qtr 2,June,1
2047,FOOD GROUP,, SPICES,MT,10428,3204,11181,-17.69,-9.69,-10.03,Import,2023,Qtr 2,June,1
2048,FOOD GROUP,, SOYABEAN OIL,MT,27445,9555,33339,40.24,32.34,31.83,Import,2023,Qtr 2,June,1
2049,FOOD GROUP,, PALM OIL,MT,235677,71423,249222,-14.39,-14.95,-15.28,Import,2023,Qtr 2,June,1
2050,FOOD GROUP,, SUGAR,MT,178,86,299,-74.22,-55.76,-55.9,Import,2023,Qtr 2,June,1
2051,FOOD GROUP,, PULSES (LEGUMINOUS VEGETABLES),MT,90713,16770,58518,-16.04,-15,-15.33,Import,2023,Qtr 2,June,1
2052,FOOD GROUP,, ALL OTHERS FOOD ITEMS,,,39607,138202,,1.42,1.03,Import,2023,Qtr 2,June,1
2054,MACHINERY GROUP,, POWER GENERATING MACHINERY,,,9545,33308,,-13.2,-13.54,Import,2023,Qtr 2,June,1
2055,MACHINERY GROUP,, OFFICE MACHINE INCL DATA PROC EQUIP;,,,9559,33353,,-3.05,-3.42,Import,2023,Qtr 2,June,1
2056,MACHINERY GROUP,, TEXTILE MACHINERY,,,3140,10956,,-27.85,-28.12,Import,2023,Qtr 2,June,1
2057,MACHINERY GROUP,, CONSTRUCTION & MINING MACHINERY,,,815,2845,,-68.07,-68.19,Import,2023,Qtr 2,June,1
2058,MACHINERY GROUP,, ELECTRICAL MACHINERY & APPARATUS,,,33672,117494,,-36.02,-36.27,Import,2023,Qtr 2,June,1
2060,MACHINERY GROUP, TELE COM, MOBILE PHONE,,,15356,53583,,24.51,24.03,Import,2023,Qtr 2,June,1
2061,MACHINERY GROUP, TELE COM, OTHER APPARATUS,,,12294,42898,,13.84,13.41,Import,2023,Qtr 2,June,1
2062,MACHINERY GROUP,, AGRICULTURAL MACHINERY & IMPLEMENTS,,,1092,3811,,52.04,51.47,Import,2023,Qtr 2,June,1
2063,MACHINERY GROUP,, OTHER MACHINERY,,,32046,111819,,-39.37,-39.61,Import,2023,Qtr 2,June,1
2067,TRANSPORT GROUP," ROAD MOTOR VEH  (BUILD UNIT,CKD/SKD)","CBU-BUSES,TRUCKS & OTH  HEAVY VEHICLES",,,328,1143,,-36.55,-36.82,Import,2023,Qtr 2,June,1
2068,TRANSPORT GROUP," ROAD MOTOR VEH  (BUILD UNIT,CKD/SKD)",CBU-MOTOR CARS,,,2379,8301,,56.66,56.03,Import,2023,Qtr 2,June,1
2069,TRANSPORT GROUP," ROAD MOTOR VEH  (BUILD UNIT,CKD/SKD)",CBU-MOTOR CYCLES,,,2,7,,-96.08,-96.26,Import,2023,Qtr 2,June,1
2071,TRANSPORT GROUP," ROAD MOTOR VEH  (BUILD UNIT,CKD/SKD)","CKD/SKD-BUSES,TRUCKS & OTH  HEAVY VEHICLES",,,3992,13928,,6.29,5.88,Import,2023,Qtr 2,June,1
2072,TRANSPORT GROUP," ROAD MOTOR VEH  (BUILD UNIT,CKD/SKD)",CKD/SKD-MOTOR CARS,,,11439,39914,,30.56,30.06,Import,2023,Qtr 2,June,1
2073,TRANSPORT GROUP," ROAD MOTOR VEH  (BUILD UNIT,CKD/SKD)",CKD/SKD-MOTOR CYCLES,,,839,2927,,67.64,66.97,Import,2023,Qtr 2,June,1
2074,TRANSPORT GROUP," ROAD MOTOR VEH  (BUILD UNIT,CKD/SKD)",PARTS & ACCESSORIES,,,3421,11939,,-15.91,-16.23,Import,2023,Qtr 2,June,1
2075,TRANSPORT GROUP," ROAD MOTOR VEH  (BUILD UNIT,CKD/SKD)",OTHERS,,,359,1253,,-35.15,-35.41,Import,2023,Qtr 2,June,1
2076,TRANSPORT GROUP,,"AIRCRAFTS, SHIPS AND BOATS",,,0,0,,-100,-100,Import,2023,Qtr 2,June,1
2077,TRANSPORT GROUP,,OTHERS TRANSPORT EQUIPMENTS,,,2012,7021,,3434.31,3428.14,Import,2023,Qtr 2,June,1
2079,PETROLEUM GROUP,, PETROLEUM PRODUCTS,MT,1427307,252266,880250,50,47.5,46.93,Import,2023,Qtr 2,June,1
2080,PETROLEUM GROUP,, PETROLEUM CRUDE,MT,792470,121700,424657,9.7,10.77,10.35,Import,2023,Qtr 2,June,1
2081,PETROLEUM GROUP,,"NATURAL GAS, LIQUIFIED",,,83661,291924,,-18.77,-19.08,Import,2023,Qtr 2,June,1
2082,PETROLEUM GROUP,," PETROLEUM GAS, LIQUIFIED",,,10146,35404,,-43.59,-43.81,Import,2023,Qtr 2,June,1
2083,PETROLEUM GROUP,, OTHERS,,,6,21,,295.13,320,Import,2023,Qtr 2,June,1
2085,TEXTILE GROUP,, RAW COTTON,MT,23347,15536,54211,-48.5,-47.98,-48.18,Import,2023,Qtr 2,June,1
2086,TEXTILE GROUP,, SYNTHETIC FIBRE,MT,25226,14080,49132,-4.77,8.49,8.08,Import,2023,Qtr 2,June,1
2087,TEXTILE GROUP,, SYNTHETIC & ARTIFICIAL SILK YARN,MT,23005,12050,42046,-26.59,-21.49,-21.79,Import,2023,Qtr 2,June,1
2088,TEXTILE GROUP,, WORN CLOTHING,MT,54957,6940,24215,-33.02,-31.04,-31.31,Import,2023,Qtr 2,June,1
2089,TEXTILE GROUP,, OTHR TEXTILE ITEMS,,,10533,36754,,-14.23,-14.56,Import,2023,Qtr 2,June,1
2091,"AGRICULTURAL & OTHER
 CHEMICALS GROUP",, FERTILIZER MANUFACTURED,MT,61706,9966,34775,32.6,23.41,22.93,Import,2023,Qtr 2,June,1
2092,"AGRICULTURAL & OTHER
 CHEMICALS GROUP",, INSECTICIDES,MT,2935,5001,17449,-21.37,-16.85,-17.17,Import,2023,Qtr 2,June,1
2093,"AGRICULTURAL & OTHER
 CHEMICALS GROUP",, PLASTIC MATERIALS,MT,152864,53408,186361,6.21,-2.3,-2.67,Import,2023,Qtr 2,June,1
2094,"AGRICULTURAL & OTHER
 CHEMICALS GROUP",, MEDICINAL PRODUCTS,MT,2350,27192,94882,11.64,13.05,12.62,Import,2023,Qtr 2,June,1
2095,"AGRICULTURAL & OTHER
 CHEMICALS GROUP",, OTHERS,,,104723,365419,,-11.95,-12.28,Import,2023,Qtr 2,June,1
2097,METAL GROUP,, GOLD,KG,52,938,3273,0,-3.96,-4.33,Import,2023,Qtr 2,June,1
2098,METAL GROUP,, IRON AND STEEL SCRAP,MT,121677,17361,60579,-3.58,-10.9,-11.24,Import,2023,Qtr 2,June,1
2099,METAL GROUP,, IRON AND STEEL,MT,208668,47081,164283,18.15,16.81,16.36,Import,2023,Qtr 2,June,1
2100,METAL GROUP,, ALUMINIUM WROUGHT & WORKED,,,4013,14003,,-30.88,-31.14,Import,2023,Qtr 2,June,1
2101,METAL GROUP,, ALL OTHER METALS & ARTICALS,,,17870,62357,,4.23,3.84,Import,2023,Qtr 2,June,1
2103,MISCELLANEOUS GROUP,, RUBBER CRUDE INCL  SYNTH/RECLAIMED,MT,38299,5553,19375,53.01,-1.57,-1.95,Import,2023,Qtr 2,June,1
2104,MISCELLANEOUS GROUP,, RUBBER TYRES & TUBES,NO,120260,867,3027,-42.76,-21.9,-22.21,Import,2023,Qtr 2,June,1
2105,MISCELLANEOUS GROUP,, WOOD & CORK,,,1558,5437,,39.02,38.49,Import,2023,Qtr 2,June,1
2106,MISCELLANEOUS GROUP,, JUTE,MT,4887,976,3405,4.28,-3.5,-3.87,Import,2023,Qtr 2,June,1
2107,MISCELLANEOUS GROUP,, PAPER & PAPER BOARD & MANUF THEREOF,MT,26894,8293,28938,-4.28,-10.89,-11.23,Import,2023,Qtr 2,June,1
2108,MISCELLANEOUS GROUP,,ALL OTHERS ITEMS,,,75621,263870,,-10.99,-11.33,Import,2023,Qtr 2,June,1
2111,FOOD GROUP,," MILK,CREAM & MILK FOOD FOR INFANTS",MT,2747,3439,12274,-5.83,-2.03,-6.76,Import,2023,Qtr 1,March,1
2112,FOOD GROUP,, WHEAT UNMILLED,MT,328453,34081,121630,24.21,26.33,20.24,Import,2023,Qtr 1,March,1
2113,FOOD GROUP,, DRY FRUITS & NUTS,MT,4519,592,2112,-12.04,-0.83,-5.63,Import,2023,Qtr 1,March,1
2114,FOOD GROUP,, TEA,MT,15731,10771,38441,13.62,23.6,17.63,Import,2023,Qtr 1,March,1
2115,FOOD GROUP,, SPICES,MT,11397,3362,11998,10.49,6.91,1.75,Import,2023,Qtr 1,March,1
2116,FOOD GROUP,, SOYABEAN OIL,MT,32900,12251,43723,912.31,995.8,943.01,Import,2023,Qtr 1,March,1
2117,FOOD GROUP,, PALM OIL,MT,229894,66180,236187,2.78,5.8,0.69,Import,2023,Qtr 1,March,1
2118,FOOD GROUP,, SUGAR,MT,440,136,484,78.86,143.79,131.58,Import,2023,Qtr 1,March,1
2119,FOOD GROUP,, PULSES (LEGUMINOUS VEGETABLES),MT,159215,27156,96914,46.66,40.78,33.99,Import,2023,Qtr 1,March,1
2120,FOOD GROUP,, ALL OTHERS FOOD ITEMS,,,23140,82584,,-62.51,-64.32,Import,2023,Qtr 1,March,1
2122,MACHINERY GROUP,, POWER GENERATING MACHINERY,,,6545,23358,,-37.3,-40.32,Import,2023,Qtr 1,March,1
2123,MACHINERY GROUP,, OFFICE MACHINE INCL DATA PROC EQUIP;,,,8054,28743,,14.56,9.02,Import,2023,Qtr 1,March,1
2124,MACHINERY GROUP,, TEXTILE MACHINERY,,,5250,18737,,65.04,57.08,Import,2023,Qtr 1,March,1
2125,MACHINERY GROUP,, CONSTRUCTION & MINING MACHINERY,,,1335,4766,,-47.36,-49.89,Import,2023,Qtr 1,March,1
2126,MACHINERY GROUP,, ELECTRICAL MACHINERY & APPARATUS,,,31529,112522,,-8.05,-12.49,Import,2023,Qtr 1,March,1
2128,MACHINERY GROUP, TELE COM, MOBILE PHONE,,,4160,14846,,-52.81,-55.09,Import,2023,Qtr 1,March,1
2129,MACHINERY GROUP, TELE COM, OTHER APPARATUS,,,5959,21266,,-29.48,-32.89,Import,2023,Qtr 1,March,1
2130,MACHINERY GROUP,, AGRICULTURAL MACHINERY & IMPLEMENTS,,,916,3269,,12.24,6.83,Import,2023,Qtr 1,March,1
2131,MACHINERY GROUP,, OTHER MACHINERY,,,31775,113399,,-13.73,-17.89,Import,2023,Qtr 1,March,1
2135,TRANSPORT GROUP," ROAD MOTOR VEH  (BUILD UNIT,CKD/SKD)","CBU-BUSES,TRUCKS & OTH  HEAVY VEHICLES",,,1539,5494,,233.21,217.21,Import,2023,Qtr 1,March,1
2136,TRANSPORT GROUP," ROAD MOTOR VEH  (BUILD UNIT,CKD/SKD)",CBU-MOTOR CARS,,,848,3028,,-18.41,-22.34,Import,2023,Qtr 1,March,1
2137,TRANSPORT GROUP," ROAD MOTOR VEH  (BUILD UNIT,CKD/SKD)",CBU-MOTOR CYCLES,,,8,29,,-80.1,-80.92,Import,2023,Qtr 1,March,1
2139,TRANSPORT GROUP," ROAD MOTOR VEH  (BUILD UNIT,CKD/SKD)","CKD/SKD-BUSES,TRUCKS & OTH  HEAVY VEHICLES",,,5501,19633,,0.04,-4.79,Import,2023,Qtr 1,March,1
2140,TRANSPORT GROUP," ROAD MOTOR VEH  (BUILD UNIT,CKD/SKD)",CKD/SKD-MOTOR CARS,,,12263,43766,,-34.06,-37.25,Import,2023,Qtr 1,March,1
2141,TRANSPORT GROUP," ROAD MOTOR VEH  (BUILD UNIT,CKD/SKD)",CKD/SKD-MOTOR CYCLES,,,376,1342,,-29.83,-33.2,Import,2023,Qtr 1,March,1
2142,TRANSPORT GROUP," ROAD MOTOR VEH  (BUILD UNIT,CKD/SKD)",PARTS & ACCESSORIES,,,3765,13438,,-37.69,-40.7,Import,2023,Qtr 1,March,1
2143,TRANSPORT GROUP," ROAD MOTOR VEH  (BUILD UNIT,CKD/SKD)",OTHERS,,,325,1161,,22.27,16.33,Import,2023,Qtr 1,March,1
2144,TRANSPORT GROUP,,"AIRCRAFTS, SHIPS AND BOATS",,,121,431,,-96.97,-97.11,Import,2023,Qtr 1,March,1
2145,TRANSPORT GROUP,,OTHERS TRANSPORT EQUIPMENTS,,,1536,5483,,1874.69,1777.74,Import,2023,Qtr 1,March,1
2147,PETROLEUM GROUP,, PETROLEUM PRODUCTS,MT,740918,135625,484024,7.42,9.91,4.61,Import,2023,Qtr 1,March,1
2148,PETROLEUM GROUP,, PETROLEUM CRUDE,MT,630840,105668,377113,0.55,3.42,-1.57,Import,2023,Qtr 1,March,1
2149,PETROLEUM GROUP,,"NATURAL GAS, LIQUIFIED",,,84442,301361,,-11.64,-15.9,Import,2023,Qtr 1,March,1
2150,PETROLEUM GROUP,," PETROLEUM GAS, LIQUIFIED",,,12310,43931,,-24.08,-27.74,Import,2023,Qtr 1,March,1
2151,PETROLEUM GROUP,, OTHERS,,,1,5,,100,100,Import,2023,Qtr 1,March,1
2153,TEXTILE GROUP,, RAW COTTON,MT,64327,41737,148951,13.38,13.15,7.69,Import,2023,Qtr 1,March,1
2154,TEXTILE GROUP,, SYNTHETIC FIBRE,MT,17831,7940,28335,2.34,6.28,1.15,Import,2023,Qtr 1,March,1
2155,TEXTILE GROUP,, SYNTHETIC & ARTIFICIAL SILK YARN,MT,17548,8923,31844,-23.71,-21.02,-24.83,Import,2023,Qtr 1,March,1
2156,TEXTILE GROUP,, WORN CLOTHING,MT,67297,7978,28472,19.85,25.12,19.08,Import,2023,Qtr 1,March,1
2157,TEXTILE GROUP,, OTHR TEXTILE ITEMS,,,8329,29723,,-34.26,-37.44,Import,2023,Qtr 1,March,1
2159,"AGRICULTURAL & OTHER
 CHEMICALS GROUP",, FERTILIZER MANUFACTURED,MT,34753,6688,23870,541.32,471.14,443.61,Import,2023,Qtr 1,March,1
2160,"AGRICULTURAL & OTHER
 CHEMICALS GROUP",, INSECTICIDES,MT,3213,5814,20749,96.37,79.19,70.54,Import,2023,Qtr 1,March,1
2161,"AGRICULTURAL & OTHER
 CHEMICALS GROUP",, PLASTIC MATERIALS,MT,111165,40722,145332,12.94,18.7,12.97,Import,2023,Qtr 1,March,1
2162,"AGRICULTURAL & OTHER
 CHEMICALS GROUP",, MEDICINAL PRODUCTS,MT,3229,37612,134232,-1.5,33.38,26.94,Import,2023,Qtr 1,March,1
2163,"AGRICULTURAL & OTHER
 CHEMICALS GROUP",, OTHERS,,,83567,298239,,6.22,1.1,Import,2023,Qtr 1,March,1
2165,METAL GROUP,, GOLD,KG,42,723,2580,35.48,9.23,3.99,Import,2023,Qtr 1,March,1
2166,METAL GROUP,, IRON AND STEEL SCRAP,MT,136384,21750,77622,-4.49,6.42,1.29,Import,2023,Qtr 1,March,1
2167,METAL GROUP,, IRON AND STEEL,MT,159898,33429,119304,-3.28,-3.79,-8.44,Import,2023,Qtr 1,March,1
2168,METAL GROUP,, ALUMINIUM WROUGHT & WORKED,,,4058,14482,,19.02,13.27,Import,2023,Qtr 1,March,1
2169,METAL GROUP,, ALL OTHER METALS & ARTICALS,,,16222,57895,,4.5,-0.55,Import,2023,Qtr 1,March,1
2171,MISCELLANEOUS GROUP,, RUBBER CRUDE INCL  SYNTH/RECLAIMED,MT,22704,4014,14325,-7.58,16.17,10.56,Import,2023,Qtr 1,March,1
2172,MISCELLANEOUS GROUP,, RUBBER TYRES & TUBES,NO,109454,1046,3733,-25.82,-25.74,-29.31,Import,2023,Qtr 1,March,1
2173,MISCELLANEOUS GROUP,, WOOD & CORK,,,1042,3720,,-60.8,-62.69,Import,2023,Qtr 1,March,1
2174,MISCELLANEOUS GROUP,, JUTE,MT,11248,2265,8084,341.79,318.18,298.03,Import,2023,Qtr 1,March,1
2175,MISCELLANEOUS GROUP,, PAPER & PAPER BOARD & MANUF THEREOF,MT,26426,7994,28529,36.41,26.43,20.32,Import,2023,Qtr 1,March,1
2176,MISCELLANEOUS GROUP,,ALL OTHERS ITEMS,,,86503,308717,,-6.35,-10.87,Import,2023,Qtr 1,March,1
2179,FOOD GROUP,," MILK,CREAM & MILK FOOD FOR INFANTS",MT,1411,1991,6975,-18.89,-15.55,-15.71,Import,2023,Qtr 2,May,1
2180,FOOD GROUP,, WHEAT UNMILLED,MT,50940,5469,19157,-65.32,-65.57,-65.64,Import,2023,Qtr 2,May,1
2181,FOOD GROUP,, DRY FRUITS & NUTS,MT,7658,1126,3945,25.57,30.99,30.76,Import,2023,Qtr 2,May,1
2182,FOOD GROUP,, TEA,MT,20011,13944,48841,49.83,49.64,49.36,Import,2023,Qtr 2,May,1
2183,FOOD GROUP,, SPICES,MT,12669,3548,12428,29.21,8.52,8.31,Import,2023,Qtr 2,May,1
2184,FOOD GROUP,, SOYABEAN OIL,MT,19570,7220,25289,166.26,163.62,163.13,Import,2023,Qtr 2,May,1
2185,FOOD GROUP,, PALM OIL,MT,275293,83980,294164,59.56,63.67,63.36,Import,2023,Qtr 2,May,1
2186,FOOD GROUP,, SUGAR,MT,692,194,678,112.38,128.03,127.52,Import,2023,Qtr 2,May,1
2187,FOOD GROUP,, PULSES (LEGUMINOUS VEGETABLES),MT,108050,19730,69109,15.52,13.95,13.74,Import,2023,Qtr 2,May,1
2188,FOOD GROUP,, ALL OTHERS FOOD ITEMS,,,39054,136798,,104.07,103.68,Import,2023,Qtr 2,May,1
2190,MACHINERY GROUP,, POWER GENERATING MACHINERY,,,10997,38522,,27.26,27.02,Import,2023,Qtr 2,May,1
2191,MACHINERY GROUP,, OFFICE MACHINE INCL DATA PROC EQUIP;,,,9859,34534,,52.33,52.05,Import,2023,Qtr 2,May,1
2192,MACHINERY GROUP,, TEXTILE MACHINERY,,,4352,15243,,-4.07,-4.26,Import,2023,Qtr 2,May,1
2193,MACHINERY GROUP,, CONSTRUCTION & MINING MACHINERY,,,2553,8944,,33.16,32.92,Import,2023,Qtr 2,May,1
2194,MACHINERY GROUP,, ELECTRICAL MACHINERY & APPARATUS,,,52629,184348,,57.77,57.47,Import,2023,Qtr 2,May,1
2196,MACHINERY GROUP, TELE COM, MOBILE PHONE,,,12333,43201,,308.82,308.06,Import,2023,Qtr 2,May,1
2197,MACHINERY GROUP, TELE COM, OTHER APPARATUS,,,10799,37827,,58.46,58.16,Import,2023,Qtr 2,May,1
2198,MACHINERY GROUP,, AGRICULTURAL MACHINERY & IMPLEMENTS,,,718,2516,,-43.31,-43.41,Import,2023,Qtr 2,May,1
2199,MACHINERY GROUP,, OTHER MACHINERY,,,52857,185148,,53.93,53.64,Import,2023,Qtr 2,May,1
2203,TRANSPORT GROUP," ROAD MOTOR VEH  (BUILD UNIT,CKD/SKD)","CBU-BUSES,TRUCKS & OTH  HEAVY VEHICLES",,,516,1809,,-51.7,-51.79,Import,2023,Qtr 2,May,1
2204,TRANSPORT GROUP," ROAD MOTOR VEH  (BUILD UNIT,CKD/SKD)",CBU-MOTOR CARS,,,1519,5320,,-27.2,-27.33,Import,2023,Qtr 2,May,1
2205,TRANSPORT GROUP," ROAD MOTOR VEH  (BUILD UNIT,CKD/SKD)",CBU-MOTOR CYCLES,,,53,187,,231.55,233.93,Import,2023,Qtr 2,May,1
2207,TRANSPORT GROUP," ROAD MOTOR VEH  (BUILD UNIT,CKD/SKD)","CKD/SKD-BUSES,TRUCKS & OTH  HEAVY VEHICLES",,,3755,13155,,-11.45,-11.61,Import,2023,Qtr 2,May,1
2208,TRANSPORT GROUP," ROAD MOTOR VEH  (BUILD UNIT,CKD/SKD)",CKD/SKD-MOTOR CARS,,,8761,30689,,30.38,30.13,Import,2023,Qtr 2,May,1
2209,TRANSPORT GROUP," ROAD MOTOR VEH  (BUILD UNIT,CKD/SKD)",CKD/SKD-MOTOR CYCLES,,,500,1753,,-21.33,-21.46,Import,2023,Qtr 2,May,1
2210,TRANSPORT GROUP," ROAD MOTOR VEH  (BUILD UNIT,CKD/SKD)",PARTS & ACCESSORIES,,,4069,14252,,43.02,42.75,Import,2023,Qtr 2,May,1
2211,TRANSPORT GROUP," ROAD MOTOR VEH  (BUILD UNIT,CKD/SKD)",OTHERS,,,554,1940,,127.74,127.43,Import,2023,Qtr 2,May,1
2212,TRANSPORT GROUP,,"AIRCRAFTS, SHIPS AND BOATS",,,1324,4638,,107952.61,115850,Import,2023,Qtr 2,May,1
2213,TRANSPORT GROUP,,OTHERS TRANSPORT EQUIPMENTS,,,57,199,,-53.37,-53.5,Import,2023,Qtr 2,May,1
2215,PETROLEUM GROUP,, PETROLEUM PRODUCTS,MT,951557,171029,599080,100.4,92.02,91.65,Import,2023,Qtr 2,May,1
2216,PETROLEUM GROUP,, PETROLEUM CRUDE,MT,722404,109865,384834,46.37,39.2,38.93,Import,2023,Qtr 2,May,1
2217,PETROLEUM GROUP,,"NATURAL GAS, LIQUIFIED",,,102995,360771,,39.75,39.49,Import,2023,Qtr 2,May,1
2218,PETROLEUM GROUP,," PETROLEUM GAS, LIQUIFIED",,,17988,63007,,46.11,45.84,Import,2023,Qtr 2,May,1
2219,PETROLEUM GROUP,, OTHERS,,,2,5,,-85.14,-86.49,Import,2023,Qtr 2,May,1
2221,TEXTILE GROUP,, RAW COTTON,MT,45338,29864,104606,-7.44,-11.34,-11.51,Import,2023,Qtr 2,May,1
2222,TEXTILE GROUP,, SYNTHETIC FIBRE,MT,26491,12979,45461,34.08,41.78,41.51,Import,2023,Qtr 2,May,1
2223,TEXTILE GROUP,, SYNTHETIC & ARTIFICIAL SILK YARN,MT,31339,15348,53762,41.44,37.71,37.45,Import,2023,Qtr 2,May,1
2224,TEXTILE GROUP,, WORN CLOTHING,MT,82045,10064,35252,54.78,52.93,52.65,Import,2023,Qtr 2,May,1
2225,TEXTILE GROUP,, OTHR TEXTILE ITEMS,,,12281,43018,,54.94,54.65,Import,2023,Qtr 2,May,1
2227,"AGRICULTURAL & OTHER
 CHEMICALS GROUP",, FERTILIZER MANUFACTURED,MT,46536,8076,28288,441.01,446.51,445.47,Import,2023,Qtr 2,May,1
2228,"AGRICULTURAL & OTHER
 CHEMICALS GROUP",, INSECTICIDES,MT,3733,6014,21066,58.26,12.78,12.57,Import,2023,Qtr 2,May,1
2229,"AGRICULTURAL & OTHER
 CHEMICALS GROUP",, PLASTIC MATERIALS,MT,143926,54664,191475,50.73,48.07,47.79,Import,2023,Qtr 2,May,1
2230,"AGRICULTURAL & OTHER
 CHEMICALS GROUP",, MEDICINAL PRODUCTS,MT,2105,24052,84249,18.26,18.46,18.23,Import,2023,Qtr 2,May,1
2231,"AGRICULTURAL & OTHER
 CHEMICALS GROUP",, OTHERS,,,118933,416598,,55.21,54.91,Import,2023,Qtr 2,May,1
2233,METAL GROUP,, GOLD,KG,52,977,3421,550,537.84,537.06,Import,2023,Qtr 2,May,1
2234,METAL GROUP,, IRON AND STEEL SCRAP,MT,126194,19484,68250,45.08,34.49,34.24,Import,2023,Qtr 2,May,1
2235,METAL GROUP,, IRON AND STEEL,MT,176610,40305,141180,52.17,53.55,53.26,Import,2023,Qtr 2,May,1
2236,METAL GROUP,, ALUMINIUM WROUGHT & WORKED,,,5806,20336,,21.31,21.08,Import,2023,Qtr 2,May,1
2237,METAL GROUP,, ALL OTHER METALS & ARTICALS,,,17144,60053,,16.85,16.63,Import,2023,Qtr 2,May,1
2239,MISCELLANEOUS GROUP,, RUBBER CRUDE INCL  SYNTH/RECLAIMED,MT,25029,5641,19760,-7.19,23.35,23.12,Import,2023,Qtr 2,May,1
2240,MISCELLANEOUS GROUP,, RUBBER TYRES & TUBES,NO,210105,1111,3891,42.14,88.84,88.52,Import,2023,Qtr 2,May,1
2241,MISCELLANEOUS GROUP,, WOOD & CORK,,,1121,3926,,177.09,176.67,Import,2023,Qtr 2,May,1
2242,MISCELLANEOUS GROUP,, JUTE,MT,4686,1011,3542,-28.8,-25.69,-25.84,Import,2023,Qtr 2,May,1
2243,MISCELLANEOUS GROUP,, PAPER & PAPER BOARD & MANUF THEREOF,MT,28097,9306,32598,45.54,25.92,25.68,Import,2023,Qtr 2,May,1
2244,MISCELLANEOUS GROUP,,ALL OTHERS ITEMS,,,84957,297583,,12.29,12.07,Import,2023,Qtr 2,May,1
2247,FOOD GROUP,," MILK,CREAM & MILK FOOD FOR INFANTS",MT,5755,3151,11037,71.91,36.16,33.7,Import,2023,Qtr 4,November,1
2248,FOOD GROUP,, WHEAT UNMILLED,MT,497734,40510,141879,26.14,19.8,17.63,Import,2023,Qtr 4,November,1
2249,FOOD GROUP,, DRY FRUITS & NUTS,MT,14649,2760,9666,26.95,25.81,23.54,Import,2023,Qtr 4,November,1
2250,FOOD GROUP,, TEA,MT,21631,15306,53608,-11.33,-6.74,-8.42,Import,2023,Qtr 4,November,1
2251,FOOD GROUP,, SPICES,MT,12726,3995,13990,16.07,10.88,8.88,Import,2023,Qtr 4,November,1
2252,FOOD GROUP,, SOYABEAN OIL,MT,6410,2020,7074,-61.17,-58.03,-58.8,Import,2023,Qtr 4,November,1
2253,FOOD GROUP,, PALM OIL,MT,231701,60225,210932,4.1,4.42,2.53,Import,2023,Qtr 4,November,1
2254,FOOD GROUP,, SUGAR,MT,429,105,367,84.76,58.08,55.51,Import,2023,Qtr 4,November,1
2255,FOOD GROUP,, PULSES (LEGUMINOUS VEGETABLES),MT,123537,23349,81778,-6.61,6,4.09,Import,2023,Qtr 4,November,1
2256,FOOD GROUP,, ALL OTHERS FOOD ITEMS,,,53253,186512,,-29.96,-31.23,Import,2023,Qtr 4,November,1
2258,MACHINERY GROUP,, POWER GENERATING MACHINERY,,,13291,46551,,81.44,78.16,Import,2023,Qtr 4,November,1
2259,MACHINERY GROUP,, OFFICE MACHINE INCL DATA PROC EQUIP;,,,10527,36870,,20.25,18.07,Import,2023,Qtr 4,November,1
2260,MACHINERY GROUP,, TEXTILE MACHINERY,,,2812,9850,,-8.57,-10.23,Import,2023,Qtr 4,November,1
2261,MACHINERY GROUP,, CONSTRUCTION & MINING MACHINERY,,,2463,8626,,37.93,35.44,Import,2023,Qtr 4,November,1
2262,MACHINERY GROUP,, ELECTRICAL MACHINERY & APPARATUS,,,45692,160031,,-38.07,-39.19,Import,2023,Qtr 4,November,1
2264,MACHINERY GROUP, TELE COM, MOBILE PHONE,,,41843,146549,,-10.06,-11.69,Import,2023,Qtr 4,November,1
2265,MACHINERY GROUP, TELE COM, OTHER APPARATUS,,,11715,41031,,-0.15,-1.95,Import,2023,Qtr 4,November,1
2266,MACHINERY GROUP,, AGRICULTURAL MACHINERY & IMPLEMENTS,,,2461,8619,,-6.83,-8.51,Import,2023,Qtr 4,November,1
2267,MACHINERY GROUP,, OTHER MACHINERY,,,35918,125799,,-8.29,-9.95,Import,2023,Qtr 4,November,1
2271,TRANSPORT GROUP," ROAD MOTOR VEH  (BUILD UNIT,CKD/SKD)","CBU-BUSES,TRUCKS & OTH  HEAVY VEHICLES",,,2211,7744,,65.47,62.48,Import,2023,Qtr 4,November,1
2272,TRANSPORT GROUP," ROAD MOTOR VEH  (BUILD UNIT,CKD/SKD)",CBU-MOTOR CARS,,,5725,20052,,-2.54,-4.3,Import,2023,Qtr 4,November,1
2273,TRANSPORT GROUP," ROAD MOTOR VEH  (BUILD UNIT,CKD/SKD)",CBU-MOTOR CYCLES,,,20,69,,265.21,263.16,Import,2023,Qtr 4,November,1
2275,TRANSPORT GROUP," ROAD MOTOR VEH  (BUILD UNIT,CKD/SKD)","CKD/SKD-BUSES,TRUCKS & OTH  HEAVY VEHICLES",,,4502,15766,,942.91,923.77,Import,2023,Qtr 4,November,1
2276,TRANSPORT GROUP," ROAD MOTOR VEH  (BUILD UNIT,CKD/SKD)",CKD/SKD-MOTOR CARS,,,20542,71947,,219.51,213.74,Import,2023,Qtr 4,November,1
2277,TRANSPORT GROUP," ROAD MOTOR VEH  (BUILD UNIT,CKD/SKD)",CKD/SKD-MOTOR CYCLES,,,1023,3584,,20.74,18.56,Import,2023,Qtr 4,November,1
2278,TRANSPORT GROUP," ROAD MOTOR VEH  (BUILD UNIT,CKD/SKD)",PARTS & ACCESSORIES,,,7112,24909,,49.71,47,Import,2023,Qtr 4,November,1
2279,TRANSPORT GROUP," ROAD MOTOR VEH  (BUILD UNIT,CKD/SKD)",OTHERS,,,610,2137,,-70.6,-71.14,Import,2023,Qtr 4,November,1
2280,TRANSPORT GROUP,,"AIRCRAFTS, SHIPS AND BOATS",,,1905,6671,,-69.47,-70.02,Import,2023,Qtr 4,November,1
2281,TRANSPORT GROUP,,OTHERS TRANSPORT EQUIPMENTS,,,103,362,,-16.06,-17.54,Import,2023,Qtr 4,November,1
2283,PETROLEUM GROUP,, PETROLEUM PRODUCTS,MT,736800,142589,499401,-20.58,-21.28,-22.71,Import,2023,Qtr 4,November,1
2284,PETROLEUM GROUP,, PETROLEUM CRUDE,MT,978144,161486,565585,13.03,6.71,4.78,Import,2023,Qtr 4,November,1
2285,PETROLEUM GROUP,,"NATURAL GAS, LIQUIFIED",,,82715,289700,,6.02,4.1,Import,2023,Qtr 4,November,1
2286,PETROLEUM GROUP,," PETROLEUM GAS, LIQUIFIED",,,20037,70178,,13.49,11.44,Import,2023,Qtr 4,November,1
2287,PETROLEUM GROUP,, OTHERS,,,11,39,,670.2,680,Import,2023,Qtr 4,November,1
2289,TEXTILE GROUP,, RAW COTTON,MT,14245,8533,29885,29.8,27.08,24.79,Import,2023,Qtr 4,November,1
2290,TEXTILE GROUP,, SYNTHETIC FIBRE,MT,15649,7554,26457,-28.75,-29.66,-30.93,Import,2023,Qtr 4,November,1
2291,TEXTILE GROUP,, SYNTHETIC & ARTIFICIAL SILK YARN,MT,29342,13641,47778,-9.94,-10.86,-12.47,Import,2023,Qtr 4,November,1
2292,TEXTILE GROUP,, WORN CLOTHING,MT,90861,11382,39865,17.07,17.48,15.35,Import,2023,Qtr 4,November,1
2293,TEXTILE GROUP,, OTHR TEXTILE ITEMS,,,20684,72442,,21.93,19.72,Import,2023,Qtr 4,November,1
2295,"AGRICULTURAL & OTHER
 CHEMICALS GROUP",, FERTILIZER MANUFACTURED,MT,127124,21041,73693,-33.46,-34.23,-35.42,Import,2023,Qtr 4,November,1
2296,"AGRICULTURAL & OTHER
 CHEMICALS GROUP",, INSECTICIDES,MT,2763,5528,19363,-29.01,-6.28,-7.97,Import,2023,Qtr 4,November,1
2297,"AGRICULTURAL & OTHER
 CHEMICALS GROUP",, PLASTIC MATERIALS,MT,137744,49610,173753,-17.69,-14.46,-16,Import,2023,Qtr 4,November,1
2298,"AGRICULTURAL & OTHER
 CHEMICALS GROUP",, MEDICINAL PRODUCTS,MT,8243,26183,91702,12.33,-0.16,-1.97,Import,2023,Qtr 4,November,1
2299,"AGRICULTURAL & OTHER
 CHEMICALS GROUP",, OTHERS,,,92722,324747,,-9.39,-11.02,Import,2023,Qtr 4,November,1
2301,METAL GROUP,, GOLD,KG,60,1113,3899,71.43,150.67,146.15,Import,2023,Qtr 4,November,1
2302,METAL GROUP,, IRON AND STEEL SCRAP,MT,249408,32503,113837,4.9,7.45,5.51,Import,2023,Qtr 4,November,1
2303,METAL GROUP,, IRON AND STEEL,MT,301064,58021,203212,14.2,13.5,11.44,Import,2023,Qtr 4,November,1
2304,METAL GROUP,, ALUMINIUM WROUGHT & WORKED,,,4572,16011,,14.97,12.89,Import,2023,Qtr 4,November,1
2305,METAL GROUP,, ALL OTHER METALS & ARTICALS,,,17037,59671,,-0.7,-2.5,Import,2023,Qtr 4,November,1
2307,MISCELLANEOUS GROUP,, RUBBER CRUDE INCL  SYNTH/RECLAIMED,MT,35539,6469,22656,-13.21,-9.99,-11.62,Import,2023,Qtr 4,November,1
2308,MISCELLANEOUS GROUP,, RUBBER TYRES & TUBES,NO,430680,2544,8908,17.45,16.02,13.91,Import,2023,Qtr 4,November,1
2309,MISCELLANEOUS GROUP,, WOOD & CORK,,,3091,10825,,3.9,2.03,Import,2023,Qtr 4,November,1
2310,MISCELLANEOUS GROUP,, JUTE,MT,3902,759,2660,-10.02,-12.45,-14.03,Import,2023,Qtr 4,November,1
2311,MISCELLANEOUS GROUP,, PAPER & PAPER BOARD & MANUF THEREOF,MT,40169,10178,35646,12.2,9.71,7.72,Import,2023,Qtr 4,November,1
2312,MISCELLANEOUS GROUP,,ALL OTHERS ITEMS,,,80814,283040,,-4.12,-5.85,Import,2023,Qtr 4,November,1
2315,FOOD GROUP,," MILK,CREAM & MILK FOOD FOR INFANTS",MT,3348,2314,8255,69.66,12.37,19.34,Import,2023,Qtr 4,October,1
2316,FOOD GROUP,, WHEAT UNMILLED,MT,394602,33815,120614,143.13,146.78,162.1,Import,2023,Qtr 4,October,1
2317,FOOD GROUP,, DRY FRUITS & NUTS,MT,11539,2194,7824,31.62,40.16,48.86,Import,2023,Qtr 4,October,1
2318,FOOD GROUP,, TEA,MT,24395,16412,58539,1.95,-0.24,5.95,Import,2023,Qtr 4,October,1
2319,FOOD GROUP,, SPICES,MT,10964,3602,12849,49.02,26.17,33.98,Import,2023,Qtr 4,October,1
2320,FOOD GROUP,, SOYABEAN OIL,MT,16510,4813,17168,65.1,49.98,59.29,Import,2023,Qtr 4,October,1
2321,FOOD GROUP,, PALM OIL,MT,222577,57674,205718,0.28,-6.05,-0.22,Import,2023,Qtr 4,October,1
2322,FOOD GROUP,, SUGAR,MT,232,66,236,24.68,28.57,36.42,Import,2023,Qtr 4,October,1
2323,FOOD GROUP,, PULSES (LEGUMINOUS VEGETABLES),MT,132283,22027,78566,14.07,-0.82,5.34,Import,2023,Qtr 4,October,1
2324,FOOD GROUP,, ALL OTHERS FOOD ITEMS,,,76036,271213,,90.62,102.44,Import,2023,Qtr 4,October,1
2326,MACHINERY GROUP,, POWER GENERATING MACHINERY,,,7326,26129,,-25.81,-21.21,Import,2023,Qtr 4,October,1
2327,MACHINERY GROUP,, OFFICE MACHINE INCL DATA PROC EQUIP;,,,8754,31226,,-2.49,3.56,Import,2023,Qtr 4,October,1
2328,MACHINERY GROUP,, TEXTILE MACHINERY,,,3076,10972,,-15.56,-10.32,Import,2023,Qtr 4,October,1
2329,MACHINERY GROUP,, CONSTRUCTION & MINING MACHINERY,,,1785,6369,,-16.68,-11.5,Import,2023,Qtr 4,October,1
2330,MACHINERY GROUP,, ELECTRICAL MACHINERY & APPARATUS,,,73778,263158,,65.05,75.3,Import,2023,Qtr 4,October,1
2332,MACHINERY GROUP, TELE COM, MOBILE PHONE,,,46523,165941,,25.42,33.2,Import,2023,Qtr 4,October,1
2333,MACHINERY GROUP, TELE COM, OTHER APPARATUS,,,11732,41848,,15.51,22.68,Import,2023,Qtr 4,October,1
2334,MACHINERY GROUP,, AGRICULTURAL MACHINERY & IMPLEMENTS,,,2641,9421,,71.05,81.66,Import,2023,Qtr 4,October,1
2335,MACHINERY GROUP,, OTHER MACHINERY,,,39165,139698,,4.91,11.42,Import,2023,Qtr 4,October,1
2339,TRANSPORT GROUP," ROAD MOTOR VEH  (BUILD UNIT,CKD/SKD)","CBU-BUSES,TRUCKS & OTH  HEAVY VEHICLES",,,1336,4766,,-32.28,-28.08,Import,2023,Qtr 4,October,1
2340,TRANSPORT GROUP," ROAD MOTOR VEH  (BUILD UNIT,CKD/SKD)",CBU-MOTOR CARS,,,5874,20953,,27.25,35.15,Import,2023,Qtr 4,October,1
2341,TRANSPORT GROUP," ROAD MOTOR VEH  (BUILD UNIT,CKD/SKD)",CBU-MOTOR CYCLES,,,5,19,,123.24,137.5,Import,2023,Qtr 4,October,1
2343,TRANSPORT GROUP," ROAD MOTOR VEH  (BUILD UNIT,CKD/SKD)","CKD/SKD-BUSES,TRUCKS & OTH  HEAVY VEHICLES",,,432,1540,,-92.09,-91.6,Import,2023,Qtr 4,October,1
2344,TRANSPORT GROUP," ROAD MOTOR VEH  (BUILD UNIT,CKD/SKD)",CKD/SKD-MOTOR CARS,,,6429,22932,,-60.2,-57.73,Import,2023,Qtr 4,October,1
2345,TRANSPORT GROUP," ROAD MOTOR VEH  (BUILD UNIT,CKD/SKD)",CKD/SKD-MOTOR CYCLES,,,848,3023,,-52.17,-49.2,Import,2023,Qtr 4,October,1
2346,TRANSPORT GROUP," ROAD MOTOR VEH  (BUILD UNIT,CKD/SKD)",PARTS & ACCESSORIES,,,4751,16945,,-29.88,-25.53,Import,2023,Qtr 4,October,1
2347,TRANSPORT GROUP," ROAD MOTOR VEH  (BUILD UNIT,CKD/SKD)",OTHERS,,,2076,7404,,390.05,420.31,Import,2023,Qtr 4,October,1
2348,TRANSPORT GROUP,,"AIRCRAFTS, SHIPS AND BOATS",,,6239,22255,,337.16,364.32,Import,2023,Qtr 4,October,1
2349,TRANSPORT GROUP,,OTHERS TRANSPORT EQUIPMENTS,,,123,439,,188.43,206.99,Import,2023,Qtr 4,October,1
2351,PETROLEUM GROUP,, PETROLEUM PRODUCTS,MT,927684,181138,646098,16.51,11.75,18.69,Import,2023,Qtr 4,October,1
2352,PETROLEUM GROUP,, PETROLEUM CRUDE,MT,865365,151331,539781,12.65,3.52,9.95,Import,2023,Qtr 4,October,1
2353,PETROLEUM GROUP,,"NATURAL GAS, LIQUIFIED",,,78020,278289,,3.57,10,Import,2023,Qtr 4,October,1
2354,PETROLEUM GROUP,," PETROLEUM GAS, LIQUIFIED",,,17655,62974,,39.7,48.36,Import,2023,Qtr 4,October,1
2355,PETROLEUM GROUP,, OTHERS,,,1,5,,79.01,66.67,Import,2023,Qtr 4,October,1
2357,TEXTILE GROUP,, RAW COTTON,MT,10975,6714,23949,-1.52,-14.05,-8.72,Import,2023,Qtr 4,October,1
2358,TEXTILE GROUP,, SYNTHETIC FIBRE,MT,21963,10740,38307,8.33,5.43,11.97,Import,2023,Qtr 4,October,1
2359,TEXTILE GROUP,, SYNTHETIC & ARTIFICIAL SILK YARN,MT,32580,15303,54583,27.11,17.5,24.79,Import,2023,Qtr 4,October,1
2360,TEXTILE GROUP,, WORN CLOTHING,MT,77612,9689,34560,2.02,-2.52,3.53,Import,2023,Qtr 4,October,1
2361,TEXTILE GROUP,, OTHR TEXTILE ITEMS,,,16964,60509,,17.07,24.33,Import,2023,Qtr 4,October,1
2363,"AGRICULTURAL & OTHER
 CHEMICALS GROUP",, FERTILIZER MANUFACTURED,MT,191050,31994,114118,187.36,213.4,232.85,Import,2023,Qtr 4,October,1
2364,"AGRICULTURAL & OTHER
 CHEMICALS GROUP",, INSECTICIDES,MT,3892,5899,21041,46.87,75.27,86.15,Import,2023,Qtr 4,October,1
2365,"AGRICULTURAL & OTHER
 CHEMICALS GROUP",, PLASTIC MATERIALS,MT,167343,57994,206858,22.84,16.86,24.11,Import,2023,Qtr 4,October,1
2366,"AGRICULTURAL & OTHER
 CHEMICALS GROUP",, MEDICINAL PRODUCTS,MT,7338,26226,93544,187.77,22.26,29.85,Import,2023,Qtr 4,October,1
2367,"AGRICULTURAL & OTHER
 CHEMICALS GROUP",, OTHERS,,,102326,364985,,5.94,12.51,Import,2023,Qtr 4,October,1
2369,METAL GROUP,, GOLD,KG,35,444,1584,-32.69,-35.93,-31.96,Import,2023,Qtr 4,October,1
2370,METAL GROUP,, IRON AND STEEL SCRAP,MT,237759,30249,107894,18.77,10.81,17.68,Import,2023,Qtr 4,October,1
2371,METAL GROUP,, IRON AND STEEL,MT,263631,51121,182344,30.55,15.68,22.86,Import,2023,Qtr 4,October,1
2372,METAL GROUP,, ALUMINIUM WROUGHT & WORKED,,,3976,14183,,42.3,51.12,Import,2023,Qtr 4,October,1
2373,METAL GROUP,, ALL OTHER METALS & ARTICALS,,,17157,61198,,1.88,8.2,Import,2023,Qtr 4,October,1
2375,MISCELLANEOUS GROUP,, RUBBER CRUDE INCL  SYNTH/RECLAIMED,MT,40947,7187,25635,20.36,34.89,43.26,Import,2023,Qtr 4,October,1
2376,MISCELLANEOUS GROUP,, RUBBER TYRES & TUBES,NO,366685,2192,7820,120.37,26.15,34,Import,2023,Qtr 4,October,1
2377,MISCELLANEOUS GROUP,, WOOD & CORK,,,2975,10610,,8.06,14.75,Import,2023,Qtr 4,October,1
2378,MISCELLANEOUS GROUP,, JUTE,MT,4336,868,3094,126.82,95.08,107.1,Import,2023,Qtr 4,October,1
2379,MISCELLANEOUS GROUP,, PAPER & PAPER BOARD & MANUF THEREOF,MT,35800,9277,33090,13.69,-8.17,-2.47,Import,2023,Qtr 4,October,1
2380,MISCELLANEOUS GROUP,,ALL OTHERS ITEMS,,,84286,300637,,-2.63,3.42,Import,2023,Qtr 4,October,1
2383,FOOD GROUP,," MILK,CREAM & MILK FOOD FOR INFANTS",MT,1973,2060,6917,-51.28,-52.09,-52.72,Import,2023,Qtr 3,September,1
2384,FOOD GROUP,, WHEAT UNMILLED,MT,162301,13702,46019,100,100,100,Import,2023,Qtr 3,September,1
2385,FOOD GROUP,, DRY FRUITS & NUTS,MT,8767,1565,5256,24.15,20.43,18.83,Import,2023,Qtr 3,September,1
2386,FOOD GROUP,, TEA,MT,23928,16452,55252,1.59,3.4,2.03,Import,2023,Qtr 3,September,1
2387,FOOD GROUP,, SPICES,MT,7357,2855,9590,-24.72,-22.35,-23.37,Import,2023,Qtr 3,September,1
2388,FOOD GROUP,, SOYABEAN OIL,MT,10000,3209,10778,-65.81,-65.72,-66.18,Import,2023,Qtr 3,September,1
2389,FOOD GROUP,, PALM OIL,MT,221947,61388,206171,-24.56,-23.6,-24.61,Import,2023,Qtr 3,September,1
2390,FOOD GROUP,, SUGAR,MT,186,51,173,-36.3,-29.97,-30.8,Import,2023,Qtr 3,September,1
2391,FOOD GROUP,, PULSES (LEGUMINOUS VEGETABLES),MT,115967,22208,74586,-9.18,-7.4,-8.63,Import,2023,Qtr 3,September,1
2392,FOOD GROUP,, ALL OTHERS FOOD ITEMS,,,39890,133969,,-34.02,-34.89,Import,2023,Qtr 3,September,1
2394,MACHINERY GROUP,, POWER GENERATING MACHINERY,,,9875,33163,,-25.7,-26.69,Import,2023,Qtr 3,September,1
2395,MACHINERY GROUP,, OFFICE MACHINE INCL DATA PROC EQUIP;,,,8978,30154,,-48.2,-48.88,Import,2023,Qtr 3,September,1
2396,MACHINERY GROUP,, TEXTILE MACHINERY,,,3643,12234,,23.92,22.28,Import,2023,Qtr 3,September,1
2397,MACHINERY GROUP,, CONSTRUCTION & MINING MACHINERY,,,2143,7197,,-9.95,-11.15,Import,2023,Qtr 3,September,1
2398,MACHINERY GROUP,, ELECTRICAL MACHINERY & APPARATUS,,,44699,150122,,-7.9,-9.12,Import,2023,Qtr 3,September,1
2400,MACHINERY GROUP, TELE COM, MOBILE PHONE,,,37093,124576,,13.39,11.89,Import,2023,Qtr 3,September,1
2401,MACHINERY GROUP, TELE COM, OTHER APPARATUS,,,10157,34112,,-9.89,-11.09,Import,2023,Qtr 3,September,1
2402,MACHINERY GROUP,, AGRICULTURAL MACHINERY & IMPLEMENTS,,,1544,5186,,18.62,17.07,Import,2023,Qtr 3,September,1
2403,MACHINERY GROUP,, OTHER MACHINERY,,,37333,125383,,-36.35,-37.2,Import,2023,Qtr 3,September,1
2407,TRANSPORT GROUP," ROAD MOTOR VEH  (BUILD UNIT,CKD/SKD)","CBU-BUSES,TRUCKS & OTH  HEAVY VEHICLES",,,1973,6627,,51.13,49.12,Import,2023,Qtr 3,September,1
2408,TRANSPORT GROUP," ROAD MOTOR VEH  (BUILD UNIT,CKD/SKD)",CBU-MOTOR CARS,,,4617,15504,,-22.2,-23.23,Import,2023,Qtr 3,September,1
2409,TRANSPORT GROUP," ROAD MOTOR VEH  (BUILD UNIT,CKD/SKD)",CBU-MOTOR CYCLES,,,2,8,,-96.24,-96.31,Import,2023,Qtr 3,September,1
2411,TRANSPORT GROUP," ROAD MOTOR VEH  (BUILD UNIT,CKD/SKD)","CKD/SKD-BUSES,TRUCKS & OTH  HEAVY VEHICLES",,,5460,18336,,-4.19,-5.46,Import,2023,Qtr 3,September,1
2412,TRANSPORT GROUP," ROAD MOTOR VEH  (BUILD UNIT,CKD/SKD)",CKD/SKD-MOTOR CARS,,,16155,54255,,-9.39,-10.59,Import,2023,Qtr 3,September,1
2413,TRANSPORT GROUP," ROAD MOTOR VEH  (BUILD UNIT,CKD/SKD)",CKD/SKD-MOTOR CYCLES,,,1772,5951,,90.67,88.14,Import,2023,Qtr 3,September,1
2414,TRANSPORT GROUP," ROAD MOTOR VEH  (BUILD UNIT,CKD/SKD)",PARTS & ACCESSORIES,,,6775,22754,,-7.03,-8.26,Import,2023,Qtr 3,September,1
2415,TRANSPORT GROUP," ROAD MOTOR VEH  (BUILD UNIT,CKD/SKD)",OTHERS,,,424,1423,,-18.07,-19.15,Import,2023,Qtr 3,September,1
2416,TRANSPORT GROUP,,"AIRCRAFTS, SHIPS AND BOATS",,,1427,4793,,17938.82,17651.85,Import,2023,Qtr 3,September,1
2417,TRANSPORT GROUP,,OTHERS TRANSPORT EQUIPMENTS,,,43,143,,-85.22,-85.47,Import,2023,Qtr 3,September,1
2419,PETROLEUM GROUP,, PETROLEUM PRODUCTS,MT,796204,162087,544364,-19.82,-10.26,-11.45,Import,2023,Qtr 3,September,1
2420,PETROLEUM GROUP,, PETROLEUM CRUDE,MT,768178,146179,490938,11.72,22.39,20.77,Import,2023,Qtr 3,September,1
2421,PETROLEUM GROUP,,"NATURAL GAS, LIQUIFIED",,,75331,252999,,-16.16,-17.27,Import,2023,Qtr 3,September,1
2422,PETROLEUM GROUP,," PETROLEUM GAS, LIQUIFIED",,,12638,42446,,-18.15,-19.24,Import,2023,Qtr 3,September,1
2423,PETROLEUM GROUP,, OTHERS,,,1,3,,100,100,Import,2023,Qtr 3,September,1
2425,TEXTILE GROUP,, RAW COTTON,MT,11144,7812,26237,-48.41,-45.9,-46.62,Import,2023,Qtr 3,September,1
2426,TEXTILE GROUP,, SYNTHETIC FIBRE,MT,20274,10187,34212,-22.34,-28.13,-29.08,Import,2023,Qtr 3,September,1
2427,TEXTILE GROUP,, SYNTHETIC & ARTIFICIAL SILK YARN,MT,25631,13023,43739,-17.02,-17.86,-18.95,Import,2023,Qtr 3,September,1
2428,TEXTILE GROUP,, WORN CLOTHING,MT,76078,9939,33382,-8.41,-7.29,-8.51,Import,2023,Qtr 3,September,1
2429,TEXTILE GROUP,, OTHR TEXTILE ITEMS,,,14491,48667,,-5.34,-6.59,Import,2023,Qtr 3,September,1
2431,"AGRICULTURAL & OTHER
 CHEMICALS GROUP",, FERTILIZER MANUFACTURED,MT,66485,10209,34285,238.45,266.56,261.69,Import,2023,Qtr 3,September,1
2432,"AGRICULTURAL & OTHER
 CHEMICALS GROUP",, INSECTICIDES,MT,2650,3366,11303,-27.06,-25.18,-26.17,Import,2023,Qtr 3,September,1
2433,"AGRICULTURAL & OTHER
 CHEMICALS GROUP",, PLASTIC MATERIALS,MT,136223,49628,166673,-29.73,-25.69,-26.68,Import,2023,Qtr 3,September,1
2434,"AGRICULTURAL & OTHER
 CHEMICALS GROUP",, MEDICINAL PRODUCTS,MT,2550,21451,72041,10.63,-12.78,-13.93,Import,2023,Qtr 3,September,1
2435,"AGRICULTURAL & OTHER
 CHEMICALS GROUP",, OTHERS,,,96589,324393,,-14.5,-15.63,Import,2023,Qtr 3,September,1
2437,METAL GROUP,, GOLD,KG,52,693,2328,0,-20.95,-22.01,Import,2023,Qtr 3,September,1
2438,METAL GROUP,, IRON AND STEEL SCRAP,MT,200189,27299,91683,-4.91,-4.61,-5.87,Import,2023,Qtr 3,September,1
2439,METAL GROUP,, IRON AND STEEL,MT,201935,44191,148413,-12.87,-6.95,-8.18,Import,2023,Qtr 3,September,1
2440,METAL GROUP,, ALUMINIUM WROUGHT & WORKED,,,2794,9385,,-4.69,-5.95,Import,2023,Qtr 3,September,1
2441,METAL GROUP,, ALL OTHER METALS & ARTICALS,,,16840,56558,,6.12,4.71,Import,2023,Qtr 3,September,1
2443,MISCELLANEOUS GROUP,, RUBBER CRUDE INCL  SYNTH/RECLAIMED,MT,34019,5328,17894,-34.29,-19.32,-20.39,Import,2023,Qtr 3,September,1
2444,MISCELLANEOUS GROUP,, RUBBER TYRES & TUBES,NO,166395,1738,5836,-22.11,12.5,10.99,Import,2023,Qtr 3,September,1
2445,MISCELLANEOUS GROUP,, WOOD & CORK,,,2753,9246,,-17.4,-18.49,Import,2023,Qtr 3,September,1
2446,MISCELLANEOUS GROUP,, JUTE,MT,1912,445,1494,-49.26,-42.25,-43,Import,2023,Qtr 3,September,1
2447,MISCELLANEOUS GROUP,, PAPER & PAPER BOARD & MANUF THEREOF,MT,31488,10102,33928,-13.08,-4.43,-5.7,Import,2023,Qtr 3,September,1
2448,MISCELLANEOUS GROUP,,ALL OTHERS ITEMS,,,86560,290709,,-10.46,-11.64,Import,2023,Qtr 3,September,1
2451,FOOD GROUP,," MILK,CREAM & MILK FOOD FOR INFANTS",MT,2193,1481,5323,-23.06,-39.92,-39.8,Import,2024,Qtr 2,April,1
2452,FOOD GROUP,, WHEAT UNMILLED,MT,86800,7386,26554,-87.44,-87.09,-87.06,Import,2024,Qtr 2,April,1
2453,FOOD GROUP,, DRY FRUITS & NUTS,MT,5329,1019,3665,-29.31,-25.85,-25.7,Import,2024,Qtr 2,April,1
2454,FOOD GROUP,, TEA,MT,20154,14523,52213,-9.61,-10.99,-10.81,Import,2024,Qtr 2,April,1
2455,FOOD GROUP,, SPICES,MT,17417,5216,18755,12.15,7.13,7.34,Import,2024,Qtr 2,April,1
2456,FOOD GROUP,, SOYABEAN OIL,MT,500,147,530,-95.12,-94.92,-94.91,Import,2024,Qtr 2,April,1
2457,FOOD GROUP,, PALM OIL,MT,235093,60107,216103,-22.74,-21.27,-21.11,Import,2024,Qtr 2,April,1
2458,FOOD GROUP,, SUGAR,MT,205,52,185,6.22,-8.94,-8.95,Import,2024,Qtr 2,April,1
2459,FOOD GROUP,, PULSES (LEGUMINOUS VEGETABLES),MT,78959,14040,50479,-18.51,-24.12,-23.97,Import,2024,Qtr 2,April,1
2460,FOOD GROUP,, ALL OTHERS FOOD ITEMS,,,42617,153219,,-16.56,-16.39,Import,2024,Qtr 2,April,1
2462,MACHINERY GROUP,, POWER GENERATING MACHINERY,,,7080,25455,,-9.54,-9.35,Import,2024,Qtr 2,April,1
2463,MACHINERY GROUP,, OFFICE MACHINE INCL DATA PROC EQUIP;,,,8415,30253,,-10.18,-10,Import,2024,Qtr 2,April,1
2464,MACHINERY GROUP,, TEXTILE MACHINERY,,,3948,14195,,49.68,49.99,Import,2024,Qtr 2,April,1
2465,MACHINERY GROUP,, CONSTRUCTION & MINING MACHINERY,,,2581,9280,,59.01,59.34,Import,2024,Qtr 2,April,1
2466,MACHINERY GROUP,, ELECTRICAL MACHINERY & APPARATUS,,,135222,486163,,15.53,15.77,Import,2024,Qtr 2,April,1
2468,MACHINERY GROUP, TELE COM, MOBILE PHONE,,,44890,161393,,5.24,5.45,Import,2024,Qtr 2,April,1
2469,MACHINERY GROUP, TELE COM, OTHER APPARATUS,,,13982,50270,,39.72,40,Import,2024,Qtr 2,April,1
2470,MACHINERY GROUP,, AGRICULTURAL MACHINERY & IMPLEMENTS,,,2275,8180,,0.62,0.82,Import,2024,Qtr 2,April,1
2471,MACHINERY GROUP,, OTHER MACHINERY,,,33548,120616,,2.75,2.95,Import,2024,Qtr 2,April,1
2475,TRANSPORT GROUP," ROAD MOTOR VEH  (BUILD UNIT,CKD/SKD)","CBU-BUSES,TRUCKS & OTH  HEAVY VEHICLES",,,376,1351,,2.59,2.81,Import,2024,Qtr 2,April,1
2476,TRANSPORT GROUP," ROAD MOTOR VEH  (BUILD UNIT,CKD/SKD)",CBU-MOTOR CARS,,,5845,21015,,4.75,4.96,Import,2024,Qtr 2,April,1
2477,TRANSPORT GROUP," ROAD MOTOR VEH  (BUILD UNIT,CKD/SKD)",CBU-MOTOR CYCLES,,,47,168,,11.06,11.57,Import,2024,Qtr 2,April,1
2479,TRANSPORT GROUP," ROAD MOTOR VEH  (BUILD UNIT,CKD/SKD)","CKD/SKD-BUSES,TRUCKS & OTH  HEAVY VEHICLES",,,4106,14763,,-14.65,-14.47,Import,2024,Qtr 2,April,1
2480,TRANSPORT GROUP," ROAD MOTOR VEH  (BUILD UNIT,CKD/SKD)",CKD/SKD-MOTOR CARS,,,20091,72235,,20.78,21.02,Import,2024,Qtr 2,April,1
2481,TRANSPORT GROUP," ROAD MOTOR VEH  (BUILD UNIT,CKD/SKD)",CKD/SKD-MOTOR CYCLES,,,889,3195,,8.22,8.45,Import,2024,Qtr 2,April,1
2482,TRANSPORT GROUP," ROAD MOTOR VEH  (BUILD UNIT,CKD/SKD)",PARTS & ACCESSORIES,,,5058,18186,,-23.46,-23.31,Import,2024,Qtr 2,April,1
2483,TRANSPORT GROUP," ROAD MOTOR VEH  (BUILD UNIT,CKD/SKD)",OTHERS,,,362,1302,,-53.58,-53.49,Import,2024,Qtr 2,April,1
2484,TRANSPORT GROUP,,"AIRCRAFTS, SHIPS AND BOATS",,,7275,26155,,2138.25,2142.8,Import,2024,Qtr 2,April,1
2485,TRANSPORT GROUP,,OTHERS TRANSPORT EQUIPMENTS,,,210,755,,-11.91,-11.71,Import,2024,Qtr 2,April,1
2487,PETROLEUM GROUP,, PETROLEUM PRODUCTS,MT,1019216,187277,673314,23.4,35.19,35.47,Import,2024,Qtr 2,April,1
2488,PETROLEUM GROUP,, PETROLEUM CRUDE,MT,911489,161733,581475,-9.55,-8.66,-8.47,Import,2024,Qtr 2,April,1
2489,PETROLEUM GROUP,,"NATURAL GAS, LIQUIFIED",,,95650,343887,,17.15,17.39,Import,2024,Qtr 2,April,1
2490,PETROLEUM GROUP,," PETROLEUM GAS, LIQUIFIED",,,21715,78071,,-3.43,-3.23,Import,2024,Qtr 2,April,1
2491,PETROLEUM GROUP,, OTHERS,,,2,8,,-79.14,-79.01,Import,2024,Qtr 2,April,1
2493,TEXTILE GROUP,, RAW COTTON,MT,22014,13101,47102,-1.12,0.82,1.02,Import,2024,Qtr 2,April,1
2494,TEXTILE GROUP,, SYNTHETIC FIBRE,MT,25650,10407,37415,-3.42,-11.8,-11.62,Import,2024,Qtr 2,April,1
2495,TEXTILE GROUP,, SYNTHETIC & ARTIFICIAL SILK YARN,MT,29600,14222,51131,17.08,17.77,18.01,Import,2024,Qtr 2,April,1
2496,TEXTILE GROUP,, WORN CLOTHING,MT,83847,10335,37158,-2.51,0.59,0.79,Import,2024,Qtr 2,April,1
2497,TEXTILE GROUP,, OTHR TEXTILE ITEMS,,,14335,51537,,-12.43,-12.25,Import,2024,Qtr 2,April,1
2499,"AGRICULTURAL & OTHER
 CHEMICALS GROUP",, FERTILIZER MANUFACTURED,MT,126295,16302,58610,161.83,111.29,111.71,Import,2024,Qtr 2,April,1
2500,"AGRICULTURAL & OTHER
 CHEMICALS GROUP",, INSECTICIDES,MT,3928,4780,17187,67.46,13.27,13.5,Import,2024,Qtr 2,April,1
2501,"AGRICULTURAL & OTHER
 CHEMICALS GROUP",, PLASTIC MATERIALS,MT,134085,47458,170624,-7.64,-4.37,-4.17,Import,2024,Qtr 2,April,1
2502,"AGRICULTURAL & OTHER
 CHEMICALS GROUP",, MEDICINAL PRODUCTS,MT,2333,22511,80932,-6.42,-8.6,-8.42,Import,2024,Qtr 2,April,1
2503,"AGRICULTURAL & OTHER
 CHEMICALS GROUP",, OTHERS,,,108167,388891,,17.42,17.66,Import,2024,Qtr 2,April,1
2505,METAL GROUP,, GOLD,KG,0,0,0,0,0,0,Import,2024,Qtr 2,April,1
2506,METAL GROUP,, IRON AND STEEL SCRAP,MT,182675,23099,83049,-27.86,-27.88,-27.74,Import,2024,Qtr 2,April,1
2507,METAL GROUP,, IRON AND STEEL,MT,238928,53175,191179,-7.44,2.93,3.14,Import,2024,Qtr 2,April,1
2508,METAL GROUP,, ALUMINIUM WROUGHT & WORKED,,,3864,13892,,-22.18,-22.02,Import,2024,Qtr 2,April,1
2509,METAL GROUP,, ALL OTHER METALS & ARTICALS,,,20767,74664,,-5.26,-5.07,Import,2024,Qtr 2,April,1
2511,MISCELLANEOUS GROUP,, RUBBER CRUDE INCL  SYNTH/RECLAIMED,MT,33847,5209,18727,7.55,-4.13,-3.94,Import,2024,Qtr 2,April,1
2512,MISCELLANEOUS GROUP,, RUBBER TYRES & TUBES,NO,496965,2853,10257,39.57,8.32,8.53,Import,2024,Qtr 2,April,1
2513,MISCELLANEOUS GROUP,, WOOD & CORK,,,2107,7574,,-1.52,-1.33,Import,2024,Qtr 2,April,1
2514,MISCELLANEOUS GROUP,, JUTE,MT,3986,732,2632,62.11,65.29,65.63,Import,2024,Qtr 2,April,1
2515,MISCELLANEOUS GROUP,, PAPER & PAPER BOARD & MANUF THEREOF,MT,30032,7993,28738,-15.72,-13.91,-13.74,Import,2024,Qtr 2,April,1
2516,MISCELLANEOUS GROUP,,ALL OTHERS ITEMS,,,62458,224555,,-7.68,-7.49,Import,2024,Qtr 2,April,1
2519,FOOD GROUP,," MILK,CREAM & MILK FOOD FOR INFANTS",MT,4149,3233,11609,87.46,57.81,57.73,Import,2024,Qtr 3,August,1
2520,FOOD GROUP,, WHEAT UNMILLED,MT,0,0,0,0,0,0,Import,2024,Qtr 3,August,1
2521,FOOD GROUP,, DRY FRUITS & NUTS,MT,7522,2107,7565,41.96,30.24,30.14,Import,2024,Qtr 3,August,1
2522,FOOD GROUP,, TEA,MT,23083,16159,58013,46.43,45.31,45.24,Import,2024,Qtr 3,August,1
2523,FOOD GROUP,, SPICES,MT,17002,5396,19371,-1.65,-3.15,-3.21,Import,2024,Qtr 3,August,1
2524,FOOD GROUP,, SOYABEAN OIL,MT,21960,5912,21224,2096,1988.97,1986.92,Import,2024,Qtr 3,August,1
2525,FOOD GROUP,, PALM OIL,MT,273035,71293,255953,6.46,6.74,6.68,Import,2024,Qtr 3,August,1
2526,FOOD GROUP,, SUGAR,MT,416,115,413,47.04,38.58,39.06,Import,2024,Qtr 3,August,1
2527,FOOD GROUP,, PULSES (LEGUMINOUS VEGETABLES),MT,84356,18499,66412,-12.77,-0.28,-0.34,Import,2024,Qtr 3,August,1
2528,FOOD GROUP,, ALL OTHERS FOOD ITEMS,,,32284,115903,,-10.42,-10.46,Import,2024,Qtr 3,August,1
2530,MACHINERY GROUP,, POWER GENERATING MACHINERY,,,13124,47116,,50.99,50.91,Import,2024,Qtr 3,August,1
2531,MACHINERY GROUP,, OFFICE MACHINE INCL DATA PROC EQUIP;,,,10042,36051,,26.18,26.12,Import,2024,Qtr 3,August,1
2532,MACHINERY GROUP,, TEXTILE MACHINERY,,,3922,14082,,-24.52,-24.57,Import,2024,Qtr 3,August,1
2533,MACHINERY GROUP,, CONSTRUCTION & MINING MACHINERY,,,2267,8140,,-8.46,-8.53,Import,2024,Qtr 3,August,1
2534,MACHINERY GROUP,, ELECTRICAL MACHINERY & APPARATUS,,,70488,253062,,-26.34,-26.38,Import,2024,Qtr 3,August,1
2536,MACHINERY GROUP, TELE COM, MOBILE PHONE,,,22118,79406,,23.21,23.14,Import,2024,Qtr 3,August,1
2537,MACHINERY GROUP, TELE COM, OTHER APPARATUS,,,11097,39841,,4.91,4.86,Import,2024,Qtr 3,August,1
2538,MACHINERY GROUP,, AGRICULTURAL MACHINERY & IMPLEMENTS,,,3109,11160,,72.8,72.73,Import,2024,Qtr 3,August,1
2539,MACHINERY GROUP,, OTHER MACHINERY,,,38349,137680,,0.78,0.73,Import,2024,Qtr 3,August,1
2543,TRANSPORT GROUP," ROAD MOTOR VEH  (BUILD UNIT,CKD/SKD)","CBU-BUSES,TRUCKS & OTH  HEAVY VEHICLES",,,2577,9253,,247.36,247.2,Import,2024,Qtr 3,August,1
2544,TRANSPORT GROUP," ROAD MOTOR VEH  (BUILD UNIT,CKD/SKD)",CBU-MOTOR CARS,,,6806,24435,,4.95,4.9,Import,2024,Qtr 3,August,1
2545,TRANSPORT GROUP," ROAD MOTOR VEH  (BUILD UNIT,CKD/SKD)",CBU-MOTOR CYCLES,,,40,145,,54.95,55.91,Import,2024,Qtr 3,August,1
2547,TRANSPORT GROUP," ROAD MOTOR VEH  (BUILD UNIT,CKD/SKD)","CKD/SKD-BUSES,TRUCKS & OTH  HEAVY VEHICLES",,,8185,29384,,52.7,52.61,Import,2024,Qtr 3,August,1
2548,TRANSPORT GROUP," ROAD MOTOR VEH  (BUILD UNIT,CKD/SKD)",CKD/SKD-MOTOR CARS,,,27580,99017,,189.01,188.86,Import,2024,Qtr 3,August,1
2549,TRANSPORT GROUP," ROAD MOTOR VEH  (BUILD UNIT,CKD/SKD)",CKD/SKD-MOTOR CYCLES,,,1011,3631,,29.66,29.59,Import,2024,Qtr 3,August,1
2550,TRANSPORT GROUP," ROAD MOTOR VEH  (BUILD UNIT,CKD/SKD)",PARTS & ACCESSORIES,,,6639,23836,,-7.36,-7.42,Import,2024,Qtr 3,August,1
2551,TRANSPORT GROUP," ROAD MOTOR VEH  (BUILD UNIT,CKD/SKD)",OTHERS,,,818,2938,,26.11,26.04,Import,2024,Qtr 3,August,1
2552,TRANSPORT GROUP,,"AIRCRAFTS, SHIPS AND BOATS",,,1515,5439,,151398.34,108680,Import,2024,Qtr 3,August,1
2553,TRANSPORT GROUP,,OTHERS TRANSPORT EQUIPMENTS,,,991,3556,,462.83,461.77,Import,2024,Qtr 3,August,1
2555,PETROLEUM GROUP,, PETROLEUM PRODUCTS,MT,609382,95288,342096,-26.19,-31.41,-31.45,Import,2024,Qtr 3,August,1
2556,PETROLEUM GROUP,, PETROLEUM CRUDE,MT,1072643,162679,584042,82.49,61.85,61.76,Import,2024,Qtr 3,August,1
2557,PETROLEUM GROUP,,"NATURAL GAS, LIQUIFIED",,,106422,382071,,15.1,15.04,Import,2024,Qtr 3,August,1
2558,PETROLEUM GROUP,," PETROLEUM GAS, LIQUIFIED",,,25089,90072,,21.68,21.62,Import,2024,Qtr 3,August,1
2559,PETROLEUM GROUP,, OTHERS,,,12,43,,99.93,95.45,Import,2024,Qtr 3,August,1
2561,TEXTILE GROUP,, RAW COTTON,MT,26515,14725,52866,49.99,41.49,41.42,Import,2024,Qtr 3,August,1
2562,TEXTILE GROUP,, SYNTHETIC FIBRE,MT,29767,12327,44255,15.97,11.1,11.04,Import,2024,Qtr 3,August,1
2563,TEXTILE GROUP,, SYNTHETIC & ARTIFICIAL SILK YARN,MT,25229,12988,46628,-7.91,-3.4,-3.45,Import,2024,Qtr 3,August,1
2564,TEXTILE GROUP,, WORN CLOTHING,MT,97448,12414,44567,13.81,17.83,17.77,Import,2024,Qtr 3,August,1
2565,TEXTILE GROUP,, OTHR TEXTILE ITEMS,,,21983,78921,,12.26,12.2,Import,2024,Qtr 3,August,1
2567,"AGRICULTURAL & OTHER
 CHEMICALS GROUP",, FERTILIZER MANUFACTURED,MT,178854,28836,103526,113.09,120.14,120.02,Import,2024,Qtr 3,August,1
2568,"AGRICULTURAL & OTHER
 CHEMICALS GROUP",, INSECTICIDES,MT,1884,3064,10999,-15.05,-4.62,-4.66,Import,2024,Qtr 3,August,1
2569,"AGRICULTURAL & OTHER
 CHEMICALS GROUP",, PLASTIC MATERIALS,MT,151983,53463,191941,-1.85,-0.17,-0.22,Import,2024,Qtr 3,August,1
2570,"AGRICULTURAL & OTHER
 CHEMICALS GROUP",, MEDICINAL PRODUCTS,MT,3559,28558,102526,13.81,8.92,8.87,Import,2024,Qtr 3,August,1
2571,"AGRICULTURAL & OTHER
 CHEMICALS GROUP",, OTHERS,,,102856,369266,,-2.14,-2.19,Import,2024,Qtr 3,August,1
2573,METAL GROUP,, GOLD,KG,22,485,1742,0,0,0,Import,2024,Qtr 3,August,1
2574,METAL GROUP,, IRON AND STEEL SCRAP,MT,211700,27044,97092,-0.82,1.39,1.33,Import,2024,Qtr 3,August,1
2575,METAL GROUP,, IRON AND STEEL,MT,166516,34191,122750,-31.59,-24.69,-24.73,Import,2024,Qtr 3,August,1
2576,METAL GROUP,, ALUMINIUM WROUGHT & WORKED,,,3511,12606,,4.2,4.15,Import,2024,Qtr 3,August,1
2577,METAL GROUP,, ALL OTHER METALS & ARTICALS,,,23721,85163,,5.43,5.37,Import,2024,Qtr 3,August,1
2579,MISCELLANEOUS GROUP,, RUBBER CRUDE INCL  SYNTH/RECLAIMED,MT,59332,8082,29015,27.34,14.04,13.98,Import,2024,Qtr 3,August,1
2580,MISCELLANEOUS GROUP,, RUBBER TYRES & TUBES,NO,743790,3714,13335,-0.2,-14.69,-14.74,Import,2024,Qtr 3,August,1
2581,MISCELLANEOUS GROUP,, WOOD & CORK,,,2675,9605,,4.23,4.19,Import,2024,Qtr 3,August,1
2582,MISCELLANEOUS GROUP,, JUTE,MT,680,114,408,-69.06,-71.84,-71.86,Import,2024,Qtr 3,August,1
2583,MISCELLANEOUS GROUP,, PAPER & PAPER BOARD & MANUF THEREOF,MT,36829,9720,34895,5.28,-3.34,-3.39,Import,2024,Qtr 3,August,1
2584,MISCELLANEOUS GROUP,,ALL OTHERS ITEMS,,,83308,299090,,18.19,18.13,Import,2024,Qtr 3,August,1
2587,FOOD GROUP,," MILK,CREAM & MILK FOOD FOR INFANTS",MT,2145,2419,8699,-12.66,-27.39,-27.47,Import,2024,Qtr 4,December,1
2588,FOOD GROUP,, WHEAT UNMILLED,MT,121,9,33,100,100,100,Import,2024,Qtr 4,December,1
2589,FOOD GROUP,, DRY FRUITS & NUTS,MT,22031,5599,20130,-13.27,-0.4,-0.51,Import,2024,Qtr 4,December,1
2590,FOOD GROUP,, TEA,MT,22115,15624,56179,9.26,6.62,6.5,Import,2024,Qtr 4,December,1
2591,FOOD GROUP,, SPICES,MT,22352,6215,22347,40.67,39.08,38.93,Import,2024,Qtr 4,December,1
2592,FOOD GROUP,, SOYABEAN OIL,MT,51093,14252,51244,239.6,238.93,238.51,Import,2024,Qtr 4,December,1
2593,FOOD GROUP,, PALM OIL,MT,262354,78048,280627,11.69,19.25,19.12,Import,2024,Qtr 4,December,1
2594,FOOD GROUP,, SUGAR,MT,319,70,251,99.38,45.31,45.93,Import,2024,Qtr 4,December,1
2595,FOOD GROUP,, PULSES (LEGUMINOUS VEGETABLES),MT,161977,34244,123125,3.34,13.46,13.34,Import,2024,Qtr 4,December,1
2596,FOOD GROUP,, ALL OTHERS FOOD ITEMS,,,66835,240310,,25.28,25.14,Import,2024,Qtr 4,December,1
2598,MACHINERY GROUP,, POWER GENERATING MACHINERY,,,22319,80250,,23.86,23.72,Import,2024,Qtr 4,December,1
2599,MACHINERY GROUP,, OFFICE MACHINE INCL DATA PROC EQUIP;,,,13506,48561,,30.48,30.33,Import,2024,Qtr 4,December,1
2600,MACHINERY GROUP,, TEXTILE MACHINERY,,,5815,20908,,14.24,14.11,Import,2024,Qtr 4,December,1
2601,MACHINERY GROUP,, CONSTRUCTION & MINING MACHINERY,,,4074,14648,,60.45,60.25,Import,2024,Qtr 4,December,1
2602,MACHINERY GROUP,, ELECTRICAL MACHINERY & APPARATUS,,,81286,292268,,96.14,95.92,Import,2024,Qtr 4,December,1
2604,MACHINERY GROUP, TELE COM, MOBILE PHONE,,,45405,163257,,9.41,9.29,Import,2024,Qtr 4,December,1
2605,MACHINERY GROUP, TELE COM, OTHER APPARATUS,,,10975,39462,,11.19,11.06,Import,2024,Qtr 4,December,1
2606,MACHINERY GROUP,, AGRICULTURAL MACHINERY & IMPLEMENTS,,,2361,8489,,50.86,50.65,Import,2024,Qtr 4,December,1
2607,MACHINERY GROUP,, OTHER MACHINERY,,,52874,190111,,41.25,41.09,Import,2024,Qtr 4,December,1
2611,TRANSPORT GROUP," ROAD MOTOR VEH  (BUILD UNIT,CKD/SKD)","CBU-BUSES,TRUCKS & OTH  HEAVY VEHICLES",,,3902,14031,,147.76,147.55,Import,2024,Qtr 4,December,1
2612,TRANSPORT GROUP," ROAD MOTOR VEH  (BUILD UNIT,CKD/SKD)",CBU-MOTOR CARS,,,4845,17420,,-13.87,-13.97,Import,2024,Qtr 4,December,1
2613,TRANSPORT GROUP," ROAD MOTOR VEH  (BUILD UNIT,CKD/SKD)",CBU-MOTOR CYCLES,,,85,305,,323.53,329.58,Import,2024,Qtr 4,December,1
2615,TRANSPORT GROUP," ROAD MOTOR VEH  (BUILD UNIT,CKD/SKD)","CKD/SKD-BUSES,TRUCKS & OTH  HEAVY VEHICLES",,,9700,34878,,57.99,57.81,Import,2024,Qtr 4,December,1
2616,TRANSPORT GROUP," ROAD MOTOR VEH  (BUILD UNIT,CKD/SKD)",CKD/SKD-MOTOR CARS,,,21207,76252,,72.63,72.44,Import,2024,Qtr 4,December,1
2617,TRANSPORT GROUP," ROAD MOTOR VEH  (BUILD UNIT,CKD/SKD)",CKD/SKD-MOTOR CYCLES,,,1081,3886,,42.95,42.87,Import,2024,Qtr 4,December,1
2618,TRANSPORT GROUP," ROAD MOTOR VEH  (BUILD UNIT,CKD/SKD)",PARTS & ACCESSORIES,,,9020,32431,,17.15,17.02,Import,2024,Qtr 4,December,1
2619,TRANSPORT GROUP," ROAD MOTOR VEH  (BUILD UNIT,CKD/SKD)",OTHERS,,,1173,4216,,52.89,52.75,Import,2024,Qtr 4,December,1
2620,TRANSPORT GROUP,,"AIRCRAFTS, SHIPS AND BOATS",,,140,502,,-95.36,-95.36,Import,2024,Qtr 4,December,1
2621,TRANSPORT GROUP,,OTHERS TRANSPORT EQUIPMENTS,,,1950,7012,,1033.75,1029.15,Import,2024,Qtr 4,December,1
2623,PETROLEUM GROUP,, PETROLEUM PRODUCTS,MT,1020115,162467,584162,-11.33,-7.56,-7.67,Import,2024,Qtr 4,December,1
2624,PETROLEUM GROUP,, PETROLEUM CRUDE,MT,1014463,146353,526221,21.19,23.25,23.11,Import,2024,Qtr 4,December,1
2625,PETROLEUM GROUP,,"NATURAL GAS, LIQUIFIED",,,96290,346218,,46.2,46.03,Import,2024,Qtr 4,December,1
2626,PETROLEUM GROUP,," PETROLEUM GAS, LIQUIFIED",,,30141,108373,,-1.44,-1.55,Import,2024,Qtr 4,December,1
2627,PETROLEUM GROUP,, OTHERS,,,13,45,,318.61,309.09,Import,2024,Qtr 4,December,1
2629,TEXTILE GROUP,, RAW COTTON,MT,68106,36038,129577,17.26,16.12,15.99,Import,2024,Qtr 4,December,1
2630,TEXTILE GROUP,, SYNTHETIC FIBRE,MT,41325,15766,56688,89.61,86.54,86.33,Import,2024,Qtr 4,December,1
2631,TEXTILE GROUP,, SYNTHETIC & ARTIFICIAL SILK YARN,MT,44715,19776,71106,32.51,20.95,20.81,Import,2024,Qtr 4,December,1
2632,TEXTILE GROUP,, WORN CLOTHING,MT,107587,13513,48588,15.2,17.21,17.08,Import,2024,Qtr 4,December,1
2633,TEXTILE GROUP,, OTHR TEXTILE ITEMS,,,34813,125173,,12.64,12.52,Import,2024,Qtr 4,December,1
2635,"AGRICULTURAL & OTHER
 CHEMICALS GROUP",, FERTILIZER MANUFACTURED,MT,91720,16166,58126,507.42,674.97,674.08,Import,2024,Qtr 4,December,1
2636,"AGRICULTURAL & OTHER
 CHEMICALS GROUP",, INSECTICIDES,MT,2899,3195,11486,48.53,12.88,12.74,Import,2024,Qtr 4,December,1
2637,"AGRICULTURAL & OTHER
 CHEMICALS GROUP",, PLASTIC MATERIALS,MT,196821,65636,235998,12,11.03,10.91,Import,2024,Qtr 4,December,1
2638,"AGRICULTURAL & OTHER
 CHEMICALS GROUP",, MEDICINAL PRODUCTS,MT,3256,28247,101565,6.3,-2.77,-2.88,Import,2024,Qtr 4,December,1
2639,"AGRICULTURAL & OTHER
 CHEMICALS GROUP",, OTHERS,,,105741,380200,,27.34,27.2,Import,2024,Qtr 4,December,1
2641,METAL GROUP,, GOLD,KG,35,843,3030,-60.39,-50.04,-50.11,Import,2024,Qtr 4,December,1
2642,METAL GROUP,, IRON AND STEEL SCRAP,MT,201165,23671,85112,-9.44,-14.02,-14.11,Import,2024,Qtr 4,December,1
2643,METAL GROUP,, IRON AND STEEL,MT,209767,41961,150873,-15.67,-7.24,-7.34,Import,2024,Qtr 4,December,1
2644,METAL GROUP,, ALUMINIUM WROUGHT & WORKED,,,4322,15542,,31.78,31.63,Import,2024,Qtr 4,December,1
2645,METAL GROUP,, ALL OTHER METALS & ARTICALS,,,27734,99721,,36.76,36.61,Import,2024,Qtr 4,December,1
2647,MISCELLANEOUS GROUP,, RUBBER CRUDE INCL  SYNTH/RECLAIMED,MT,42047,6544,23530,22,8.35,8.22,Import,2024,Qtr 4,December,1
2648,MISCELLANEOUS GROUP,, RUBBER TYRES & TUBES,NO,471970,3167,11387,-8.23,-1.95,-2.06,Import,2024,Qtr 4,December,1
2649,MISCELLANEOUS GROUP,, WOOD & CORK,,,2396,8615,,25.06,24.91,Import,2024,Qtr 4,December,1
2650,MISCELLANEOUS GROUP,, JUTE,MT,5710,1326,4769,443.3,528.66,526.68,Import,2024,Qtr 4,December,1
2651,MISCELLANEOUS GROUP,, PAPER & PAPER BOARD & MANUF THEREOF,MT,29978,8686,31231,-7.83,-0.75,-0.86,Import,2024,Qtr 4,December,1
2652,MISCELLANEOUS GROUP,,ALL OTHERS ITEMS,,,90335,324802,,13.79,13.66,Import,2024,Qtr 4,December,1
2655,FOOD GROUP,," MILK,CREAM & MILK FOOD FOR INFANTS",MT,2563,1714,6138,20.83,-8.79,-8.42,Import,2024,Qtr 1,February,1
2656,FOOD GROUP,, WHEAT UNMILLED,MT,778112,63218,226439,26.9,27.88,28.4,Import,2024,Qtr 1,February,1
2657,FOOD GROUP,, DRY FRUITS & NUTS,MT,7626,1570,5622,-29.19,-29.16,-28.86,Import,2024,Qtr 1,February,1
2658,FOOD GROUP,, TEA,MT,18685,12638,45269,-15.35,-18.01,-17.67,Import,2024,Qtr 1,February,1
2659,FOOD GROUP,, SPICES,MT,15371,4589,16438,-1.09,-17.03,-16.69,Import,2024,Qtr 1,February,1
2660,FOOD GROUP,, SOYABEAN OIL,MT,5505,1584,5674,-34.07,-36.09,-35.84,Import,2024,Qtr 1,February,1
2661,FOOD GROUP,, PALM OIL,MT,224074,55579,199078,-10.23,-11.21,-10.85,Import,2024,Qtr 1,February,1
2662,FOOD GROUP,, SUGAR,MT,315,103,368,-28.56,-10.85,-10.46,Import,2024,Qtr 1,February,1
2663,FOOD GROUP,, PULSES (LEGUMINOUS VEGETABLES),MT,77840,15619,55945,-1.35,-5.7,-5.32,Import,2024,Qtr 1,February,1
2664,FOOD GROUP,, ALL OTHERS FOOD ITEMS,,,49931,178848,,-13.95,-13.6,Import,2024,Qtr 1,February,1
2666,MACHINERY GROUP,, POWER GENERATING MACHINERY,,,6376,22838,,-35.79,-35.53,Import,2024,Qtr 1,February,1
2667,MACHINERY GROUP,, OFFICE MACHINE INCL DATA PROC EQUIP;,,,9276,33227,,-20.03,-19.71,Import,2024,Qtr 1,February,1
2668,MACHINERY GROUP,, TEXTILE MACHINERY,,,4094,14663,,31.95,32.49,Import,2024,Qtr 1,February,1
2669,MACHINERY GROUP,, CONSTRUCTION & MINING MACHINERY,,,2127,7620,,-14.41,-14.05,Import,2024,Qtr 1,February,1
2670,MACHINERY GROUP,, ELECTRICAL MACHINERY & APPARATUS,,,74996,268626,,-4.62,-4.23,Import,2024,Qtr 1,February,1
2672,MACHINERY GROUP, TELE COM, MOBILE PHONE,,,44920,160899,,-17.79,-17.46,Import,2024,Qtr 1,February,1
2673,MACHINERY GROUP, TELE COM, OTHER APPARATUS,,,8544,30605,,-19.32,-18.99,Import,2024,Qtr 1,February,1
2674,MACHINERY GROUP,, AGRICULTURAL MACHINERY & IMPLEMENTS,,,1229,4404,,-63.37,-63.22,Import,2024,Qtr 1,February,1
2675,MACHINERY GROUP,, OTHER MACHINERY,,,41039,146997,,13.89,14.36,Import,2024,Qtr 1,February,1
2679,TRANSPORT GROUP," ROAD MOTOR VEH  (BUILD UNIT,CKD/SKD)","CBU-BUSES,TRUCKS & OTH  HEAVY VEHICLES",,,439,1573,,-78.42,-78.32,Import,2024,Qtr 1,February,1
2680,TRANSPORT GROUP," ROAD MOTOR VEH  (BUILD UNIT,CKD/SKD)",CBU-MOTOR CARS,,,7322,26226,,-18.68,-18.34,Import,2024,Qtr 1,February,1
2681,TRANSPORT GROUP," ROAD MOTOR VEH  (BUILD UNIT,CKD/SKD)",CBU-MOTOR CYCLES,,,58,207,,62.53,62.99,Import,2024,Qtr 1,February,1
2683,TRANSPORT GROUP," ROAD MOTOR VEH  (BUILD UNIT,CKD/SKD)","CKD/SKD-BUSES,TRUCKS & OTH  HEAVY VEHICLES",,,3487,12491,,26.44,26.95,Import,2024,Qtr 1,February,1
2684,TRANSPORT GROUP," ROAD MOTOR VEH  (BUILD UNIT,CKD/SKD)",CKD/SKD-MOTOR CARS,,,14285,51166,,36.79,37.34,Import,2024,Qtr 1,February,1
2685,TRANSPORT GROUP," ROAD MOTOR VEH  (BUILD UNIT,CKD/SKD)",CKD/SKD-MOTOR CYCLES,,,1019,3651,,-0.51,-0.11,Import,2024,Qtr 1,February,1
2686,TRANSPORT GROUP," ROAD MOTOR VEH  (BUILD UNIT,CKD/SKD)",PARTS & ACCESSORIES,,,5309,19016,,-11.17,-10.81,Import,2024,Qtr 1,February,1
2687,TRANSPORT GROUP," ROAD MOTOR VEH  (BUILD UNIT,CKD/SKD)",OTHERS,,,546,1956,,-69.91,-69.79,Import,2024,Qtr 1,February,1
2688,TRANSPORT GROUP,,"AIRCRAFTS, SHIPS AND BOATS",,,4601,16481,,-4.11,-3.72,Import,2024,Qtr 1,February,1
2689,TRANSPORT GROUP,,OTHERS TRANSPORT EQUIPMENTS,,,439,1572,,423.85,425.75,Import,2024,Qtr 1,February,1
2691,PETROLEUM GROUP,, PETROLEUM PRODUCTS,MT,795054,137143,491234,714276,14.42,14.89,Import,2024,Qtr 1,February,1
2692,PETROLEUM GROUP,, PETROLEUM CRUDE,MT,575552,104278,373512,599075,1.5,1.92,Import,2024,Qtr 1,February,1
2693,PETROLEUM GROUP,,"NATURAL GAS, LIQUIFIED",,,88732,317830,,-28.89,-28.6,Import,2024,Qtr 1,February,1
2694,PETROLEUM GROUP,," PETROLEUM GAS, LIQUIFIED",,,17697,63390,,-27.7,-27.41,Import,2024,Qtr 1,February,1
2695,PETROLEUM GROUP,, OTHERS,,,8,30,,503.07,500,Import,2024,Qtr 1,February,1
2697,TEXTILE GROUP,, RAW COTTON,MT,5416,3405,12198,7048,-26,-25.7,Import,2024,Qtr 1,February,1
2698,TEXTILE GROUP,, SYNTHETIC FIBRE,MT,25080,10591,37936,27022,-15.89,-15.55,Import,2024,Qtr 1,February,1
2699,TEXTILE GROUP,, SYNTHETIC & ARTIFICIAL SILK YARN,MT,27122,12091,43310,32853,-21.23,-20.91,Import,2024,Qtr 1,February,1
2700,TEXTILE GROUP,, WORN CLOTHING,MT,67311,8315,29782,74414,-10.1,-9.73,Import,2024,Qtr 1,February,1
2701,TEXTILE GROUP,, OTHR TEXTILE ITEMS,,,17390,62290,,-7.5,-7.12,Import,2024,Qtr 1,February,1
2703,"AGRICULTURAL & OTHER
 CHEMICALS GROUP",, FERTILIZER MANUFACTURED,MT,69541,8898,31870,394536,-82.24,-82.17,Import,2024,Qtr 1,February,1
2704,"AGRICULTURAL & OTHER
 CHEMICALS GROUP",, INSECTICIDES,MT,3870,4835,17318,2820,1.06,1.48,Import,2024,Qtr 1,February,1
2705,"AGRICULTURAL & OTHER
 CHEMICALS GROUP",, PLASTIC MATERIALS,MT,153740,51018,182742,169878,-11.15,-10.78,Import,2024,Qtr 1,February,1
2706,"AGRICULTURAL & OTHER
 CHEMICALS GROUP",, MEDICINAL PRODUCTS,MT,3100,23333,83575,3839,-16.47,-16.12,Import,2024,Qtr 1,February,1
2707,"AGRICULTURAL & OTHER
 CHEMICALS GROUP",, OTHERS,,,95144,340796,,0.13,0.54,Import,2024,Qtr 1,February,1
2709,METAL GROUP,, GOLD,KG,33,613,2196,19,71.65,72.37,Import,2024,Qtr 1,February,1
2710,METAL GROUP,, IRON AND STEEL SCRAP,MT,254170,31906,114284,222529,14.05,14.52,Import,2024,Qtr 1,February,1
2711,METAL GROUP,, IRON AND STEEL,MT,189725,38410,137579,215724,-12.3,-11.95,Import,2024,Qtr 1,February,1
2712,METAL GROUP,, ALUMINIUM WROUGHT & WORKED,,,4836,17323,,-7.12,-6.74,Import,2024,Qtr 1,February,1
2713,METAL GROUP,, ALL OTHER METALS & ARTICALS,,,24097,86312,,19.05,19.53,Import,2024,Qtr 1,February,1
2715,MISCELLANEOUS GROUP,, RUBBER CRUDE INCL  SYNTH/RECLAIMED,MT,39037,5534,19821,40462,1.12,1.54,Import,2024,Qtr 1,February,1
2716,MISCELLANEOUS GROUP,, RUBBER TYRES & TUBES,NO,277737,2506,8974,407057,-5.92,-5.54,Import,2024,Qtr 1,February,1
2717,MISCELLANEOUS GROUP,, WOOD & CORK,,,1546,5537,,-7.19,-6.82,Import,2024,Qtr 1,February,1
2718,MISCELLANEOUS GROUP,, JUTE,MT,2184,348,1246,1588,17.69,18.22,Import,2024,Qtr 1,February,1
2719,MISCELLANEOUS GROUP,, PAPER & PAPER BOARD & MANUF THEREOF,MT,30519,9142,32745,36276,-12.83,-12.47,Import,2024,Qtr 1,February,1
2720,MISCELLANEOUS GROUP,,ALL OTHERS ITEMS,,,69143,247664,,-22.16,-21.84,Import,2024,Qtr 1,February,1
2723,FOOD GROUP,," MILK,CREAM & MILK FOOD FOR INFANTS",MT,2121,1879,6702,-45.42,-28.89,-28.13,Import,2024,Qtr 1,January,1
2724,FOOD GROUP,, WHEAT UNMILLED,MT,613147,49434,176348,96.27,96.92,99.01,Import,2024,Qtr 1,January,1
2725,FOOD GROUP,, DRY FRUITS & NUTS,MT,10771,2215,7903,-9.99,-8.56,-7.6,Import,2024,Qtr 1,January,1
2726,FOOD GROUP,, TEA,MT,22072,15414,54985,-5.45,-7.58,-6.6,Import,2024,Qtr 1,January,1
2727,FOOD GROUP,, SPICES,MT,15541,5531,19731,4.58,8.5,9.65,Import,2024,Qtr 1,January,1
2728,FOOD GROUP,, SOYABEAN OIL,MT,8350,2479,8843,-5.7,-5.99,-4.99,Import,2024,Qtr 1,January,1
2729,FOOD GROUP,, PALM OIL,MT,249617,62595,223296,5.11,3.78,4.88,Import,2024,Qtr 1,January,1
2730,FOOD GROUP,, SUGAR,MT,441,115,411,316.03,217.63,221.09,Import,2024,Qtr 1,January,1
2731,FOOD GROUP,, PULSES (LEGUMINOUS VEGETABLES),MT,78904,16563,59087,2.5,10.49,11.66,Import,2024,Qtr 1,January,1
2732,FOOD GROUP,, ALL OTHERS FOOD ITEMS,,,58027,207003,,37.9,39.36,Import,2024,Qtr 1,January,1
2734,MACHINERY GROUP,, POWER GENERATING MACHINERY,,,9930,35422,,15.88,17.11,Import,2024,Qtr 1,January,1
2735,MACHINERY GROUP,, OFFICE MACHINE INCL DATA PROC EQUIP;,,,11600,41382,,1.83,2.91,Import,2024,Qtr 1,January,1
2736,MACHINERY GROUP,, TEXTILE MACHINERY,,,3102,11067,,-9.67,-8.72,Import,2024,Qtr 1,January,1
2737,MACHINERY GROUP,, CONSTRUCTION & MINING MACHINERY,,,2485,8866,,35.98,37.41,Import,2024,Qtr 1,January,1
2738,MACHINERY GROUP,, ELECTRICAL MACHINERY & APPARATUS,,,78626,280485,,23.49,24.81,Import,2024,Qtr 1,January,1
2740,MACHINERY GROUP, TELE COM, MOBILE PHONE,,,54642,194928,,9.53,10.7,Import,2024,Qtr 1,January,1
2741,MACHINERY GROUP, TELE COM, OTHER APPARATUS,,,10591,37781,,-6.94,-5.95,Import,2024,Qtr 1,January,1
2742,MACHINERY GROUP,, AGRICULTURAL MACHINERY & IMPLEMENTS,,,3356,11973,,146.3,148.92,Import,2024,Qtr 1,January,1
2743,MACHINERY GROUP,, OTHER MACHINERY,,,36032,128540,,-6.26,-5.26,Import,2024,Qtr 1,January,1
2747,TRANSPORT GROUP," ROAD MOTOR VEH  (BUILD UNIT,CKD/SKD)","CBU-BUSES,TRUCKS & OTH  HEAVY VEHICLES",,,2034,7256,,-1.91,-0.86,Import,2024,Qtr 1,January,1
2748,TRANSPORT GROUP," ROAD MOTOR VEH  (BUILD UNIT,CKD/SKD)",CBU-MOTOR CARS,,,9003,32118,,55.3,56.95,Import,2024,Qtr 1,January,1
2749,TRANSPORT GROUP," ROAD MOTOR VEH  (BUILD UNIT,CKD/SKD)",CBU-MOTOR CYCLES,,,36,127,,-26.51,-25.73,Import,2024,Qtr 1,January,1
2751,TRANSPORT GROUP," ROAD MOTOR VEH  (BUILD UNIT,CKD/SKD)","CKD/SKD-BUSES,TRUCKS & OTH  HEAVY VEHICLES",,,2758,9839,,-15.93,-15.04,Import,2024,Qtr 1,January,1
2752,TRANSPORT GROUP," ROAD MOTOR VEH  (BUILD UNIT,CKD/SKD)",CKD/SKD-MOTOR CARS,,,10443,37254,,-64.65,-64.28,Import,2024,Qtr 1,January,1
2753,TRANSPORT GROUP," ROAD MOTOR VEH  (BUILD UNIT,CKD/SKD)",CKD/SKD-MOTOR CYCLES,,,1025,3655,,31.03,32.43,Import,2024,Qtr 1,January,1
2754,TRANSPORT GROUP," ROAD MOTOR VEH  (BUILD UNIT,CKD/SKD)",PARTS & ACCESSORIES,,,5977,21320,,-7.56,-6.59,Import,2024,Qtr 1,January,1
2755,TRANSPORT GROUP," ROAD MOTOR VEH  (BUILD UNIT,CKD/SKD)",OTHERS,,,1815,6475,,175.13,178.02,Import,2024,Qtr 1,January,1
2756,TRANSPORT GROUP,,"AIRCRAFTS, SHIPS AND BOATS",,,4798,17118,,83.23,85.18,Import,2024,Qtr 1,January,1
2757,TRANSPORT GROUP,,OTHERS TRANSPORT EQUIPMENTS,,,84,299,,-57.28,-56.79,Import,2024,Qtr 1,January,1
2759,PETROLEUM GROUP,, PETROLEUM PRODUCTS,MT,714276,119858,427573,-8.47,-20.57,-19.72,Import,2024,Qtr 1,January,1
2760,PETROLEUM GROUP,, PETROLEUM CRUDE,MT,599075,102735,366492,-35,-35.08,-34.4,Import,2024,Qtr 1,January,1
2761,PETROLEUM GROUP,,"NATURAL GAS, LIQUIFIED",,,124784,445148,,13.94,15.15,Import,2024,Qtr 1,January,1
2762,PETROLEUM GROUP,," PETROLEUM GAS, LIQUIFIED",,,24478,87322,,16.72,17.96,Import,2024,Qtr 1,January,1
2763,PETROLEUM GROUP,, OTHERS,,,1,5,,-58.8,-58.33,Import,2024,Qtr 1,January,1
2765,TEXTILE GROUP,, RAW COTTON,MT,7048,4602,16417,0.45,5.63,6.76,Import,2024,Qtr 1,January,1
2766,TEXTILE GROUP,, SYNTHETIC FIBRE,MT,27022,12592,44921,59.17,60.84,62.55,Import,2024,Qtr 1,January,1
2767,TEXTILE GROUP,, SYNTHETIC & ARTIFICIAL SILK YARN,MT,32853,15350,54758,4.46,4.94,6.06,Import,2024,Qtr 1,January,1
2768,TEXTILE GROUP,, WORN CLOTHING,MT,74414,9248,32992,-14.58,-18.26,-17.39,Import,2024,Qtr 1,January,1
2769,TEXTILE GROUP,, OTHR TEXTILE ITEMS,,,18800,67066,,-2.69,-1.66,Import,2024,Qtr 1,January,1
2771,"AGRICULTURAL & OTHER
 CHEMICALS GROUP",, FERTILIZER MANUFACTURED,MT,394536,50102,178731,196.27,145.86,148.48,Import,2024,Qtr 1,January,1
2772,"AGRICULTURAL & OTHER
 CHEMICALS GROUP",, INSECTICIDES,MT,2820,4784,17066,32.19,66.54,68.3,Import,2024,Qtr 1,January,1
2773,"AGRICULTURAL & OTHER
 CHEMICALS GROUP",, PLASTIC MATERIALS,MT,169878,57418,204831,10.62,9.96,11.13,Import,2024,Qtr 1,January,1
2774,"AGRICULTURAL & OTHER
 CHEMICALS GROUP",, MEDICINAL PRODUCTS,MT,3839,27932,99642,-35.82,-1.06,-0.01,Import,2024,Qtr 1,January,1
2775,"AGRICULTURAL & OTHER
 CHEMICALS GROUP",, OTHERS,,,95020,338968,,-2.09,-1.05,Import,2024,Qtr 1,January,1
2777,METAL GROUP,, GOLD,KG,19,357,1274,58.33,61.72,63.33,Import,2024,Qtr 1,January,1
2778,METAL GROUP,, IRON AND STEEL SCRAP,MT,222529,27975,99795,-7.57,-8.06,-7.08,Import,2024,Qtr 1,January,1
2779,METAL GROUP,, IRON AND STEEL,MT,215724,43799,156245,4.61,5.15,6.27,Import,2024,Qtr 1,January,1
2780,METAL GROUP,, ALUMINIUM WROUGHT & WORKED,,,5207,18574,,37.81,39.27,Import,2024,Qtr 1,January,1
2781,METAL GROUP,, ALL OTHER METALS & ARTICALS,,,20241,72207,,2.54,3.63,Import,2024,Qtr 1,January,1
2783,MISCELLANEOUS GROUP,, RUBBER CRUDE INCL  SYNTH/RECLAIMED,MT,40462,5472,19521,7.89,-2.93,-1.9,Import,2024,Qtr 1,January,1
2784,MISCELLANEOUS GROUP,, RUBBER TYRES & TUBES,NO,407057,2663,9500,-8.58,-17.11,-16.23,Import,2024,Qtr 1,January,1
2785,MISCELLANEOUS GROUP,, WOOD & CORK,,,1666,5942,,-44.22,-43.62,Import,2024,Qtr 1,January,1
2786,MISCELLANEOUS GROUP,, JUTE,MT,1588,295,1054,-40.8,-37.43,-36.77,Import,2024,Qtr 1,January,1
2787,MISCELLANEOUS GROUP,, PAPER & PAPER BOARD & MANUF THEREOF,MT,36276,10487,37410,7.42,17.38,18.62,Import,2024,Qtr 1,January,1
2788,MISCELLANEOUS GROUP,,ALL OTHERS ITEMS,,,88825,316870,,-0.36,0.7,Import,2024,Qtr 1,January,1
2791,FOOD GROUP,," MILK,CREAM & MILK FOOD FOR INFANTS",MT,1955,2049,7360,-36.19,-36.52,-36.51,Import,2024,Qtr 3,July,1
2792,FOOD GROUP,, WHEAT UNMILLED,MT,0,0,0,0,0,0,Import,2024,Qtr 3,July,1
2793,FOOD GROUP,, DRY FRUITS & NUTS,MT,5258,1618,5813,24.54,56.8,56.83,Import,2024,Qtr 3,July,1
2794,FOOD GROUP,, TEA,MT,16880,11120,39943,-14.65,-24.48,-24.46,Import,2024,Qtr 3,July,1
2795,FOOD GROUP,, SPICES,MT,17213,5571,20013,-0.22,2.73,2.74,Import,2024,Qtr 3,July,1
2796,FOOD GROUP,, SOYABEAN OIL,MT,1000,283,1017,-87.1,-86.45,-86.45,Import,2024,Qtr 3,July,1
2797,FOOD GROUP,, PALM OIL,MT,256460,66792,239921,-0.42,-2.89,-2.88,Import,2024,Qtr 3,July,1
2798,FOOD GROUP,, SUGAR,MT,280,83,297,97.19,98.91,98.82,Import,2024,Qtr 3,July,1
2799,FOOD GROUP,, PULSES (LEGUMINOUS VEGETABLES),MT,96280,18551,66638,88.56,69.99,70.01,Import,2024,Qtr 3,July,1
2800,FOOD GROUP,, ALL OTHERS FOOD ITEMS,,,36037,129447,,-14.99,-14.98,Import,2024,Qtr 3,July,1
2802,MACHINERY GROUP,, POWER GENERATING MACHINERY,,,8713,31299,,-42.91,-42.9,Import,2024,Qtr 3,July,1
2803,MACHINERY GROUP,, OFFICE MACHINE INCL DATA PROC EQUIP;,,,8000,28737,,-32.53,-32.51,Import,2024,Qtr 3,July,1
2804,MACHINERY GROUP,, TEXTILE MACHINERY,,,5197,18669,,10.88,10.9,Import,2024,Qtr 3,July,1
2805,MACHINERY GROUP,, CONSTRUCTION & MINING MACHINERY,,,2480,8909,,14.07,14.1,Import,2024,Qtr 3,July,1
2806,MACHINERY GROUP,, ELECTRICAL MACHINERY & APPARATUS,,,95800,344121,,9.24,9.26,Import,2024,Qtr 3,July,1
2808,MACHINERY GROUP, TELE COM, MOBILE PHONE,,,17957,64504,,-76.85,-76.84,Import,2024,Qtr 3,July,1
2809,MACHINERY GROUP, TELE COM, OTHER APPARATUS,,,10602,38083,,-8.29,-8.28,Import,2024,Qtr 3,July,1
2810,MACHINERY GROUP,, AGRICULTURAL MACHINERY & IMPLEMENTS,,,1799,6461,,-32.09,-32.08,Import,2024,Qtr 3,July,1
2811,MACHINERY GROUP,, OTHER MACHINERY,,,37927,136238,,7.91,7.93,Import,2024,Qtr 3,July,1
2815,TRANSPORT GROUP," ROAD MOTOR VEH  (BUILD UNIT,CKD/SKD)","CBU-BUSES,TRUCKS & OTH  HEAVY VEHICLES",,,742,2665,,-82.96,-82.96,Import,2024,Qtr 3,July,1
2816,TRANSPORT GROUP," ROAD MOTOR VEH  (BUILD UNIT,CKD/SKD)",CBU-MOTOR CARS,,,6485,23294,,-30.97,-30.96,Import,2024,Qtr 3,July,1
2817,TRANSPORT GROUP," ROAD MOTOR VEH  (BUILD UNIT,CKD/SKD)",CBU-MOTOR CYCLES,,,26,93,,-72.6,-72.51,Import,2024,Qtr 3,July,1
2819,TRANSPORT GROUP," ROAD MOTOR VEH  (BUILD UNIT,CKD/SKD)","CKD/SKD-BUSES,TRUCKS & OTH  HEAVY VEHICLES",,,5360,19254,,-43.23,-43.22,Import,2024,Qtr 3,July,1
2820,TRANSPORT GROUP," ROAD MOTOR VEH  (BUILD UNIT,CKD/SKD)",CKD/SKD-MOTOR CARS,,,9543,34278,,-66.98,-66.97,Import,2024,Qtr 3,July,1
2821,TRANSPORT GROUP," ROAD MOTOR VEH  (BUILD UNIT,CKD/SKD)",CKD/SKD-MOTOR CYCLES,,,780,2802,,14.19,14.23,Import,2024,Qtr 3,July,1
2822,TRANSPORT GROUP," ROAD MOTOR VEH  (BUILD UNIT,CKD/SKD)",PARTS & ACCESSORIES,,,7367,26464,,30.48,30.5,Import,2024,Qtr 3,July,1
2823,TRANSPORT GROUP," ROAD MOTOR VEH  (BUILD UNIT,CKD/SKD)",OTHERS,,,649,2331,,-31.37,-31.36,Import,2024,Qtr 3,July,1
2824,TRANSPORT GROUP,,"AIRCRAFTS, SHIPS AND BOATS",,,1,5,,-99.93,-99.93,Import,2024,Qtr 3,July,1
2825,TRANSPORT GROUP,,OTHERS TRANSPORT EQUIPMENTS,,,954,3425,,-91.49,-91.49,Import,2024,Qtr 3,July,1
2827,PETROLEUM GROUP,, PETROLEUM PRODUCTS,MT,825619,138922,499017,-26.43,-27.11,-27.1,Import,2024,Qtr 3,July,1
2828,PETROLEUM GROUP,, PETROLEUM CRUDE,MT,587795,100512,361046,-25.17,-22.08,-22.07,Import,2024,Qtr 3,July,1
2829,PETROLEUM GROUP,,"NATURAL GAS, LIQUIFIED",,,92461,332124,,-9.9,-9.88,Import,2024,Qtr 3,July,1
2830,PETROLEUM GROUP,," PETROLEUM GAS, LIQUIFIED",,,20618,74062,,34.68,34.7,Import,2024,Qtr 3,July,1
2831,PETROLEUM GROUP,, OTHERS,,,6,22,,293.37,287.8,Import,2024,Qtr 3,July,1
2833,TEXTILE GROUP,, RAW COTTON,MT,17671,10407,37383,-52.22,-52.34,-52.33,Import,2024,Qtr 3,July,1
2834,TEXTILE GROUP,, SYNTHETIC FIBRE,MT,26916,11095,39855,-20.22,-25.9,-25.89,Import,2024,Qtr 3,July,1
2835,TEXTILE GROUP,, SYNTHETIC & ARTIFICIAL SILK YARN,MT,27468,13445,48296,-8.11,-3.46,-3.44,Import,2024,Qtr 3,July,1
2836,TEXTILE GROUP,, WORN CLOTHING,MT,83146,10535,37842,-10.2,-5.62,-5.6,Import,2024,Qtr 3,July,1
2837,TEXTILE GROUP,, OTHR TEXTILE ITEMS,,,19583,70344,,-9.28,-9.26,Import,2024,Qtr 3,July,1
2839,"AGRICULTURAL & OTHER
 CHEMICALS GROUP",, FERTILIZER MANUFACTURED,MT,83261,13099,47052,62.83,171.7,171.75,Import,2024,Qtr 3,July,1
2840,"AGRICULTURAL & OTHER
 CHEMICALS GROUP",, INSECTICIDES,MT,1978,3212,11537,-16.83,-16.75,-16.74,Import,2024,Qtr 3,July,1
2841,"AGRICULTURAL & OTHER
 CHEMICALS GROUP",, PLASTIC MATERIALS,MT,154775,53555,192375,0.56,1.23,1.25,Import,2024,Qtr 3,July,1
2842,"AGRICULTURAL & OTHER
 CHEMICALS GROUP",, MEDICINAL PRODUCTS,MT,2959,22721,81615,11.79,-2.13,-2.12,Import,2024,Qtr 3,July,1
2843,"AGRICULTURAL & OTHER
 CHEMICALS GROUP",, OTHERS,,,108608,390129,,6.61,6.63,Import,2024,Qtr 3,July,1
2845,METAL GROUP,, GOLD,KG,28,611,2196,0,0,0,Import,2024,Qtr 3,July,1
2846,METAL GROUP,, IRON AND STEEL SCRAP,MT,210786,26674,95814,-3.75,-2.64,-2.63,Import,2024,Qtr 3,July,1
2847,METAL GROUP,, IRON AND STEEL,MT,240779,45397,163070,-8.63,-6.78,-6.77,Import,2024,Qtr 3,July,1
2848,METAL GROUP,, ALUMINIUM WROUGHT & WORKED,,,3370,12104,,-22.96,-22.95,Import,2024,Qtr 3,July,1
2849,METAL GROUP,, ALL OTHER METALS & ARTICALS,,,22500,80820,,-5.24,-5.23,Import,2024,Qtr 3,July,1
2851,MISCELLANEOUS GROUP,, RUBBER CRUDE INCL  SYNTH/RECLAIMED,MT,46549,7087,25457,32.14,12.47,12.49,Import,2024,Qtr 3,July,1
2852,MISCELLANEOUS GROUP,, RUBBER TYRES & TUBES,NO,722819,4354,15640,93.38,58.8,58.83,Import,2024,Qtr 3,July,1
2853,MISCELLANEOUS GROUP,, WOOD & CORK,,,2567,9219,,12.63,12.65,Import,2024,Qtr 3,July,1
2854,MISCELLANEOUS GROUP,, JUTE,MT,2197,404,1450,-11.13,-13.98,-13.97,Import,2024,Qtr 3,July,1
2855,MISCELLANEOUS GROUP,, PAPER & PAPER BOARD & MANUF THEREOF,MT,35249,10055,36118,-12.81,-0.49,-0.48,Import,2024,Qtr 3,July,1
2856,MISCELLANEOUS GROUP,,ALL OTHERS ITEMS,,,86791,311760,,10.43,10.45,Import,2024,Qtr 3,July,1
2859,FOOD GROUP,," MILK,CREAM & MILK FOOD FOR INFANTS",MT,3940,3228,11593,4.93,-24.18,-24.23,Import,2024,Qtr 2,June,1
2860,FOOD GROUP,, WHEAT UNMILLED,MT,0,0,0,0,0,0,Import,2024,Qtr 2,June,1
2861,FOOD GROUP,, DRY FRUITS & NUTS,MT,4181,1032,3707,-51.73,-44.61,-44.64,Import,2024,Qtr 2,June,1
2862,FOOD GROUP,, TEA,MT,20412,14724,52879,-2.72,-6.07,-6.13,Import,2024,Qtr 2,June,1
2863,FOOD GROUP,, SPICES,MT,17237,5424,19478,-18.55,-22.91,-22.96,Import,2024,Qtr 2,June,1
2864,FOOD GROUP,, SOYABEAN OIL,MT,7750,2090,7506,99.24,37.77,37.68,Import,2024,Qtr 2,June,1
2865,FOOD GROUP,, PALM OIL,MT,257530,68781,247025,7.16,7.01,6.94,Import,2024,Qtr 2,June,1
2866,FOOD GROUP,, SUGAR,MT,142,42,149,-58.84,-53.13,-53.28,Import,2024,Qtr 2,June,1
2867,FOOD GROUP,, PULSES (LEGUMINOUS VEGETABLES),MT,50020,10914,39196,-22.54,-18.33,-18.38,Import,2024,Qtr 2,June,1
2868,FOOD GROUP,, ALL OTHERS FOOD ITEMS,,,42392,152249,,-7.13,-7.19,Import,2024,Qtr 2,June,1
2870,MACHINERY GROUP,, POWER GENERATING MACHINERY,,,15264,54819,,30.63,30.54,Import,2024,Qtr 2,June,1
2871,MACHINERY GROUP,, OFFICE MACHINE INCL DATA PROC EQUIP;,,,11856,42582,,23.73,23.64,Import,2024,Qtr 2,June,1
2872,MACHINERY GROUP,, TEXTILE MACHINERY,,,4687,16834,,17.56,17.48,Import,2024,Qtr 2,June,1
2873,MACHINERY GROUP,, CONSTRUCTION & MINING MACHINERY,,,2174,7809,,-43.25,-43.29,Import,2024,Qtr 2,June,1
2874,MACHINERY GROUP,, ELECTRICAL MACHINERY & APPARATUS,,,87700,314970,,-14.73,-14.79,Import,2024,Qtr 2,June,1
2876,MACHINERY GROUP, TELE COM, MOBILE PHONE,,,77566,278574,,76.89,76.77,Import,2024,Qtr 2,June,1
2877,MACHINERY GROUP, TELE COM, OTHER APPARATUS,,,11561,41520,,-23.05,-23.1,Import,2024,Qtr 2,June,1
2878,MACHINERY GROUP,, AGRICULTURAL MACHINERY & IMPLEMENTS,,,2649,9513,,-23.96,-24.01,Import,2024,Qtr 2,June,1
2879,MACHINERY GROUP,, OTHER MACHINERY,,,35160,126274,,-15.75,-15.81,Import,2024,Qtr 2,June,1
2883,TRANSPORT GROUP," ROAD MOTOR VEH  (BUILD UNIT,CKD/SKD)","CBU-BUSES,TRUCKS & OTH  HEAVY VEHICLES",,,4354,15637,,28.98,28.89,Import,2024,Qtr 2,June,1
2884,TRANSPORT GROUP," ROAD MOTOR VEH  (BUILD UNIT,CKD/SKD)",CBU-MOTOR CARS,,,9394,33739,,22.14,22.06,Import,2024,Qtr 2,June,1
2885,TRANSPORT GROUP," ROAD MOTOR VEH  (BUILD UNIT,CKD/SKD)",CBU-MOTOR CYCLES,,,94,338,,15.39,15.2,Import,2024,Qtr 2,June,1
2887,TRANSPORT GROUP," ROAD MOTOR VEH  (BUILD UNIT,CKD/SKD)","CKD/SKD-BUSES,TRUCKS & OTH  HEAVY VEHICLES",,,9442,33909,,73.81,73.69,Import,2024,Qtr 2,June,1
2888,TRANSPORT GROUP," ROAD MOTOR VEH  (BUILD UNIT,CKD/SKD)",CKD/SKD-MOTOR CARS,,,28898,103785,,33.45,33.36,Import,2024,Qtr 2,June,1
2889,TRANSPORT GROUP," ROAD MOTOR VEH  (BUILD UNIT,CKD/SKD)",CKD/SKD-MOTOR CYCLES,,,683,2453,,9.16,9.09,Import,2024,Qtr 2,June,1
2890,TRANSPORT GROUP," ROAD MOTOR VEH  (BUILD UNIT,CKD/SKD)",PARTS & ACCESSORIES,,,5646,20278,,10.85,10.78,Import,2024,Qtr 2,June,1
2891,TRANSPORT GROUP," ROAD MOTOR VEH  (BUILD UNIT,CKD/SKD)",OTHERS,,,946,3396,,39.48,39.39,Import,2024,Qtr 2,June,1
2892,TRANSPORT GROUP,,"AIRCRAFTS, SHIPS AND BOATS",,,1970,7076,,-62.74,-62.76,Import,2024,Qtr 2,June,1
2893,TRANSPORT GROUP,,OTHERS TRANSPORT EQUIPMENTS,,,11202,40233,,5353.91,5350.05,Import,2024,Qtr 2,June,1
2895,PETROLEUM GROUP,, PETROLEUM PRODUCTS,MT,1121944,190590,684495,8.37,1.26,1.19,Import,2024,Qtr 2,June,1
2896,PETROLEUM GROUP,, PETROLEUM CRUDE,MT,785538,128995,463280,-10.75,-7.26,-7.32,Import,2024,Qtr 2,June,1
2897,PETROLEUM GROUP,,"NATURAL GAS, LIQUIFIED",,,102615,368539,,13.7,13.62,Import,2024,Qtr 2,June,1
2898,PETROLEUM GROUP,," PETROLEUM GAS, LIQUIFIED",,,15309,54982,,-28.71,-28.76,Import,2024,Qtr 2,June,1
2899,PETROLEUM GROUP,, OTHERS,,,2,6,,-85.75,-84.94,Import,2024,Qtr 2,June,1
2901,TEXTILE GROUP,, RAW COTTON,MT,36986,21834,78418,38.98,41.4,41.3,Import,2024,Qtr 2,June,1
2902,TEXTILE GROUP,, SYNTHETIC FIBRE,MT,33883,14974,53779,26.74,25.9,25.82,Import,2024,Qtr 2,June,1
2903,TEXTILE GROUP,, SYNTHETIC & ARTIFICIAL SILK YARN,MT,30166,13928,50020,-7.38,-4.59,-4.66,Import,2024,Qtr 2,June,1
2904,TEXTILE GROUP,, WORN CLOTHING,MT,89925,11162,40089,-0.66,2.45,2.38,Import,2024,Qtr 2,June,1
2905,TEXTILE GROUP,, OTHR TEXTILE ITEMS,,,21588,77532,,12.32,12.24,Import,2024,Qtr 2,June,1
2907,"AGRICULTURAL & OTHER
 CHEMICALS GROUP",, FERTILIZER MANUFACTURED,MT,52537,4821,17315,-46.78,-68.82,-68.84,Import,2024,Qtr 2,June,1
2908,"AGRICULTURAL & OTHER
 CHEMICALS GROUP",, INSECTICIDES,MT,2378,3858,13856,-47.69,-32.94,-32.98,Import,2024,Qtr 2,June,1
2909,"AGRICULTURAL & OTHER
 CHEMICALS GROUP",, PLASTIC MATERIALS,MT,154140,52924,190073,3.81,4.16,4.09,Import,2024,Qtr 2,June,1
2910,"AGRICULTURAL & OTHER
 CHEMICALS GROUP",, MEDICINAL PRODUCTS,MT,2150,23243,83477,-25.73,-28.93,-28.98,Import,2024,Qtr 2,June,1
2911,"AGRICULTURAL & OTHER
 CHEMICALS GROUP",, OTHERS,,,101876,365883,,-2.81,-2.88,Import,2024,Qtr 2,June,1
2913,METAL GROUP,, GOLD,KG,0,0,0,0,0,0,Import,2024,Qtr 2,June,1
2914,METAL GROUP,, IRON AND STEEL SCRAP,MT,216809,27398,98397,-14.38,-13.13,-13.18,Import,2024,Qtr 2,June,1
2915,METAL GROUP,, IRON AND STEEL,MT,260358,48702,174909,-6.94,-15.48,-15.54,Import,2024,Qtr 2,June,1
2916,METAL GROUP,, ALUMINIUM WROUGHT & WORKED,,,4374,15709,,30.4,30.31,Import,2024,Qtr 2,June,1
2917,METAL GROUP,, ALL OTHER METALS & ARTICALS,,,23745,85278,,6.83,6.75,Import,2024,Qtr 2,June,1
2919,MISCELLANEOUS GROUP,, RUBBER CRUDE INCL  SYNTH/RECLAIMED,MT,35248,6301,22631,-18.15,-1.23,-1.3,Import,2024,Qtr 2,June,1
2920,MISCELLANEOUS GROUP,, RUBBER TYRES & TUBES,NO,362110,2742,9847,-21.39,4.98,4.91,Import,2024,Qtr 2,June,1
2921,MISCELLANEOUS GROUP,, WOOD & CORK,,,2279,8184,,-8.24,-8.3,Import,2024,Qtr 2,June,1
2922,MISCELLANEOUS GROUP,, JUTE,MT,2471,469,1685,77.75,85.25,85.07,Import,2024,Qtr 2,June,1
2923,MISCELLANEOUS GROUP,, PAPER & PAPER BOARD & MANUF THEREOF,MT,40622,10105,36291,22.12,13.67,13.59,Import,2024,Qtr 2,June,1
2924,MISCELLANEOUS GROUP,,ALL OTHERS ITEMS,,,83793,300936,,16.74,16.66,Import,2024,Qtr 2,June,1
2927,FOOD GROUP,," MILK,CREAM & MILK FOOD FOR INFANTS",MT,2100,2464,8841,52.73,43.76,44.04,Import,2024,Qtr 1,March,1
2928,FOOD GROUP,, WHEAT UNMILLED,MT,691136,57192,205206,-11.18,-9.53,-9.38,Import,2024,Qtr 1,March,1
2929,FOOD GROUP,, DRY FRUITS & NUTS,MT,7461,1375,4934,-2.16,-12.42,-12.24,Import,2024,Qtr 1,March,1
2930,FOOD GROUP,, TEA,MT,22975,16315,58539,29.77,29.09,29.31,Import,2024,Qtr 1,March,1
2931,FOOD GROUP,, SPICES,MT,15268,4869,17470,-0.6,6.1,6.28,Import,2024,Qtr 1,March,1
2932,FOOD GROUP,, SOYABEAN OIL,MT,10250,2900,10405,86.19,83.08,83.38,Import,2024,Qtr 1,March,1
2933,FOOD GROUP,, PALM OIL,MT,304307,76343,273920,35.81,37.36,37.59,Import,2024,Qtr 1,March,1
2934,FOOD GROUP,, SUGAR,MT,193,57,205,-42.56,-44.66,-44.29,Import,2024,Qtr 1,March,1
2935,FOOD GROUP,, PULSES (LEGUMINOUS VEGETABLES),MT,96070,18504,66393,22.56,18.47,18.68,Import,2024,Qtr 1,March,1
2936,FOOD GROUP,, ALL OTHERS FOOD ITEMS,,,51073,183251,,2.29,2.46,Import,2024,Qtr 1,March,1
2938,MACHINERY GROUP,, POWER GENERATING MACHINERY,,,7877,28263,,23.54,23.76,Import,2024,Qtr 1,March,1
2939,MACHINERY GROUP,, OFFICE MACHINE INCL DATA PROC EQUIP;,,,9371,33623,,1.1,1.27,Import,2024,Qtr 1,March,1
2940,MACHINERY GROUP,, TEXTILE MACHINERY,,,2638,9465,,-35.56,-35.45,Import,2024,Qtr 1,March,1
2941,MACHINERY GROUP,, CONSTRUCTION & MINING MACHINERY,,,1622,5820,,-23.74,-23.61,Import,2024,Qtr 1,March,1
2942,MACHINERY GROUP,, ELECTRICAL MACHINERY & APPARATUS,,,117154,420351,,56.36,56.62,Import,2024,Qtr 1,March,1
2944,MACHINERY GROUP, TELE COM, MOBILE PHONE,,,42656,153051,,-5.04,-4.87,Import,2024,Qtr 1,March,1
2945,MACHINERY GROUP, TELE COM, OTHER APPARATUS,,,10031,35991,,18.54,18.74,Import,2024,Qtr 1,March,1
2946,MACHINERY GROUP,, AGRICULTURAL MACHINERY & IMPLEMENTS,,,2261,8113,,83.97,84.22,Import,2024,Qtr 1,March,1
2947,MACHINERY GROUP,, OTHER MACHINERY,,,32661,117188,,-20.41,-20.27,Import,2024,Qtr 1,March,1
2951,TRANSPORT GROUP," ROAD MOTOR VEH  (BUILD UNIT,CKD/SKD)","CBU-BUSES,TRUCKS & OTH  HEAVY VEHICLES",,,366,1313,,-16.44,-16.37,Import,2024,Qtr 1,March,1
2952,TRANSPORT GROUP," ROAD MOTOR VEH  (BUILD UNIT,CKD/SKD)",CBU-MOTOR CARS,,,5580,20021,,-23.79,-23.66,Import,2024,Qtr 1,March,1
2953,TRANSPORT GROUP," ROAD MOTOR VEH  (BUILD UNIT,CKD/SKD)",CBU-MOTOR CYCLES,,,42,151,,-27.59,-27.05,Import,2024,Qtr 1,March,1
2955,TRANSPORT GROUP," ROAD MOTOR VEH  (BUILD UNIT,CKD/SKD)","CKD/SKD-BUSES,TRUCKS & OTH  HEAVY VEHICLES",,,4811,17262,,40.1,40.35,Import,2024,Qtr 1,March,1
2956,TRANSPORT GROUP," ROAD MOTOR VEH  (BUILD UNIT,CKD/SKD)",CKD/SKD-MOTOR CARS,,,16635,59687,,18.09,18.29,Import,2024,Qtr 1,March,1
2957,TRANSPORT GROUP," ROAD MOTOR VEH  (BUILD UNIT,CKD/SKD)",CKD/SKD-MOTOR CYCLES,,,821,2946,,-19.43,-19.31,Import,2024,Qtr 1,March,1
2958,TRANSPORT GROUP," ROAD MOTOR VEH  (BUILD UNIT,CKD/SKD)",PARTS & ACCESSORIES,,,6612,23724,,20.09,20.28,Import,2024,Qtr 1,March,1
2959,TRANSPORT GROUP," ROAD MOTOR VEH  (BUILD UNIT,CKD/SKD)",OTHERS,,,780,2799,,42.86,43.1,Import,2024,Qtr 1,March,1
2960,TRANSPORT GROUP,,"AIRCRAFTS, SHIPS AND BOATS",,,325,1166,,-92.94,-92.93,Import,2024,Qtr 1,March,1
2961,TRANSPORT GROUP,,OTHERS TRANSPORT EQUIPMENTS,,,238,854,,-45.41,-45.26,Import,2024,Qtr 1,March,1
2963,PETROLEUM GROUP,, PETROLEUM PRODUCTS,MT,826012,138527,497038,3.8,1.01,1.18,Import,2024,Qtr 1,March,1
2964,PETROLEUM GROUP,, PETROLEUM CRUDE,MT,1007768,177060,635295,75.1,69.8,70.09,Import,2024,Qtr 1,March,1
2965,PETROLEUM GROUP,,"NATURAL GAS, LIQUIFIED",,,81647,292951,,-7.98,-7.83,Import,2024,Qtr 1,March,1
2966,PETROLEUM GROUP,," PETROLEUM GAS, LIQUIFIED",,,22486,80680,,27.06,27.28,Import,2024,Qtr 1,March,1
2967,PETROLEUM GROUP,, OTHERS,,,11,39,,37.5,30,Import,2024,Qtr 1,March,1
2969,TEXTILE GROUP,, RAW COTTON,MT,14196,8484,30441,162.02,149.16,149.56,Import,2024,Qtr 1,March,1
2970,TEXTILE GROUP,, SYNTHETIC FIBRE,MT,27314,11799,42335,8.89,11.41,11.6,Import,2024,Qtr 1,March,1
2971,TEXTILE GROUP,, SYNTHETIC & ARTIFICIAL SILK YARN,MT,25143,12076,43329,-7.15,-0.12,0.04,Import,2024,Qtr 1,March,1
2972,TEXTILE GROUP,, WORN CLOTHING,MT,84615,10275,36867,22.86,23.57,23.79,Import,2024,Qtr 1,March,1
2973,TEXTILE GROUP,, OTHR TEXTILE ITEMS,,,16369,58732,,-5.83,-5.68,Import,2024,Qtr 1,March,1
2975,"AGRICULTURAL & OTHER
 CHEMICALS GROUP",, FERTILIZER MANUFACTURED,MT,66093,7716,27685,-4.75,-13.28,-13.13,Import,2024,Qtr 1,March,1
2976,"AGRICULTURAL & OTHER
 CHEMICALS GROUP",, INSECTICIDES,MT,2345,4221,15145,-34.18,-12.68,-12.54,Import,2024,Qtr 1,March,1
2977,"AGRICULTURAL & OTHER
 CHEMICALS GROUP",, PLASTIC MATERIALS,MT,148912,49625,178056,-1.78,-2.16,-1.99,Import,2024,Qtr 1,March,1
2978,"AGRICULTURAL & OTHER
 CHEMICALS GROUP",, MEDICINAL PRODUCTS,MT,2700,24636,88395,8.39,6.49,6.67,Import,2024,Qtr 1,March,1
2979,"AGRICULTURAL & OTHER
 CHEMICALS GROUP",, OTHERS,,,92119,330525,,-1.7,-1.53,Import,2024,Qtr 1,March,1
2981,METAL GROUP,, GOLD,KG,0,0,0,-100,-100,-100,Import,2024,Qtr 1,March,1
2982,METAL GROUP,, IRON AND STEEL SCRAP,MT,252982,32030,114924,-0.89,0.39,0.56,Import,2024,Qtr 1,March,1
2983,METAL GROUP,, IRON AND STEEL,MT,258299,51663,185368,34.9,34.51,34.74,Import,2024,Qtr 1,March,1
2984,METAL GROUP,, ALUMINIUM WROUGHT & WORKED,,,4965,17815,,2.67,2.84,Import,2024,Qtr 1,March,1
2985,METAL GROUP,, ALL OTHER METALS & ARTICALS,,,21921,78653,,-9.03,-8.87,Import,2024,Qtr 1,March,1
2987,MISCELLANEOUS GROUP,, RUBBER CRUDE INCL  SYNTH/RECLAIMED,MT,31453,5433,19494,-20.79,-1.67,-1.5,Import,2024,Qtr 1,March,1
2988,MISCELLANEOUS GROUP,, RUBBER TYRES & TUBES,NO,354531,2634,9451,27.43,5.11,5.32,Import,2024,Qtr 1,March,1
2989,MISCELLANEOUS GROUP,, WOOD & CORK,,,2139,7675,,38.36,38.61,Import,2024,Qtr 1,March,1
2990,MISCELLANEOUS GROUP,, JUTE,MT,2459,443,1589,12.54,27.3,27.53,Import,2024,Qtr 1,March,1
2991,MISCELLANEOUS GROUP,, PAPER & PAPER BOARD & MANUF THEREOF,MT,35533,9285,33315,16.52,1.56,1.74,Import,2024,Qtr 1,March,1
2992,MISCELLANEOUS GROUP,,ALL OTHERS ITEMS,,,76935,276045,,16.89,17.09,Import,2024,Qtr 1,March,1
2995,FOOD GROUP,," MILK,CREAM & MILK FOOD FOR INFANTS",MT,5181,4257,15300,230.22,187.54,187.43,Import,2024,Qtr 2,May,1
2996,FOOD GROUP,, WHEAT UNMILLED,MT,0,0,0,-100,-100,-100,Import,2024,Qtr 2,May,1
2997,FOOD GROUP,, DRY FRUITS & NUTS,MT,8661,1863,6696,61.44,82.77,82.71,Import,2024,Qtr 2,May,1
2998,FOOD GROUP,, TEA,MT,21506,15675,56333,10.97,7.93,7.89,Import,2024,Qtr 2,May,1
2999,FOOD GROUP,, SPICES,MT,21638,7035,25283,27.34,34.86,34.81,Import,2024,Qtr 2,May,1
3000,FOOD GROUP,, SOYABEAN OIL,MT,5750,1517,5452,1050,928.73,928.34,Import,2024,Qtr 2,May,1
3001,FOOD GROUP,, PALM OIL,MT,240330,64276,231002,2.23,6.94,6.89,Import,2024,Qtr 2,May,1
3002,FOOD GROUP,, SUGAR,MT,345,89,319,68.31,72.25,72.19,Import,2024,Qtr 2,May,1
3003,FOOD GROUP,, PULSES (LEGUMINOUS VEGETABLES),MT,64577,13363,48025,-17.28,-4.82,-4.86,Import,2024,Qtr 2,May,1
3004,FOOD GROUP,, ALL OTHERS FOOD ITEMS,,,45646,164048,,7.11,7.07,Import,2024,Qtr 2,May,1
3006,MACHINERY GROUP,, POWER GENERATING MACHINERY,,,11702,42057,,65.9,65.84,Import,2024,Qtr 2,May,1
3007,MACHINERY GROUP,, OFFICE MACHINE INCL DATA PROC EQUIP;,,,9587,34454,,13.96,13.92,Import,2024,Qtr 2,May,1
3008,MACHINERY GROUP,, TEXTILE MACHINERY,,,3987,14329,,0.99,0.95,Import,2024,Qtr 2,May,1
3009,MACHINERY GROUP,, CONSTRUCTION & MINING MACHINERY,,,3831,13769,,47.62,47.57,Import,2024,Qtr 2,May,1
3010,MACHINERY GROUP,, ELECTRICAL MACHINERY & APPARATUS,,,102630,368842,,-24.06,-24.09,Import,2024,Qtr 2,May,1
3012,MACHINERY GROUP, TELE COM, MOBILE PHONE,,,44198,158842,,-1.54,-1.58,Import,2024,Qtr 2,May,1
3013,MACHINERY GROUP, TELE COM, OTHER APPARATUS,,,15064,54138,,7.88,7.84,Import,2024,Qtr 2,May,1
3014,MACHINERY GROUP,, AGRICULTURAL MACHINERY & IMPLEMENTS,,,3483,12518,,53.09,53.02,Import,2024,Qtr 2,May,1
3015,MACHINERY GROUP,, OTHER MACHINERY,,,41743,150018,,24.56,24.51,Import,2024,Qtr 2,May,1
3019,TRANSPORT GROUP," ROAD MOTOR VEH  (BUILD UNIT,CKD/SKD)","CBU-BUSES,TRUCKS & OTH  HEAVY VEHICLES",,,3356,12062,,793.25,792.9,Import,2024,Qtr 2,May,1
3020,TRANSPORT GROUP," ROAD MOTOR VEH  (BUILD UNIT,CKD/SKD)",CBU-MOTOR CARS,,,7691,27642,,31.59,31.53,Import,2024,Qtr 2,May,1
3021,TRANSPORT GROUP," ROAD MOTOR VEH  (BUILD UNIT,CKD/SKD)",CBU-MOTOR CYCLES,,,82,293,,75.18,74.85,Import,2024,Qtr 2,May,1
3023,TRANSPORT GROUP," ROAD MOTOR VEH  (BUILD UNIT,CKD/SKD)","CKD/SKD-BUSES,TRUCKS & OTH  HEAVY VEHICLES",,,5436,19535,,32.38,32.33,Import,2024,Qtr 2,May,1
3024,TRANSPORT GROUP," ROAD MOTOR VEH  (BUILD UNIT,CKD/SKD)",CKD/SKD-MOTOR CARS,,,21654,77824,,7.78,7.74,Import,2024,Qtr 2,May,1
3025,TRANSPORT GROUP," ROAD MOTOR VEH  (BUILD UNIT,CKD/SKD)",CKD/SKD-MOTOR CYCLES,,,626,2249,,-29.58,-29.6,Import,2024,Qtr 2,May,1
3026,TRANSPORT GROUP," ROAD MOTOR VEH  (BUILD UNIT,CKD/SKD)",PARTS & ACCESSORIES,,,5092,18299,,0.72,0.67,Import,2024,Qtr 2,May,1
3027,TRANSPORT GROUP," ROAD MOTOR VEH  (BUILD UNIT,CKD/SKD)",OTHERS,,,678,2436,,87.19,87.1,Import,2024,Qtr 2,May,1
3028,TRANSPORT GROUP,,"AIRCRAFTS, SHIPS AND BOATS",,,5287,19002,,-27.32,-27.35,Import,2024,Qtr 2,May,1
3029,TRANSPORT GROUP,,OTHERS TRANSPORT EQUIPMENTS,,,206,741,,-7.97,-8.04,Import,2024,Qtr 2,May,1
3031,PETROLEUM GROUP,, PETROLEUM PRODUCTS,MT,1035608,188213,676417,1.57,0.5,0.46,Import,2024,Qtr 2,May,1
3032,PETROLEUM GROUP,, PETROLEUM CRUDE,MT,880147,139096,499896,-3.44,-14,-14.03,Import,2024,Qtr 2,May,1
3033,PETROLEUM GROUP,,"NATURAL GAS, LIQUIFIED",,,90251,324352,,-5.64,-5.68,Import,2024,Qtr 2,May,1
3034,PETROLEUM GROUP,," PETROLEUM GAS, LIQUIFIED",,,21473,77173,,-1.11,-1.15,Import,2024,Qtr 2,May,1
3035,PETROLEUM GROUP,, OTHERS,,,11,40,,400.12,402.01,Import,2024,Qtr 2,May,1
3037,TEXTILE GROUP,, RAW COTTON,MT,25934,15442,55496,17.72,17.87,17.82,Import,2024,Qtr 2,May,1
3038,TEXTILE GROUP,, SYNTHETIC FIBRE,MT,27793,11893,42744,11.72,14.29,14.24,Import,2024,Qtr 2,May,1
3039,TEXTILE GROUP,, SYNTHETIC & ARTIFICIAL SILK YARN,MT,32701,14598,52463,10.2,2.64,2.61,Import,2024,Qtr 2,May,1
3040,TEXTILE GROUP,, WORN CLOTHING,MT,87391,10895,39155,1.08,5.42,5.37,Import,2024,Qtr 2,May,1
3041,TEXTILE GROUP,, OTHR TEXTILE ITEMS,,,19220,69075,,34.08,34.03,Import,2024,Qtr 2,May,1
3043,"AGRICULTURAL & OTHER
 CHEMICALS GROUP",, FERTILIZER MANUFACTURED,MT,99602,15462,55567,-14.39,-5.15,-5.19,Import,2024,Qtr 2,May,1
3044,"AGRICULTURAL & OTHER
 CHEMICALS GROUP",, INSECTICIDES,MT,4544,5753,20675,15.24,20.45,20.4,Import,2024,Qtr 2,May,1
3045,"AGRICULTURAL & OTHER
 CHEMICALS GROUP",, PLASTIC MATERIALS,MT,150408,50812,182612,12.13,7.07,7.03,Import,2024,Qtr 2,May,1
3046,"AGRICULTURAL & OTHER
 CHEMICALS GROUP",, MEDICINAL PRODUCTS,MT,4435,32719,117588,52.44,45.41,45.35,Import,2024,Qtr 2,May,1
3047,"AGRICULTURAL & OTHER
 CHEMICALS GROUP",, OTHERS,,,104835,376765,,-3.05,-3.09,Import,2024,Qtr 2,May,1
3049,METAL GROUP,, GOLD,KG,0,0,0,0,0,0,Import,2024,Qtr 2,May,1
3050,METAL GROUP,, IRON AND STEEL SCRAP,MT,250734,31537,113341,36.15,36.53,36.47,Import,2024,Qtr 2,May,1
3051,METAL GROUP,, IRON AND STEEL,MT,302412,57624,207096,28.5,8.37,8.33,Import,2024,Qtr 2,May,1
3052,METAL GROUP,, ALUMINIUM WROUGHT & WORKED,,,3354,12055,,-13.19,-13.22,Import,2024,Qtr 2,May,1
3053,METAL GROUP,, ALL OTHER METALS & ARTICALS,,,22228,79884,,7.04,6.99,Import,2024,Qtr 2,May,1
3055,MISCELLANEOUS GROUP,, RUBBER CRUDE INCL  SYNTH/RECLAIMED,MT,43054,6380,22930,27.19,22.49,22.44,Import,2024,Qtr 2,May,1
3056,MISCELLANEOUS GROUP,, RUBBER TYRES & TUBES,NO,465020,2612,9387,-6.64,-8.46,-8.49,Import,2024,Qtr 2,May,1
3057,MISCELLANEOUS GROUP,, WOOD & CORK,,,2483,8925,,17.88,17.83,Import,2024,Qtr 2,May,1
3058,MISCELLANEOUS GROUP,, JUTE,MT,1497,253,910,-62.46,-65.39,-65.43,Import,2024,Qtr 2,May,1
3059,MISCELLANEOUS GROUP,, PAPER & PAPER BOARD & MANUF THEREOF,MT,32242,8890,31949,8.73,11.21,11.17,Import,2024,Qtr 2,May,1
3060,MISCELLANEOUS GROUP,,ALL OTHERS ITEMS,,,80725,290118,,40.56,40.51,Import,2024,Qtr 2,May,1
3063,FOOD GROUP,," MILK,CREAM & MILK FOOD FOR INFANTS",MT,4146,3332,11994,44.11,3.55,3.48,Import,2024,Qtr 4,November,1
3064,FOOD GROUP,, WHEAT UNMILLED,MT,0,0,0,0,0,0,Import,2024,Qtr 4,November,1
3065,FOOD GROUP,, DRY FRUITS & NUTS,MT,25436,5621,20234,-9.22,0.63,0.57,Import,2024,Qtr 4,November,1
3066,FOOD GROUP,, TEA,MT,21091,14655,52752,-5.61,-3.54,-3.58,Import,2024,Qtr 4,November,1
3067,FOOD GROUP,, SPICES,MT,15251,4469,16085,12.75,-1.6,-1.65,Import,2024,Qtr 4,November,1
3068,FOOD GROUP,, SOYABEAN OIL,MT,15045,4205,15138,-47.9,-47.59,-47.62,Import,2024,Qtr 4,November,1
3069,FOOD GROUP,, PALM OIL,MT,234885,65449,235590,-18.81,-14.7,-14.74,Import,2024,Qtr 4,November,1
3070,FOOD GROUP,, SUGAR,MT,157,48,172,-65.85,-59.41,-59.53,Import,2024,Qtr 4,November,1
3071,FOOD GROUP,, PULSES (LEGUMINOUS VEGETABLES),MT,149164,30180,108637,13.43,17.05,16.99,Import,2024,Qtr 4,November,1
3072,FOOD GROUP,, ALL OTHERS FOOD ITEMS,,,53349,192036,,11.83,11.77,Import,2024,Qtr 4,November,1
3074,MACHINERY GROUP,, POWER GENERATING MACHINERY,,,18020,64864,,25.85,25.78,Import,2024,Qtr 4,November,1
3075,MACHINERY GROUP,, OFFICE MACHINE INCL DATA PROC EQUIP;,,,10351,37260,,-21.49,-21.53,Import,2024,Qtr 4,November,1
3076,MACHINERY GROUP,, TEXTILE MACHINERY,,,5090,18323,,10.97,10.91,Import,2024,Qtr 4,November,1
3077,MACHINERY GROUP,, CONSTRUCTION & MINING MACHINERY,,,2539,9141,,-1.38,-1.41,Import,2024,Qtr 4,November,1
3078,MACHINERY GROUP,, ELECTRICAL MACHINERY & APPARATUS,,,41442,149174,,-17.72,-17.76,Import,2024,Qtr 4,November,1
3080,MACHINERY GROUP, TELE COM, MOBILE PHONE,,,41498,149375,,-14.27,-14.32,Import,2024,Qtr 4,November,1
3081,MACHINERY GROUP, TELE COM, OTHER APPARATUS,,,9871,35532,,-41.68,-41.71,Import,2024,Qtr 4,November,1
3082,MACHINERY GROUP,, AGRICULTURAL MACHINERY & IMPLEMENTS,,,1565,5635,,-43.16,-43.18,Import,2024,Qtr 4,November,1
3083,MACHINERY GROUP,, OTHER MACHINERY,,,37021,133259,,-6.24,-6.28,Import,2024,Qtr 4,November,1
3087,TRANSPORT GROUP," ROAD MOTOR VEH  (BUILD UNIT,CKD/SKD)","CBU-BUSES,TRUCKS & OTH  HEAVY VEHICLES",,,851,3064,,-73.33,-73.34,Import,2024,Qtr 4,November,1
3088,TRANSPORT GROUP," ROAD MOTOR VEH  (BUILD UNIT,CKD/SKD)",CBU-MOTOR CARS,,,5625,20248,,8.24,8.19,Import,2024,Qtr 4,November,1
3089,TRANSPORT GROUP," ROAD MOTOR VEH  (BUILD UNIT,CKD/SKD)",CBU-MOTOR CYCLES,,,20,71,,-69.51,-69.53,Import,2024,Qtr 4,November,1
3091,TRANSPORT GROUP," ROAD MOTOR VEH  (BUILD UNIT,CKD/SKD)","CKD/SKD-BUSES,TRUCKS & OTH  HEAVY VEHICLES",,,6893,24812,,0.73,0.68,Import,2024,Qtr 4,November,1
3092,TRANSPORT GROUP," ROAD MOTOR VEH  (BUILD UNIT,CKD/SKD)",CKD/SKD-MOTOR CARS,,,14375,51743,,-24,-24.04,Import,2024,Qtr 4,November,1
3093,TRANSPORT GROUP," ROAD MOTOR VEH  (BUILD UNIT,CKD/SKD)",CKD/SKD-MOTOR CYCLES,,,756,2720,,-21.6,-21.66,Import,2024,Qtr 4,November,1
3094,TRANSPORT GROUP," ROAD MOTOR VEH  (BUILD UNIT,CKD/SKD)",PARTS & ACCESSORIES,,,5667,20400,,-10.88,-10.91,Import,2024,Qtr 4,November,1
3095,TRANSPORT GROUP," ROAD MOTOR VEH  (BUILD UNIT,CKD/SKD)",OTHERS,,,767,2761,,25.11,25.1,Import,2024,Qtr 4,November,1
3096,TRANSPORT GROUP,,"AIRCRAFTS, SHIPS AND BOATS",,,3007,10825,,29.17,29.13,Import,2024,Qtr 4,November,1
3097,TRANSPORT GROUP,,OTHERS TRANSPORT EQUIPMENTS,,,956,3440,,120.2,120.23,Import,2024,Qtr 4,November,1
3099,PETROLEUM GROUP,, PETROLEUM PRODUCTS,MT,1150226,175763,632673,55.2,58.89,58.81,Import,2024,Qtr 4,November,1
3100,PETROLEUM GROUP,, PETROLEUM CRUDE,MT,837074,118744,427430,46.51,39.62,39.55,Import,2024,Qtr 4,November,1
3101,PETROLEUM GROUP,,"NATURAL GAS, LIQUIFIED",,,65864,237083,,-14.96,-15,Import,2024,Qtr 4,November,1
3102,PETROLEUM GROUP,," PETROLEUM GAS, LIQUIFIED",,,30582,110084,,43.1,43.02,Import,2024,Qtr 4,November,1
3103,PETROLEUM GROUP,, OTHERS,,,3,11,,-39.38,-35.29,Import,2024,Qtr 4,November,1
3105,TEXTILE GROUP,, RAW COTTON,MT,58070,31360,112883,14.5,14.13,14.07,Import,2024,Qtr 4,November,1
3106,TEXTILE GROUP,, SYNTHETIC FIBRE,MT,22869,8452,30424,33.84,23.66,23.6,Import,2024,Qtr 4,November,1
3107,TEXTILE GROUP,, SYNTHETIC & ARTIFICIAL SILK YARN,MT,33419,16351,58858,-15.33,-5.71,-5.76,Import,2024,Qtr 4,November,1
3108,TEXTILE GROUP,, WORN CLOTHING,MT,88473,11529,41499,-12.69,-7.2,-7.25,Import,2024,Qtr 4,November,1
3109,TEXTILE GROUP,, OTHR TEXTILE ITEMS,,,30906,111248,,-4.25,-4.29,Import,2024,Qtr 4,November,1
3111,"AGRICULTURAL & OTHER
 CHEMICALS GROUP",, FERTILIZER MANUFACTURED,MT,15735,2086,7510,-91.33,-93.59,-93.6,Import,2024,Qtr 4,November,1
3112,"AGRICULTURAL & OTHER
 CHEMICALS GROUP",, INSECTICIDES,MT,1934,2830,10188,-26.73,-24.45,-24.49,Import,2024,Qtr 4,November,1
3113,"AGRICULTURAL & OTHER
 CHEMICALS GROUP",, PLASTIC MATERIALS,MT,180116,59114,212788,-2.49,-5.63,-5.68,Import,2024,Qtr 4,November,1
3114,"AGRICULTURAL & OTHER
 CHEMICALS GROUP",, MEDICINAL PRODUCTS,MT,3512,26214,94361,2.72,-10.28,-10.33,Import,2024,Qtr 4,November,1
3115,"AGRICULTURAL & OTHER
 CHEMICALS GROUP",, OTHERS,,,85875,309116,,-11.67,-11.71,Import,2024,Qtr 4,November,1
3117,METAL GROUP,, GOLD,KG,68,1687,6073,127.93,189.91,189.74,Import,2024,Qtr 4,November,1
3118,METAL GROUP,, IRON AND STEEL SCRAP,MT,219765,27530,99097,-5.55,-2.38,-2.42,Import,2024,Qtr 4,November,1
3119,METAL GROUP,, IRON AND STEEL,MT,247053,45237,162834,-18.51,-21.85,-21.89,Import,2024,Qtr 4,November,1
3120,METAL GROUP,, ALUMINIUM WROUGHT & WORKED,,,3280,11807,,-11.33,-11.37,Import,2024,Qtr 4,November,1
3121,METAL GROUP,, ALL OTHER METALS & ARTICALS,,,20280,72998,,-4.92,-4.97,Import,2024,Qtr 4,November,1
3123,MISCELLANEOUS GROUP,, RUBBER CRUDE INCL  SYNTH/RECLAIMED,MT,34455,6040,21742,-11.22,1.57,1.51,Import,2024,Qtr 4,November,1
3124,MISCELLANEOUS GROUP,, RUBBER TYRES & TUBES,NO,460571,3230,11626,-32.21,-13.53,-13.56,Import,2024,Qtr 4,November,1
3125,MISCELLANEOUS GROUP,, WOOD & CORK,,,1916,6897,,15.57,15.49,Import,2024,Qtr 4,November,1
3126,MISCELLANEOUS GROUP,, JUTE,MT,1050,211,761,-80.59,-82.73,-82.73,Import,2024,Qtr 4,November,1
3127,MISCELLANEOUS GROUP,, PAPER & PAPER BOARD & MANUF THEREOF,MT,33017,8752,31503,-20.43,-15.38,-15.42,Import,2024,Qtr 4,November,1
3128,MISCELLANEOUS GROUP,,ALL OTHERS ITEMS,,,83748,301460,,-9.99,-10.03,Import,2024,Qtr 4,November,1
3131,FOOD GROUP,," MILK,CREAM & MILK FOOD FOR INFANTS",MT,4123,3218,11591,27.77,22.42,22.66,Import,2024,Qtr 4,October,1
3132,FOOD GROUP,, WHEAT UNMILLED,MT,0,0,0,0,0,0,Import,2024,Qtr 4,October,1
3133,FOOD GROUP,, DRY FRUITS & NUTS,MT,27998,5586,20119,53.03,60.85,61.17,Import,2024,Qtr 4,October,1
3134,FOOD GROUP,, TEA,MT,23497,15192,54713,14.51,4.23,4.44,Import,2024,Qtr 4,October,1
3135,FOOD GROUP,, SPICES,MT,13275,4541,16355,14.84,15.85,16.09,Import,2024,Qtr 4,October,1
3136,FOOD GROUP,, SOYABEAN OIL,MT,28880,8024,28898,285.07,291.24,292.1,Import,2024,Qtr 4,October,1
3137,FOOD GROUP,, PALM OIL,MT,289314,76730,276334,8.79,9.76,9.99,Import,2024,Qtr 4,October,1
3138,FOOD GROUP,, SUGAR,MT,459,118,425,52.94,32.7,33.23,Import,2024,Qtr 4,October,1
3139,FOOD GROUP,, PULSES (LEGUMINOUS VEGETABLES),MT,128497,25785,92863,7.12,28.91,29.18,Import,2024,Qtr 4,October,1
3140,FOOD GROUP,, ALL OTHERS FOOD ITEMS,,,47705,171806,,3.64,3.86,Import,2024,Qtr 4,October,1
3142,MACHINERY GROUP,, POWER GENERATING MACHINERY,,,14350,51681,,-9.82,-9.63,Import,2024,Qtr 4,October,1
3143,MACHINERY GROUP,, OFFICE MACHINE INCL DATA PROC EQUIP;,,,13185,47485,,13.28,13.51,Import,2024,Qtr 4,October,1
3144,MACHINERY GROUP,, TEXTILE MACHINERY,,,4587,16520,,-5.24,-5.05,Import,2024,Qtr 4,October,1
3145,MACHINERY GROUP,, CONSTRUCTION & MINING MACHINERY,,,2575,9272,,-25.74,-25.59,Import,2024,Qtr 4,October,1
3146,MACHINERY GROUP,, ELECTRICAL MACHINERY & APPARATUS,,,50421,181586,,-33.47,-33.34,Import,2024,Qtr 4,October,1
3148,MACHINERY GROUP, TELE COM, MOBILE PHONE,,,48408,174338,,69.54,69.89,Import,2024,Qtr 4,October,1
3149,MACHINERY GROUP, TELE COM, OTHER APPARATUS,,,16941,61011,,21.08,21.33,Import,2024,Qtr 4,October,1
3150,MACHINERY GROUP,, AGRICULTURAL MACHINERY & IMPLEMENTS,,,2754,9917,,-18.07,-17.89,Import,2024,Qtr 4,October,1
3151,MACHINERY GROUP,, OTHER MACHINERY,,,39423,141978,,-2.12,-1.92,Import,2024,Qtr 4,October,1
3155,TRANSPORT GROUP," ROAD MOTOR VEH  (BUILD UNIT,CKD/SKD)","CBU-BUSES,TRUCKS & OTH  HEAVY VEHICLES",,,3191,11492,,99.19,99.65,Import,2024,Qtr 4,October,1
3156,TRANSPORT GROUP," ROAD MOTOR VEH  (BUILD UNIT,CKD/SKD)",CBU-MOTOR CARS,,,5197,18715,,-6.55,-6.37,Import,2024,Qtr 4,October,1
3157,TRANSPORT GROUP," ROAD MOTOR VEH  (BUILD UNIT,CKD/SKD)",CBU-MOTOR CYCLES,,,65,233,,44,43.83,Import,2024,Qtr 4,October,1
3159,TRANSPORT GROUP," ROAD MOTOR VEH  (BUILD UNIT,CKD/SKD)","CKD/SKD-BUSES,TRUCKS & OTH  HEAVY VEHICLES",,,6843,24645,,-3.43,-3.22,Import,2024,Qtr 4,October,1
3160,TRANSPORT GROUP," ROAD MOTOR VEH  (BUILD UNIT,CKD/SKD)",CKD/SKD-MOTOR CARS,,,18914,68118,,-15.57,-15.39,Import,2024,Qtr 4,October,1
3161,TRANSPORT GROUP," ROAD MOTOR VEH  (BUILD UNIT,CKD/SKD)",CKD/SKD-MOTOR CYCLES,,,964,3472,,14.1,14.4,Import,2024,Qtr 4,October,1
3162,TRANSPORT GROUP," ROAD MOTOR VEH  (BUILD UNIT,CKD/SKD)",PARTS & ACCESSORIES,,,6459,23261,,-17.4,-17.24,Import,2024,Qtr 4,October,1
3163,TRANSPORT GROUP," ROAD MOTOR VEH  (BUILD UNIT,CKD/SKD)",OTHERS,,,613,2207,,-21.52,-21.38,Import,2024,Qtr 4,October,1
3164,TRANSPORT GROUP,,"AIRCRAFTS, SHIPS AND BOATS",,,2328,8383,,8.92,9.14,Import,2024,Qtr 4,October,1
3165,TRANSPORT GROUP,,OTHERS TRANSPORT EQUIPMENTS,,,1382,4976,,615.92,617,Import,2024,Qtr 4,October,1
3167,PETROLEUM GROUP,, PETROLEUM PRODUCTS,MT,734135,110620,398386,-18.36,-22.65,-22.49,Import,2024,Qtr 4,October,1
3168,PETROLEUM GROUP,, PETROLEUM CRUDE,MT,571326,85050,306297,-36.9,-37.02,-36.89,Import,2024,Qtr 4,October,1
3169,PETROLEUM GROUP,,"NATURAL GAS, LIQUIFIED",,,77451,278932,,-10.98,-10.8,Import,2024,Qtr 4,October,1
3170,PETROLEUM GROUP,," PETROLEUM GAS, LIQUIFIED",,,21372,76969,,0.58,0.79,Import,2024,Qtr 4,October,1
3171,PETROLEUM GROUP,, OTHERS,,,5,17,,-72.81,-72.13,Import,2024,Qtr 4,October,1
3173,TEXTILE GROUP,, RAW COTTON,MT,50724,27478,98960,77.84,69.85,70.2,Import,2024,Qtr 4,October,1
3174,TEXTILE GROUP,, SYNTHETIC FIBRE,MT,17518,6835,24614,-4.99,-18.38,-18.22,Import,2024,Qtr 4,October,1
3175,TEXTILE GROUP,, SYNTHETIC & ARTIFICIAL SILK YARN,MT,39547,17342,62454,25.34,16.21,16.44,Import,2024,Qtr 4,October,1
3176,TEXTILE GROUP,, WORN CLOTHING,MT,98273,12424,44745,0.89,-0.65,-0.45,Import,2024,Qtr 4,October,1
3177,TEXTILE GROUP,, OTHR TEXTILE ITEMS,,,32276,116239,,22.3,22.55,Import,2024,Qtr 4,October,1
3179,"AGRICULTURAL & OTHER
 CHEMICALS GROUP",, FERTILIZER MANUFACTURED,MT,181363,32568,117292,7.11,9.59,9.82,Import,2024,Qtr 4,October,1
3180,"AGRICULTURAL & OTHER
 CHEMICALS GROUP",, INSECTICIDES,MT,2523,3747,13493,11.64,52.98,53.31,Import,2024,Qtr 4,October,1
3181,"AGRICULTURAL & OTHER
 CHEMICALS GROUP",, PLASTIC MATERIALS,MT,186255,62643,225601,36.01,24.9,25.16,Import,2024,Qtr 4,October,1
3182,"AGRICULTURAL & OTHER
 CHEMICALS GROUP",, MEDICINAL PRODUCTS,MT,3695,26183,94296,31.17,-11.46,-11.28,Import,2024,Qtr 4,October,1
3183,"AGRICULTURAL & OTHER
 CHEMICALS GROUP",, OTHERS,,,100265,361092,,2.52,2.73,Import,2024,Qtr 4,October,1
3185,METAL GROUP,, GOLD,KG,24,582,2096,-64.8,-54.63,-54.53,Import,2024,Qtr 4,October,1
3186,METAL GROUP,, IRON AND STEEL SCRAP,MT,228217,28200,101558,15.6,6.57,6.79,Import,2024,Qtr 4,October,1
3187,METAL GROUP,, IRON AND STEEL,MT,327872,57890,208483,22.55,12.59,12.82,Import,2024,Qtr 4,October,1
3188,METAL GROUP,, ALUMINIUM WROUGHT & WORKED,,,3699,13321,,-8.31,-8.11,Import,2024,Qtr 4,October,1
3189,METAL GROUP,, ALL OTHER METALS & ARTICALS,,,21330,76818,,-12.59,-12.41,Import,2024,Qtr 4,October,1
3191,MISCELLANEOUS GROUP,, RUBBER CRUDE INCL  SYNTH/RECLAIMED,MT,38818,5947,21419,-15.92,2.14,2.35,Import,2024,Qtr 4,October,1
3192,MISCELLANEOUS GROUP,, RUBBER TYRES & TUBES,NO,690197,3735,13450,-12.05,-7.58,-7.39,Import,2024,Qtr 4,October,1
3193,MISCELLANEOUS GROUP,, WOOD & CORK,,,1658,5972,,-1.11,-0.93,Import,2024,Qtr 4,October,1
3194,MISCELLANEOUS GROUP,, JUTE,MT,5406,1224,4407,166.04,203.66,204.35,Import,2024,Qtr 4,October,1
3195,MISCELLANEOUS GROUP,, PAPER & PAPER BOARD & MANUF THEREOF,MT,41000,10342,37247,2.89,-4.68,-4.49,Import,2024,Qtr 4,October,1
3196,MISCELLANEOUS GROUP,,ALL OTHERS ITEMS,,,98457,354585,,20.51,20.75,Import,2024,Qtr 4,October,1
3199,FOOD GROUP,," MILK,CREAM & MILK FOOD FOR INFANTS",MT,2335,2629,9450,-9.17,-18.67,-18.6,Import,2024,Qtr 3,September,1
3200,FOOD GROUP,, WHEAT UNMILLED,MT,0,0,0,0,0,0,Import,2024,Qtr 3,September,1
3201,FOOD GROUP,, DRY FRUITS & NUTS,MT,15119,3473,12483,100.99,64.85,65.01,Import,2024,Qtr 3,September,1
3202,FOOD GROUP,, TEA,MT,20959,14576,52385,-7.44,-9.8,-9.7,Import,2024,Qtr 3,September,1
3203,FOOD GROUP,, SPICES,MT,11813,3920,14088,-29.92,-27.36,-27.27,Import,2024,Qtr 3,September,1
3204,FOOD GROUP,, SOYABEAN OIL,MT,7500,2051,7370,-65.85,-65.32,-65.28,Import,2024,Qtr 3,September,1
3205,FOOD GROUP,, PALM OIL,MT,265944,69904,251232,-2.6,-1.95,-1.84,Import,2024,Qtr 3,September,1
3206,FOOD GROUP,, SUGAR,MT,297,89,319,-28.76,-22.77,-22.76,Import,2024,Qtr 3,September,1
3207,FOOD GROUP,, PULSES (LEGUMINOUS VEGETABLES),MT,112457,20002,71887,32.26,8.13,8.24,Import,2024,Qtr 3,September,1
3208,FOOD GROUP,, ALL OTHERS FOOD ITEMS,,,46029,165427,,42.58,42.73,Import,2024,Qtr 3,September,1
3210,MACHINERY GROUP,, POWER GENERATING MACHINERY,,,15935,57270,,21.57,21.7,Import,2024,Qtr 3,September,1
3211,MACHINERY GROUP,, OFFICE MACHINE INCL DATA PROC EQUIP;,,,11646,41856,,16.01,16.14,Import,2024,Qtr 3,September,1
3212,MACHINERY GROUP,, TEXTILE MACHINERY,,,4841,17400,,23.44,23.56,Import,2024,Qtr 3,September,1
3213,MACHINERY GROUP,, CONSTRUCTION & MINING MACHINERY,,,3467,12461,,50.23,50.4,Import,2024,Qtr 3,September,1
3214,MACHINERY GROUP,, ELECTRICAL MACHINERY & APPARATUS,,,75913,272829,,7.91,8.02,Import,2024,Qtr 3,September,1
3216,MACHINERY GROUP, TELE COM, MOBILE PHONE,,,28556,102629,,29.18,29.32,Import,2024,Qtr 3,September,1
3217,MACHINERY GROUP, TELE COM, OTHER APPARATUS,,,14056,50515,,27.99,28.12,Import,2024,Qtr 3,September,1
3218,MACHINERY GROUP,, AGRICULTURAL MACHINERY & IMPLEMENTS,,,3361,12078,,8.09,8.23,Import,2024,Qtr 3,September,1
3219,MACHINERY GROUP,, OTHER MACHINERY,,,40168,144362,,4.33,4.44,Import,2024,Qtr 3,September,1
3223,TRANSPORT GROUP," ROAD MOTOR VEH  (BUILD UNIT,CKD/SKD)","CBU-BUSES,TRUCKS & OTH  HEAVY VEHICLES",,,1602,5756,,-37.85,-37.79,Import,2024,Qtr 3,September,1
3224,TRANSPORT GROUP," ROAD MOTOR VEH  (BUILD UNIT,CKD/SKD)",CBU-MOTOR CARS,,,5561,19988,,-18.29,-18.2,Import,2024,Qtr 3,September,1
3225,TRANSPORT GROUP," ROAD MOTOR VEH  (BUILD UNIT,CKD/SKD)",CBU-MOTOR CYCLES,,,45,162,,12.56,11.72,Import,2024,Qtr 3,September,1
3227,TRANSPORT GROUP," ROAD MOTOR VEH  (BUILD UNIT,CKD/SKD)","CKD/SKD-BUSES,TRUCKS & OTH  HEAVY VEHICLES",,,7086,25466,,-13.43,-13.33,Import,2024,Qtr 3,September,1
3228,TRANSPORT GROUP," ROAD MOTOR VEH  (BUILD UNIT,CKD/SKD)",CKD/SKD-MOTOR CARS,,,22401,80509,,-18.78,-18.69,Import,2024,Qtr 3,September,1
3229,TRANSPORT GROUP," ROAD MOTOR VEH  (BUILD UNIT,CKD/SKD)",CKD/SKD-MOTOR CYCLES,,,845,3035,,-16.46,-16.41,Import,2024,Qtr 3,September,1
3230,TRANSPORT GROUP," ROAD MOTOR VEH  (BUILD UNIT,CKD/SKD)",PARTS & ACCESSORIES,,,7956,28595,,23.93,24.07,Import,2024,Qtr 3,September,1
3231,TRANSPORT GROUP," ROAD MOTOR VEH  (BUILD UNIT,CKD/SKD)",OTHERS,,,781,2807,,-4.52,-4.46,Import,2024,Qtr 3,September,1
3232,TRANSPORT GROUP,,"AIRCRAFTS, SHIPS AND BOATS",,,2137,7681,,41.07,41.22,Import,2024,Qtr 3,September,1
3233,TRANSPORT GROUP,,OTHERS TRANSPORT EQUIPMENTS,,,1051,3778,,252.75,253.08,Import,2024,Qtr 3,September,1
3235,PETROLEUM GROUP,, PETROLEUM PRODUCTS,MT,897751,143006,513959,47.26,50.08,50.24,Import,2024,Qtr 3,September,1
3236,PETROLEUM GROUP,, PETROLEUM CRUDE,MT,905381,135039,485328,-15.59,-16.99,-16.9,Import,2024,Qtr 3,September,1
3237,PETROLEUM GROUP,,"NATURAL GAS, LIQUIFIED",,,87008,312704,,-18.24,-18.16,Import,2024,Qtr 3,September,1
3238,PETROLEUM GROUP,," PETROLEUM GAS, LIQUIFIED",,,21249,76368,,-15.31,-15.21,Import,2024,Qtr 3,September,1
3239,PETROLEUM GROUP,, OTHERS,,,17,61,,41.6,41.86,Import,2024,Qtr 3,September,1
3241,TEXTILE GROUP,, RAW COTTON,MT,28509,16178,58144,7.49,9.87,9.98,Import,2024,Qtr 3,September,1
3242,TEXTILE GROUP,, SYNTHETIC FIBRE,MT,19376,8374,30096,-31.04,-32.07,-31.99,Import,2024,Qtr 3,September,1
3243,TEXTILE GROUP,, SYNTHETIC & ARTIFICIAL SILK YARN,MT,31202,14923,53634,23.26,14.9,15.03,Import,2024,Qtr 3,September,1
3244,TEXTILE GROUP,, WORN CLOTHING,MT,91886,12506,44948,-8.31,0.74,0.85,Import,2024,Qtr 3,September,1
3245,TEXTILE GROUP,, OTHR TEXTILE ITEMS,,,26391,94847,,20.05,20.18,Import,2024,Qtr 3,September,1
3247,"AGRICULTURAL & OTHER
 CHEMICALS GROUP",, FERTILIZER MANUFACTURED,MT,169739,29718,106806,-4.64,3.06,3.17,Import,2024,Qtr 3,September,1
3248,"AGRICULTURAL & OTHER
 CHEMICALS GROUP",, INSECTICIDES,MT,1654,2449,8801,-3.56,-20.07,-19.98,Import,2024,Qtr 3,September,1
3249,"AGRICULTURAL & OTHER
 CHEMICALS GROUP",, PLASTIC MATERIALS,MT,137758,50160,180273,-9.61,-6.18,-6.08,Import,2024,Qtr 3,September,1
3250,"AGRICULTURAL & OTHER
 CHEMICALS GROUP",, MEDICINAL PRODUCTS,MT,3543,27190,97719,26.4,-12.61,-12.51,Import,2024,Qtr 3,September,1
3251,"AGRICULTURAL & OTHER
 CHEMICALS GROUP",, OTHERS,,,100195,360098,,-0.09,0.01,Import,2024,Qtr 3,September,1
3253,METAL GROUP,, GOLD,KG,55,1283,4610,120,164.5,164.64,Import,2024,Qtr 3,September,1
3254,METAL GROUP,, IRON AND STEEL SCRAP,MT,211539,26462,95103,20.31,-2.15,-2.05,Import,2024,Qtr 3,September,1
3255,METAL GROUP,, IRON AND STEEL,MT,277404,51419,184798,63.22,50.39,50.55,Import,2024,Qtr 3,September,1
3256,METAL GROUP,, ALUMINIUM WROUGHT & WORKED,,,4034,14497,,14.89,15,Import,2024,Qtr 3,September,1
3257,METAL GROUP,, ALL OTHER METALS & ARTICALS,,,24403,87702,,2.87,2.98,Import,2024,Qtr 3,September,1
3259,MISCELLANEOUS GROUP,, RUBBER CRUDE INCL  SYNTH/RECLAIMED,MT,46167,5823,20927,-22.16,-27.95,-27.88,Import,2024,Qtr 3,September,1
3260,MISCELLANEOUS GROUP,, RUBBER TYRES & TUBES,NO,768595,4041,14523,3.23,8.8,8.91,Import,2024,Qtr 3,September,1
3261,MISCELLANEOUS GROUP,, WOOD & CORK,,,1677,6028,,-37.3,-37.24,Import,2024,Qtr 3,September,1
3262,MISCELLANEOUS GROUP,, JUTE,MT,2032,403,1448,198.82,253.54,254.9,Import,2024,Qtr 3,September,1
3263,MISCELLANEOUS GROUP,, PAPER & PAPER BOARD & MANUF THEREOF,MT,38695,10850,38996,4.22,11.63,11.75,Import,2024,Qtr 3,September,1
3264,MISCELLANEOUS GROUP,,ALL OTHERS ITEMS,,,85061,305709,,10.01,10.12,Import,2024,Qtr 3,September,1
3267,FOOD GROUP,," MILK,CREAM & MILK FOOD FOR INFANTS",MT,3394,2796,10011,10.37,-19.67,-19.87,Import,2025,Qtr 1,February,1
3268,FOOD GROUP,, WHEAT UNMILLED,MT,0,0,0,0,0,0,Import,2025,Qtr 1,February,1
3269,FOOD GROUP,, DRY FRUITS & NUTS,MT,11797,3332,11929,-28.5,-29.38,-29.55,Import,2025,Qtr 1,February,1
3270,FOOD GROUP,, TEA,MT,18521,12732,45585,-7.98,-9.75,-9.96,Import,2025,Qtr 1,February,1
3271,FOOD GROUP,, SPICES,MT,22213,6242,22349,-1.06,2.97,2.73,Import,2025,Qtr 1,February,1
3272,FOOD GROUP,, SOYABEAN OIL,MT,32180,10239,36660,-12.15,-7.34,-7.56,Import,2025,Qtr 1,February,1
3273,FOOD GROUP,, PALM OIL,MT,323266,102289,366227,6.04,6.49,6.23,Import,2025,Qtr 1,February,1
3274,FOOD GROUP,, SUGAR,MT,255,75,270,-23.18,-11.42,-11.18,Import,2025,Qtr 1,February,1
3275,FOOD GROUP,, PULSES (LEGUMINOUS VEGETABLES),MT,124147,26766,95831,-12,-4.38,-4.6,Import,2025,Qtr 1,February,1
3276,FOOD GROUP,, ALL OTHERS FOOD ITEMS,,,58038,207797,,-4.14,-4.37,Import,2025,Qtr 1,February,1
3278,MACHINERY GROUP,, POWER GENERATING MACHINERY,,,13684,48993,,-17.02,-17.22,Import,2025,Qtr 1,February,1
3279,MACHINERY GROUP,, OFFICE MACHINE INCL DATA PROC EQUIP;,,,9658,34577,,-26.6,-26.77,Import,2025,Qtr 1,February,1
3280,MACHINERY GROUP,, TEXTILE MACHINERY,,,5662,20273,,-8.51,-8.72,Import,2025,Qtr 1,February,1
3281,MACHINERY GROUP,, CONSTRUCTION & MINING MACHINERY,,,3332,11931,,-14.69,-14.89,Import,2025,Qtr 1,February,1
3282,MACHINERY GROUP,, ELECTRICAL MACHINERY & APPARATUS,,,84230,301572,,-1.9,-2.13,Import,2025,Qtr 1,February,1
3284,MACHINERY GROUP, TELE COM, MOBILE PHONE,,,37041,132620,,-0.97,-1.21,Import,2025,Qtr 1,February,1
3285,MACHINERY GROUP, TELE COM, OTHER APPARATUS,,,11860,42464,,-28.55,-28.72,Import,2025,Qtr 1,February,1
3286,MACHINERY GROUP,, AGRICULTURAL MACHINERY & IMPLEMENTS,,,2232,7993,,-48.22,-48.34,Import,2025,Qtr 1,February,1
3287,MACHINERY GROUP,, OTHER MACHINERY,,,48332,173045,,-23.33,-23.51,Import,2025,Qtr 1,February,1
3291,TRANSPORT GROUP," ROAD MOTOR VEH  (BUILD UNIT,CKD/SKD)","CBU-BUSES,TRUCKS & OTH  HEAVY VEHICLES",,,1622,5807,,-59.52,-59.61,Import,2025,Qtr 1,February,1
3292,TRANSPORT GROUP," ROAD MOTOR VEH  (BUILD UNIT,CKD/SKD)",CBU-MOTOR CARS,,,7021,25136,,-6.74,-6.96,Import,2025,Qtr 1,February,1
3293,TRANSPORT GROUP," ROAD MOTOR VEH  (BUILD UNIT,CKD/SKD)",CBU-MOTOR CYCLES,,,75,270,,-13.46,-13.46,Import,2025,Qtr 1,February,1
3295,TRANSPORT GROUP," ROAD MOTOR VEH  (BUILD UNIT,CKD/SKD)","CKD/SKD-BUSES,TRUCKS & OTH  HEAVY VEHICLES",,,11817,42310,,-2.14,-2.37,Import,2025,Qtr 1,February,1
3296,TRANSPORT GROUP," ROAD MOTOR VEH  (BUILD UNIT,CKD/SKD)",CKD/SKD-MOTOR CARS,,,26052,93275,,17.64,17.37,Import,2025,Qtr 1,February,1
3297,TRANSPORT GROUP," ROAD MOTOR VEH  (BUILD UNIT,CKD/SKD)",CKD/SKD-MOTOR CYCLES,,,1043,3734,,-30.61,-30.79,Import,2025,Qtr 1,February,1
3298,TRANSPORT GROUP," ROAD MOTOR VEH  (BUILD UNIT,CKD/SKD)",PARTS & ACCESSORIES,,,6739,24126,,-12.46,-12.67,Import,2025,Qtr 1,February,1
3299,TRANSPORT GROUP," ROAD MOTOR VEH  (BUILD UNIT,CKD/SKD)",OTHERS,,,664,2378,,-22.85,-23.04,Import,2025,Qtr 1,February,1
3300,TRANSPORT GROUP,,"AIRCRAFTS, SHIPS AND BOATS",,,840,3007,,-67.68,-67.76,Import,2025,Qtr 1,February,1
3301,TRANSPORT GROUP,,OTHERS TRANSPORT EQUIPMENTS,,,673,2411,,55.88,55.45,Import,2025,Qtr 1,February,1
3303,PETROLEUM GROUP,, PETROLEUM PRODUCTS,MT,802789,130365,466748,-11.33,-9.62,-9.83,Import,2025,Qtr 1,February,1
3304,PETROLEUM GROUP,, PETROLEUM CRUDE,MT,794735,123821,443319,-0.18,2.02,1.78,Import,2025,Qtr 1,February,1
3305,PETROLEUM GROUP,,"NATURAL GAS, LIQUIFIED",,,70885,253790,,-18.8,-18.99,Import,2025,Qtr 1,February,1
3306,PETROLEUM GROUP,," PETROLEUM GAS, LIQUIFIED",,,23262,83286,,-21.14,-21.33,Import,2025,Qtr 1,February,1
3307,PETROLEUM GROUP,, OTHERS,,,11,41,,43.33,46.43,Import,2025,Qtr 1,February,1
3309,TEXTILE GROUP,, RAW COTTON,MT,60387,31139,111489,-10.78,-9.88,-10.1,Import,2025,Qtr 1,February,1
3310,TEXTILE GROUP,, SYNTHETIC FIBRE,MT,33921,13934,49889,-52.84,-12.59,-12.8,Import,2025,Qtr 1,February,1
3311,TEXTILE GROUP,, SYNTHETIC & ARTIFICIAL SILK YARN,MT,38018,16706,59814,-11.84,-12.29,-12.5,Import,2025,Qtr 1,February,1
3312,TEXTILE GROUP,, WORN CLOTHING,MT,85079,10794,38645,-23.7,-21.31,-21.49,Import,2025,Qtr 1,February,1
3313,TEXTILE GROUP,, OTHR TEXTILE ITEMS,,,32466,116239,,-5.13,-5.36,Import,2025,Qtr 1,February,1
3315,"AGRICULTURAL & OTHER
 CHEMICALS GROUP",, FERTILIZER MANUFACTURED,MT,24257,3425,12264,-18.08,-33.07,-33.23,Import,2025,Qtr 1,February,1
3316,"AGRICULTURAL & OTHER
 CHEMICALS GROUP",, INSECTICIDES,MT,2255,3476,12446,-15.61,-20.09,-20.28,Import,2025,Qtr 1,February,1
3317,"AGRICULTURAL & OTHER
 CHEMICALS GROUP",, PLASTIC MATERIALS,MT,150782,50262,179953,-21.55,-22.56,-22.74,Import,2025,Qtr 1,February,1
3318,"AGRICULTURAL & OTHER
 CHEMICALS GROUP",, MEDICINAL PRODUCTS,MT,2125,19450,69638,-32.84,-32.55,-32.71,Import,2025,Qtr 1,February,1
3319,"AGRICULTURAL & OTHER
 CHEMICALS GROUP",, OTHERS,,,99305,355544,,-7.49,-7.71,Import,2025,Qtr 1,February,1
3321,METAL GROUP,, GOLD,KG,43,1134,4060,57.85,71.57,71.24,Import,2025,Qtr 1,February,1
3322,METAL GROUP,, IRON AND STEEL SCRAP,MT,238403,27469,98349,9.79,9.73,9.47,Import,2025,Qtr 1,February,1
3323,METAL GROUP,, IRON AND STEEL,MT,326859,57883,207239,8.03,-4.8,-5.03,Import,2025,Qtr 1,February,1
3324,METAL GROUP,, ALUMINIUM WROUGHT & WORKED,,,3827,13702,,-28.26,-28.44,Import,2025,Qtr 1,February,1
3325,METAL GROUP,, ALL OTHER METALS & ARTICALS,,,30862,110496,,20.46,20.17,Import,2025,Qtr 1,February,1
3327,MISCELLANEOUS GROUP,, RUBBER CRUDE INCL  SYNTH/RECLAIMED,MT,45038,6048,21655,-18.86,-24.34,-24.52,Import,2025,Qtr 1,February,1
3328,MISCELLANEOUS GROUP,, RUBBER TYRES & TUBES,NO,532546,2308,8263,-12.85,-34.95,-35.1,Import,2025,Qtr 1,February,1
3329,MISCELLANEOUS GROUP,, WOOD & CORK,,,2614,9358,,-0.85,-1.09,Import,2025,Qtr 1,February,1
3330,MISCELLANEOUS GROUP,, JUTE,MT,1942,427,1528,-29.55,-29.12,-29.32,Import,2025,Qtr 1,February,1
3331,MISCELLANEOUS GROUP,, PAPER & PAPER BOARD & MANUF THEREOF,MT,32771,8940,32008,-21.25,-21.28,-21.46,Import,2025,Qtr 1,February,1
3332,MISCELLANEOUS GROUP,,ALL OTHERS ITEMS,,,77681,278123,,-4.2,-4.43,Import,2025,Qtr 1,February,1
3335,FOOD GROUP,," MILK,CREAM & MILK FOOD FOR INFANTS",MT,3255,3481,12493,51.47,43.91,43.61,Import,2025,Qtr 1,January,1
3336,FOOD GROUP,, WHEAT UNMILLED,MT,0,0,0,-100,-100,-100,Import,2025,Qtr 1,January,1
3337,FOOD GROUP,, DRY FRUITS & NUTS,MT,16489,4718,16933,-25.27,-15.73,-15.88,Import,2025,Qtr 1,January,1
3338,FOOD GROUP,, TEA,MT,20729,14107,50627,-3.15,-9.71,-9.88,Import,2025,Qtr 1,January,1
3339,FOOD GROUP,, SPICES,MT,22406,6062,21755,-3.75,-2.46,-2.65,Import,2025,Qtr 1,January,1
3340,FOOD GROUP,, SOYABEAN OIL,MT,36632,11051,39659,-28.3,-22.46,-22.61,Import,2025,Qtr 1,January,1
3341,FOOD GROUP,, PALM OIL,MT,304844,96059,344737,16.2,23.08,22.85,Import,2025,Qtr 1,January,1
3342,FOOD GROUP,, SUGAR,MT,328,85,304,2.88,20.81,21.12,Import,2025,Qtr 1,January,1
3343,FOOD GROUP,, PULSES (LEGUMINOUS VEGETABLES),MT,138390,27991,100456,-19.78,-18.26,-18.41,Import,2025,Qtr 1,January,1
3344,FOOD GROUP,, ALL OTHERS FOOD ITEMS,,,60542,217274,,-9.42,-9.59,Import,2025,Qtr 1,January,1
3346,MACHINERY GROUP,, POWER GENERATING MACHINERY,,,16528,59317,,-25.95,-26.08,Import,2025,Qtr 1,January,1
3347,MACHINERY GROUP,, OFFICE MACHINE INCL DATA PROC EQUIP;,,,13160,47229,,-2.56,-2.74,Import,2025,Qtr 1,January,1
3348,MACHINERY GROUP,, TEXTILE MACHINERY,,,6189,22213,,6.53,6.33,Import,2025,Qtr 1,January,1
3349,MACHINERY GROUP,, CONSTRUCTION & MINING MACHINERY,,,3907,14021,,-4.22,-4.39,Import,2025,Qtr 1,January,1
3350,MACHINERY GROUP,, ELECTRICAL MACHINERY & APPARATUS,,,86104,309009,,5.93,5.73,Import,2025,Qtr 1,January,1
3352,MACHINERY GROUP, TELE COM, MOBILE PHONE,,,37652,135127,,-17.07,-17.23,Import,2025,Qtr 1,January,1
3353,MACHINERY GROUP, TELE COM, OTHER APPARATUS,,,16404,58871,,49.47,49.18,Import,2025,Qtr 1,January,1
3354,MACHINERY GROUP,, AGRICULTURAL MACHINERY & IMPLEMENTS,,,4311,15472,,82.6,82.26,Import,2025,Qtr 1,January,1
3355,MACHINERY GROUP,, OTHER MACHINERY,,,63099,226449,,19.11,18.89,Import,2025,Qtr 1,January,1
3359,TRANSPORT GROUP," ROAD MOTOR VEH  (BUILD UNIT,CKD/SKD)","CBU-BUSES,TRUCKS & OTH  HEAVY VEHICLES",,,4007,14379,,2.68,2.48,Import,2025,Qtr 1,January,1
3360,TRANSPORT GROUP," ROAD MOTOR VEH  (BUILD UNIT,CKD/SKD)",CBU-MOTOR CARS,,,7528,27015,,55.37,55.08,Import,2025,Qtr 1,January,1
3361,TRANSPORT GROUP," ROAD MOTOR VEH  (BUILD UNIT,CKD/SKD)",CBU-MOTOR CYCLES,,,87,312,,2.12,2.3,Import,2025,Qtr 1,January,1
3363,TRANSPORT GROUP," ROAD MOTOR VEH  (BUILD UNIT,CKD/SKD)","CKD/SKD-BUSES,TRUCKS & OTH  HEAVY VEHICLES",,,12076,43339,,24.5,24.26,Import,2025,Qtr 1,January,1
3364,TRANSPORT GROUP," ROAD MOTOR VEH  (BUILD UNIT,CKD/SKD)",CKD/SKD-MOTOR CARS,,,22145,79474,,4.42,4.23,Import,2025,Qtr 1,January,1
3365,TRANSPORT GROUP," ROAD MOTOR VEH  (BUILD UNIT,CKD/SKD)",CKD/SKD-MOTOR CYCLES,,,1503,5395,,39.06,38.83,Import,2025,Qtr 1,January,1
3366,TRANSPORT GROUP," ROAD MOTOR VEH  (BUILD UNIT,CKD/SKD)",PARTS & ACCESSORIES,,,7711,27674,,-13.49,-13.65,Import,2025,Qtr 1,January,1
3367,TRANSPORT GROUP," ROAD MOTOR VEH  (BUILD UNIT,CKD/SKD)",OTHERS,,,861,3090,,-26.59,-26.71,Import,2025,Qtr 1,January,1
3368,TRANSPORT GROUP,,"AIRCRAFTS, SHIPS AND BOATS",,,2599,9327,,1756.44,1757.97,Import,2025,Qtr 1,January,1
3369,TRANSPORT GROUP,,OTHERS TRANSPORT EQUIPMENTS,,,1125,4037,,845.3,847.65,Import,2025,Qtr 1,January,1
3371,PETROLEUM GROUP,, PETROLEUM PRODUCTS,MT,905133,144238,517641,-11.27,-11.22,-11.39,Import,2025,Qtr 1,January,1
3372,PETROLEUM GROUP,, PETROLEUM CRUDE,MT,796191,121365,435555,-21.52,-17.07,-17.23,Import,2025,Qtr 1,January,1
3373,PETROLEUM GROUP,,"NATURAL GAS, LIQUIFIED",,,87295,313283,,-9.34,-9.51,Import,2025,Qtr 1,January,1
3374,PETROLEUM GROUP,," PETROLEUM GAS, LIQUIFIED",,,29498,105863,,-2.13,-2.32,Import,2025,Qtr 1,January,1
3375,PETROLEUM GROUP,, OTHERS,,,8,28,,-40.27,-37.78,Import,2025,Qtr 1,January,1
3377,TEXTILE GROUP,, RAW COTTON,MT,67671,34554,124009,-3.49,-4.12,-4.3,Import,2025,Qtr 1,January,1
3378,TEXTILE GROUP,, SYNTHETIC FIBRE,MT,39108,15942,57211,-5.3,1.11,0.92,Import,2025,Qtr 1,January,1
3379,TEXTILE GROUP,, SYNTHETIC & ARTIFICIAL SILK YARN,MT,42960,19048,68361,-3.87,-3.67,-3.86,Import,2025,Qtr 1,January,1
3380,TEXTILE GROUP,, WORN CLOTHING,MT,108077,13717,49226,0.46,1.51,1.31,Import,2025,Qtr 1,January,1
3381,TEXTILE GROUP,, OTHR TEXTILE ITEMS,,,34222,122815,,-1.67,-1.86,Import,2025,Qtr 1,January,1
3383,"AGRICULTURAL & OTHER
 CHEMICALS GROUP",, FERTILIZER MANUFACTURED,MT,30384,5118,18368,-66.89,-68.34,-68.4,Import,2025,Qtr 1,January,1
3384,"AGRICULTURAL & OTHER
 CHEMICALS GROUP",, INSECTICIDES,MT,2672,4350,15613,44.9,36.16,35.93,Import,2025,Qtr 1,January,1
3385,"AGRICULTURAL & OTHER
 CHEMICALS GROUP",, PLASTIC MATERIALS,MT,195421,64902,232920,0.13,-1.12,-1.3,Import,2025,Qtr 1,January,1
3386,"AGRICULTURAL & OTHER
 CHEMICALS GROUP",, MEDICINAL PRODUCTS,MT,2855,26330,94493,-17.41,-16.79,-16.94,Import,2025,Qtr 1,January,1
3387,"AGRICULTURAL & OTHER
 CHEMICALS GROUP",, OTHERS,,,109860,394265,,7.34,7.14,Import,2025,Qtr 1,January,1
3389,METAL GROUP,, GOLD,KG,27,661,2371,-22.88,-21.63,-21.75,Import,2025,Qtr 1,January,1
3390,METAL GROUP,, IRON AND STEEL SCRAP,MT,213818,25033,89838,5.83,5.75,5.55,Import,2025,Qtr 1,January,1
3391,METAL GROUP,, IRON AND STEEL,MT,334190,60804,218215,57.18,44.91,44.63,Import,2025,Qtr 1,January,1
3392,METAL GROUP,, ALUMINIUM WROUGHT & WORKED,,,5335,19148,,23.45,23.2,Import,2025,Qtr 1,January,1
3393,METAL GROUP,, ALL OTHER METALS & ARTICALS,,,25621,91949,,-7.62,-7.79,Import,2025,Qtr 1,January,1
3395,MISCELLANEOUS GROUP,, RUBBER CRUDE INCL  SYNTH/RECLAIMED,MT,55530,7994,28690,32.05,22.16,21.93,Import,2025,Qtr 1,January,1
3396,MISCELLANEOUS GROUP,, RUBBER TYRES & TUBES,NO,603482,3548,12731,26.93,12.01,11.8,Import,2025,Qtr 1,January,1
3397,MISCELLANEOUS GROUP,, WOOD & CORK,,,2636,9461,,10.03,9.82,Import,2025,Qtr 1,January,1
3398,MISCELLANEOUS GROUP,, JUTE,MT,2631,602,2162,-53.92,-54.56,-54.67,Import,2025,Qtr 1,January,1
3399,MISCELLANEOUS GROUP,, PAPER & PAPER BOARD & MANUF THEREOF,MT,42017,11357,40756,40.2,30.75,30.5,Import,2025,Qtr 1,January,1
3400,MISCELLANEOUS GROUP,,ALL OTHERS ITEMS,,,84072,301720,,2.33,2.14,Import,2025,Qtr 1,January,1
3403,FOOD GROUP,," MILK,CREAM & MILK FOOD FOR INFANTS",MT,2798,2208,7885,-18.59,-21.01,-21.24,Import,2025,Qtr 1,March,1
3404,FOOD GROUP,, WHEAT UNMILLED,MT,0,0,0,0,0,0,Import,2025,Qtr 1,March,1
3405,FOOD GROUP,, DRY FRUITS & NUTS,MT,9077,2272,8111,-23.1,-31.82,-32.01,Import,2025,Qtr 1,March,1
3406,FOOD GROUP,, TEA,MT,23100,16259,58051,24.72,27.7,27.35,Import,2025,Qtr 1,March,1
3407,FOOD GROUP,, SPICES,MT,18324,5359,19133,-17.51,-14.15,-14.39,Import,2025,Qtr 1,March,1
3408,FOOD GROUP,, SOYABEAN OIL,MT,43364,13984,49927,34.75,36.57,36.19,Import,2025,Qtr 1,March,1
3409,FOOD GROUP,, PALM OIL,MT,279811,90168,321931,-13.44,-11.85,-12.1,Import,2025,Qtr 1,March,1
3410,FOOD GROUP,, SUGAR,MT,145,49,176,-43.58,-34.46,-34.81,Import,2025,Qtr 1,March,1
3411,FOOD GROUP,, PULSES (LEGUMINOUS VEGETABLES),MT,146917,27386,97777,18.34,2.32,2.03,Import,2025,Qtr 1,March,1
3412,FOOD GROUP,, ALL OTHERS FOOD ITEMS,,,48698,173869,,-16.09,-16.33,Import,2025,Qtr 1,March,1
3414,MACHINERY GROUP,, POWER GENERATING MACHINERY,,,12464,44501,,-8.68,-8.94,Import,2025,Qtr 1,March,1
3415,MACHINERY GROUP,, OFFICE MACHINE INCL DATA PROC EQUIP;,,,10880,38844,,12.72,12.41,Import,2025,Qtr 1,March,1
3416,MACHINERY GROUP,, TEXTILE MACHINERY,,,4451,15891,,-21.39,-21.61,Import,2025,Qtr 1,March,1
3417,MACHINERY GROUP,, CONSTRUCTION & MINING MACHINERY,,,3798,13561,,13.99,13.69,Import,2025,Qtr 1,March,1
3418,MACHINERY GROUP,, ELECTRICAL MACHINERY & APPARATUS,,,93238,332893,,10.72,10.41,Import,2025,Qtr 1,March,1
3420,MACHINERY GROUP, TELE COM, MOBILE PHONE,,,36776,131304,,-0.15,-0.43,Import,2025,Qtr 1,March,1
3421,MACHINERY GROUP, TELE COM, OTHER APPARATUS,,,16929,60442,,43.81,43.41,Import,2025,Qtr 1,March,1
3422,MACHINERY GROUP,, AGRICULTURAL MACHINERY & IMPLEMENTS,,,2425,8658,,8.65,8.32,Import,2025,Qtr 1,March,1
3423,MACHINERY GROUP,, OTHER MACHINERY,,,49289,175978,,2.09,1.8,Import,2025,Qtr 1,March,1
3427,TRANSPORT GROUP," ROAD MOTOR VEH  (BUILD UNIT,CKD/SKD)","CBU-BUSES,TRUCKS & OTH  HEAVY VEHICLES",,,1516,5412,,-6.55,-6.8,Import,2025,Qtr 1,March,1
3428,TRANSPORT GROUP," ROAD MOTOR VEH  (BUILD UNIT,CKD/SKD)",CBU-MOTOR CARS,,,6722,23998,,-4.27,-4.53,Import,2025,Qtr 1,March,1
3429,TRANSPORT GROUP," ROAD MOTOR VEH  (BUILD UNIT,CKD/SKD)",CBU-MOTOR CYCLES,,,47,167,,-37.82,-38.15,Import,2025,Qtr 1,March,1
3431,TRANSPORT GROUP," ROAD MOTOR VEH  (BUILD UNIT,CKD/SKD)","CKD/SKD-BUSES,TRUCKS & OTH  HEAVY VEHICLES",,,11812,42174,,-0.04,-0.32,Import,2025,Qtr 1,March,1
3432,TRANSPORT GROUP," ROAD MOTOR VEH  (BUILD UNIT,CKD/SKD)",CKD/SKD-MOTOR CARS,,,29408,104996,,12.88,12.57,Import,2025,Qtr 1,March,1
3433,TRANSPORT GROUP," ROAD MOTOR VEH  (BUILD UNIT,CKD/SKD)",CKD/SKD-MOTOR CYCLES,,,1356,4842,,30.03,29.67,Import,2025,Qtr 1,March,1
3434,TRANSPORT GROUP," ROAD MOTOR VEH  (BUILD UNIT,CKD/SKD)",PARTS & ACCESSORIES,,,7226,25799,,7.65,7.35,Import,2025,Qtr 1,March,1
3435,TRANSPORT GROUP," ROAD MOTOR VEH  (BUILD UNIT,CKD/SKD)",OTHERS,,,940,3356,,41.57,41.13,Import,2025,Qtr 1,March,1
3436,TRANSPORT GROUP,,"AIRCRAFTS, SHIPS AND BOATS",,,1,2,,-99.94,-99.93,Import,2025,Qtr 1,March,1
3437,TRANSPORT GROUP,,OTHERS TRANSPORT EQUIPMENTS,,,995,3552,,847.38,844.68,Import,2025,Qtr 1,March,1
3439,PETROLEUM GROUP,, PETROLEUM PRODUCTS,MT,912354,140104,500222,13.62,7.47,7.17,Import,2025,Qtr 1,March,1
3440,PETROLEUM GROUP,, PETROLEUM CRUDE,MT,843921,120956,431856,6.19,-2.31,-2.59,Import,2025,Qtr 1,March,1
3441,PETROLEUM GROUP,,"NATURAL GAS, LIQUIFIED",,,63295,225987,,-10.71,-10.96,Import,2025,Qtr 1,March,1
3442,PETROLEUM GROUP,," PETROLEUM GAS, LIQUIFIED",,,21402,76414,,-7.99,-8.25,Import,2025,Qtr 1,March,1
3443,PETROLEUM GROUP,, OTHERS,,,14,52,,31.55,26.83,Import,2025,Qtr 1,March,1
3445,TEXTILE GROUP,, RAW COTTON,MT,72241,36388,129920,19.46,16.86,16.53,Import,2025,Qtr 1,March,1
3446,TEXTILE GROUP,, SYNTHETIC FIBRE,MT,40012,16649,59442,24.79,19.48,19.15,Import,2025,Qtr 1,March,1
3447,TEXTILE GROUP,, SYNTHETIC & ARTIFICIAL SILK YARN,MT,30674,14377,51331,-19.17,-13.94,-14.18,Import,2025,Qtr 1,March,1
3448,TEXTILE GROUP,, WORN CLOTHING,MT,77142,9969,35594,-11.41,-7.64,-7.89,Import,2025,Qtr 1,March,1
3449,TEXTILE GROUP,, OTHR TEXTILE ITEMS,,,26068,93071,,-19.71,-19.93,Import,2025,Qtr 1,March,1
3451,"AGRICULTURAL & OTHER
 CHEMICALS GROUP",, FERTILIZER MANUFACTURED,MT,46749,8580,30634,92.93,150.52,149.79,Import,2025,Qtr 1,March,1
3452,"AGRICULTURAL & OTHER
 CHEMICALS GROUP",, INSECTICIDES,MT,2752,3567,12736,-10.17,2.71,2.43,Import,2025,Qtr 1,March,1
3453,"AGRICULTURAL & OTHER
 CHEMICALS GROUP",, PLASTIC MATERIALS,MT,170247,58196,207782,13.08,15.79,15.47,Import,2025,Qtr 1,March,1
3454,"AGRICULTURAL & OTHER
 CHEMICALS GROUP",, MEDICINAL PRODUCTS,MT,2934,24455,87312,26.95,13.9,13.58,Import,2025,Qtr 1,March,1
3455,"AGRICULTURAL & OTHER
 CHEMICALS GROUP",, OTHERS,,,103879,370886,,6.8,6.5,Import,2025,Qtr 1,March,1
3457,METAL GROUP,, GOLD,KG,22,615,2194,-48.84,-45.8,-45.96,Import,2025,Qtr 1,March,1
3458,METAL GROUP,, IRON AND STEEL SCRAP,MT,280635,33236,118664,18.61,20.99,20.66,Import,2025,Qtr 1,March,1
3459,METAL GROUP,, IRON AND STEEL,MT,328497,57531,205406,8.7,-0.6,-0.88,Import,2025,Qtr 1,March,1
3460,METAL GROUP,, ALUMINIUM WROUGHT & WORKED,,,4747,16947,,24.03,23.68,Import,2025,Qtr 1,March,1
3461,METAL GROUP,, ALL OTHER METALS & ARTICALS,,,25835,92240,,-16.29,-16.52,Import,2025,Qtr 1,March,1
3463,MISCELLANEOUS GROUP,, RUBBER CRUDE INCL  SYNTH/RECLAIMED,MT,41874,5422,19358,-7.04,-10.35,-10.61,Import,2025,Qtr 1,March,1
3464,MISCELLANEOUS GROUP,, RUBBER TYRES & TUBES,NO,504085,3177,11343,-5.44,37.65,37.27,Import,2025,Qtr 1,March,1
3465,MISCELLANEOUS GROUP,, WOOD & CORK,,,2456,8768,,-6.05,-6.3,Import,2025,Qtr 1,March,1
3466,MISCELLANEOUS GROUP,, JUTE,MT,209,50,177,-89.27,-88.37,-88.42,Import,2025,Qtr 1,March,1
3467,MISCELLANEOUS GROUP,, PAPER & PAPER BOARD & MANUF THEREOF,MT,35597,10051,35885,9.14,12.43,12.11,Import,2025,Qtr 1,March,1
3468,MISCELLANEOUS GROUP,,ALL OTHERS ITEMS,,,69370,247677,,-4.48,-4.74,Import,2025,Qtr 1,March,1
3469,FOOD GROUP,,"MILK,CREAM & MILK FOOD FOR INFANTS",  MT,4315,3433,12229,96.77,55.47,55.09,Import,2025,Qtr 2,April,1
3470,FOOD GROUP,,WHEAT UNMILLED,  MT,0,0,0,0,0,0,Import,2025,Qtr 2,April,1
3471,FOOD GROUP,,DRY FRUITS & NUTS,  MT,7571,1863,6635,-17.83,-18.02,-18.2,Import,2025,Qtr 2,April,1
3472,FOOD GROUP,,TEA,  MT,20668,14350,51120,-9.86,-11.74,-11.94,Import,2025,Qtr 2,April,1
3473,FOOD GROUP,,SPICES,  MT,16469,5295,18863,-10.27,-1.19,-1.41,Import,2025,Qtr 2,April,1
3474,FOOD GROUP,,SOYABEAN OIL,  MT,24347,7997,28489,-43.85,-42.81,-42.94,Import,2025,Qtr 2,April,1
3475,FOOD GROUP,,PALM OIL,  MT,260907,83674,298078,-6.76,-7.2,-7.41,Import,2025,Qtr 2,April,1
3476,FOOD GROUP,,SUGAR,  MT,332,99,352,129.07,101.55,100,Import,2025,Qtr 2,April,1
3477,FOOD GROUP,,PULSES  (LEGUMINOUS VEGETABLES),  MT,143484,26461,94262,-4.06,-3.38,-3.59,Import,2025,Qtr 2,April,1
3478,FOOD GROUP,,ALL OTHERS FOOD ITEMS,   -,,63810,227312,,31.03,30.74,Import,2025,Qtr 2,April,1
3479,MACHINERY GROUP,,POWER GENERATING MACHINERY,   -,,13143,46818,,5.74,5.5,Import,2025,Qtr 2,April,1
3480,MACHINERY GROUP,,OFFICE MACHINE INCL.DATA PROC EQUIP;,   -,,17166,61152,,57.81,57.46,Import,2025,Qtr 2,April,1
3481,MACHINERY GROUP,,TEXTILE MACHINERY,   -,,7546,26880,,69.53,69.15,Import,2025,Qtr 2,April,1
3482,MACHINERY GROUP,,CONSTRUCTION & MINING MACHINERY,   -,,3345,11918,,-11.92,-12.12,Import,2025,Qtr 2,April,1
3483,MACHINERY GROUP,,ELECTRICAL MACHINERY & APPARATUS,   -,,150199,535059,,61.06,60.69,Import,2025,Qtr 2,April,1
3484,MACHINERY GROUP,TELE COM,MOBILE PHONE,   -,,35122,125119,,-3.74,-3.96,Import,2025,Qtr 2,April,1
3485,MACHINERY GROUP,TELE COM,OTHER APPARATUS,   -,,13702,48811,,-18.75,-18.93,Import,2025,Qtr 2,April,1
3486,MACHINERY GROUP,,AGRICULTURAL MACHINERY & IMPLEMENTS,   -,,1915,6821,,-21.04,-21.22,Import,2025,Qtr 2,April,1
3487,MACHINERY GROUP,,OTHER MACHINERY,   -,,61128,217760,,24.03,23.75,Import,2025,Qtr 2,April,1
3488,TRANSPORT GROUP," ROAD MOTOR VEH  (BUILD UNIT,CKD/SKD)","CBU-BUSES,TRUCKS & OTH. HEAVY VEHICLES",   -,,2964,10558,,95.49,95.08,Import,2025,Qtr 2,April,1
3489,TRANSPORT GROUP," ROAD MOTOR VEH  (BUILD UNIT,CKD/SKD)",CBU-MOTOR CARS,   -,,7834,27908,,16.54,16.29,Import,2025,Qtr 2,April,1
3490,TRANSPORT GROUP," ROAD MOTOR VEH  (BUILD UNIT,CKD/SKD)",CBU-MOTOR CYCLES,   -,,87,309,,84.85,86.14,Import,2025,Qtr 2,April,1
3491,TRANSPORT GROUP," ROAD MOTOR VEH  (BUILD UNIT,CKD/SKD)","CKD/SKD-BUSES,TRUCKS & OTH. HEAVY VEHICLES",   -,,13127,46763,,11.13,10.88,Import,2025,Qtr 2,April,1
3492,TRANSPORT GROUP," ROAD MOTOR VEH  (BUILD UNIT,CKD/SKD)",CKD/SKD-MOTOR CARS,   -,,38687,137818,,31.55,31.26,Import,2025,Qtr 2,April,1
3493,TRANSPORT GROUP," ROAD MOTOR VEH  (BUILD UNIT,CKD/SKD)",CKD/SKD-MOTOR CYCLES,   -,,1371,4884,,1.12,0.87,Import,2025,Qtr 2,April,1
3494,TRANSPORT GROUP," ROAD MOTOR VEH  (BUILD UNIT,CKD/SKD)",PARTS & ACCESSORIES,   -,,7445,26523,,3.62,3.38,Import,2025,Qtr 2,April,1
3495,TRANSPORT GROUP," ROAD MOTOR VEH  (BUILD UNIT,CKD/SKD)",OTHERS,   -,,780,2778,,-17.03,-17.22,Import,2025,Qtr 2,April,1
3496,TRANSPORT GROUP,,"AIRCRAFTS, SHIPS AND BOATS",   -,,4123,14688,,412212.12,734300,Import,2025,Qtr 2,April,1
3497,TRANSPORT GROUP,,OTHERS TRANSPORT EQUIPMENTS,   -,,1233,4392,,1031.16,1031.96,Import,2025,Qtr 2,April,1
3498,PETROLEUM GROUP,, PETROLEUM PRODUCTS,  MT,913795,139114,495574,0.14,-0.71,-0.93,Import,2025,Qtr 2,April,1
3499,PETROLEUM GROUP,, PETROLEUM CRUDE,  MT,1065943,151470,539588,26.31,25.23,24.95,Import,2025,Qtr 2,April,1
3500,PETROLEUM GROUP,,"NATURAL GAS, LIQUIFIED",   -,,66043,235268,,4.34,4.11,Import,2025,Qtr 2,April,1
3501,PETROLEUM GROUP,," PETROLEUM GAS, LIQUIFIED",   -,,23512,83760,,9.86,9.61,Import,2025,Qtr 2,April,1
3502,PETROLEUM GROUP,, OTHERS,   -,,5,19,,-62.41,-63.46,Import,2025,Qtr 2,April,1
3503,TEXTILE GROUP,, RAW COTTON,  MT,113615,56960,202910,57.25,56.53,56.18,Import,2025,Qtr 2,April,1
3504,TEXTILE GROUP,, SYNTHETIC FIBRE,  MT,28114,11564,41194,-27.65,-30.54,-30.7,Import,2025,Qtr 2,April,1
3505,TEXTILE GROUP,, SYNTHETIC & ARTIFICIAL SILK YARN,  MT,32384,15622,55652,5.4,8.66,8.42,Import,2025,Qtr 2,April,1
3506,TEXTILE GROUP,, WORN CLOTHING,  MT,94826,12323,43898,19.12,23.61,23.33,Import,2025,Qtr 2,April,1
3507,TEXTILE GROUP,, OTHR TEXTILE ITEMS, -,,27248,97068,,4.57,4.34,Import,2025,Qtr 2,April,1
3508,AGRICULTURAL AND OTHER CHEMICALS GROUP,, FERTILIZER MANUFACTURED, MT,22962,4099,14601,-50.82,-52.23,-52.34,Import,2025,Qtr 2,April,1
3509,AGRICULTURAL AND OTHER CHEMICALS GROUP,, INSECTICIDES, MT,4508,5301,18883,78.8,48.6,48.28,Import,2025,Qtr 2,April,1
3510,AGRICULTURAL AND OTHER CHEMICALS GROUP,, PLASTIC MATERIALS, MT,185535,64101,228350,9,10.16,9.91,Import,2025,Qtr 2,April,1
3511,AGRICULTURAL AND OTHER CHEMICALS GROUP,, MEDICINAL PRODUCTS, MT,2674,26058,92828,4.78,-4.13,-4.34,Import,2025,Qtr 2,April,1
3512,AGRICULTURAL AND OTHER CHEMICALS GROUP,, OTHERS, -,,122129,435067,,20.75,20.48,Import,2025,Qtr 2,April,1
3513,METAL GROUP,, GOLD,KG,14,425,1515,-36.36,-30.83,-30.95,Import,2025,Qtr 2,April,1
3514,METAL GROUP,, IRON AND STEEL SCRAP, MT,292630,42018,149684,1.73,26.42,26.14,Import,2025,Qtr 2,April,1
3515,METAL GROUP,, IRON AND STEEL, MT,414209,70923,252652,36.34,23.28,23.01,Import,2025,Qtr 2,April,1
3516,METAL GROUP,, ALUMINIUM WROUGHT & WORKED, -,,5434,19357,,14.47,14.22,Import,2025,Qtr 2,April,1
3517,METAL GROUP,, ALL OTHER METALS & ARTICALS, -,,31104,110804,,20.4,20.13,Import,2025,Qtr 2,April,1
3518,MISCELLANEOUS GROUP,, RUBBER CRUDE INCL  SYNTH/RECLAIMED, MT,41351,7553,26908,-1.21,39.31,39,Import,2025,Qtr 2,April,1
3519,MISCELLANEOUS GROUP,, RUBBER TYRES & TUBES, NO,698793,3636,12953,38.37,14.45,14.19,Import,2025,Qtr 2,April,1
3520,MISCELLANEOUS GROUP,, WOOD & CORK, -,,2497,8894,,1.65,1.44,Import,2025,Qtr 2,April,1
3521,MISCELLANEOUS GROUP,, JUTE, MT,267,72,258,27.94,44.66,45.76,Import,2025,Qtr 2,April,1
3522,MISCELLANEOUS GROUP,, PAPER & PAPER BOARD & MANUF THEREOF, MT,46074,12950,46134,27.77,28.85,28.56,Import,2025,Qtr 2,April,1
3523,MISCELLANEOUS GROUP,,ALL OTHERS ITEMS,,,85114,303206,,29.02,28.73,Import,2025,Qtr 2,April,1
3524,FOOD GROUP,," MILK,CREAM & MILK FOOD FOR INFANTS",  MT,3989,2628,9330,13.68,-23.45,-23.71,Import,2025,Qtr 2,May,1
3525,FOOD GROUP,, WHEAT UNMILLED,  MT,0,0,0,0,0,0,Import,2025,Qtr 2,May,1
3526,FOOD GROUP,, DRY FRUITS & NUTS,  MT,8263,2111,7495,8.75,13.32,12.96,Import,2025,Qtr 2,May,1
3527,FOOD GROUP,, TEA,  MT,22246,16877,59918,9.87,17.61,17.21,Import,2025,Qtr 2,May,1
3528,FOOD GROUP,, SPICES,  MT,17931,5918,21011,8.86,11.77,11.39,Import,2025,Qtr 2,May,1
3529,FOOD GROUP,, SOYABEAN OIL,  MT,38800,11833,42010,59.36,47.97,47.46,Import,2025,Qtr 2,May,1
3530,FOOD GROUP,, PALM OIL,  MT,286704,92020,326698,9.89,9.97,9.6,Import,2025,Qtr 2,May,1
3531,FOOD GROUP,, SUGAR,  MT,336,89,316,0.89,-9.97,-10.23,Import,2025,Qtr 2,May,1
3532,FOOD GROUP,, PULSES  (LEGUMINOUS VEGETABLES),  MT,72973,14671,52086,-50.51,-44.56,-44.74,Import,2025,Qtr 2,May,1
3533,FOOD GROUP,, ALL OTHERS FOOD ITEMS,   -,,69088,245283,,8.27,7.9,Import,2025,Qtr 2,May,1
3534,MACHINERY GROUP,, POWER GENERATING MACHINERY,   -,,12303,43678,,-6.24,-6.56,Import,2025,Qtr 2,May,1
3535,MACHINERY GROUP,, OFFICE MACHINE INCL DATA PROC EQUIP;,   -,,15369,54566,,-10.42,-10.72,Import,2025,Qtr 2,May,1
3536,MACHINERY GROUP,, TEXTILE MACHINERY,   -,,6296,22353,,-16.56,-16.84,Import,2025,Qtr 2,May,1
3537,MACHINERY GROUP,, CONSTRUCTION & MINING MACHINERY,   -,,3672,13038,,9.79,9.4,Import,2025,Qtr 2,May,1
3538,MACHINERY GROUP,, ELECTRICAL MACHINERY & APPARATUS,   -,,111559,396069,,-25.51,-25.77,Import,2025,Qtr 2,May,1
3539,MACHINERY GROUP, TELE COM, MOBILE PHONE,   -,,28485,101131,,-18.89,-19.16,Import,2025,Qtr 2,May,1
3540,MACHINERY GROUP, TELE COM, OTHER APPARATUS,   -,,18049,64079,,33.24,32.79,Import,2025,Qtr 2,May,1
3541,MACHINERY GROUP,, AGRICULTURAL MACHINERY & IMPLEMENTS,   -,,1745,6196,,-8.86,-9.16,Import,2025,Qtr 2,May,1
3542,MACHINERY GROUP,, OTHER MACHINERY,   -,,59951,212845,,-2.1,-2.43,Import,2025,Qtr 2,May,1
3544,TRANSPORT GROUP," ROAD MOTOR VEH  (BUILD UNIT,CKD/SKD)","CBU-BUSES,TRUCKS & OTH  HEAVY VEHICLES",   -,,3871,13744,,30.92,30.47,Import,2025,Qtr 2,May,1
3545,TRANSPORT GROUP," ROAD MOTOR VEH  (BUILD UNIT,CKD/SKD)",CBU-MOTOR CARS,   -,,8370,29715,,6.85,6.49,Import,2025,Qtr 2,May,1
3546,TRANSPORT GROUP," ROAD MOTOR VEH  (BUILD UNIT,CKD/SKD)",CBU-MOTOR CYCLES,   -,,115,409,,32.53,32.36,Import,2025,Qtr 2,May,1
3547,TRANSPORT GROUP," ROAD MOTOR VEH  (BUILD UNIT,CKD/SKD)","CKD/SKD-BUSES,TRUCKS & OTH  HEAVY VEHICLES",   -,,15918,56515,,31.98,31.54,Import,2025,Qtr 2,May,1
3548,TRANSPORT GROUP," ROAD MOTOR VEH  (BUILD UNIT,CKD/SKD)",CKD/SKD-MOTOR CARS,   -,,37539,133276,,-2.51,-2.83,Import,2025,Qtr 2,May,1
3549,TRANSPORT GROUP," ROAD MOTOR VEH  (BUILD UNIT,CKD/SKD)",CKD/SKD-MOTOR CYCLES,   -,,1265,4492,,-7.71,-8.03,Import,2025,Qtr 2,May,1
3550,TRANSPORT GROUP," ROAD MOTOR VEH  (BUILD UNIT,CKD/SKD)",PARTS & ACCESSORIES,   -,,8103,28767,,-2.89,-3.23,Import,2025,Qtr 2,May,1
3551,TRANSPORT GROUP," ROAD MOTOR VEH  (BUILD UNIT,CKD/SKD)",OTHERS,   -,,1217,4322,,56.08,55.64,Import,2025,Qtr 2,May,1
3552,TRANSPORT GROUP,,"AIRCRAFTS, SHIPS AND BOATS",   -,,112,397,,-97.29,-97.3,Import,2025,Qtr 2,May,1
3553,TRANSPORT GROUP,,OTHERS TRANSPORT EQUIPMENTS,   -,,1132,4020,,1517.53,1520.97,Import,2025,Qtr 2,May,1
3554,PETROLEUM GROUP,, PETROLEUM PRODUCTS,  MT,961787,140651,499352,5.04,1.1,0.76,Import,2025,Qtr 2,May,1
3555,PETROLEUM GROUP,, PETROLEUM CRUDE,  MT,898047,124107,440617,-15.75,-18.06,-18.34,Import,2025,Qtr 2,May,1
3556,PETROLEUM GROUP,,"NATURAL GAS, LIQUIFIED",   -,,82753,293798,,25.3,24.88,Import,2025,Qtr 2,May,1
3557,PETROLEUM GROUP,," PETROLEUM GAS, LIQUIFIED",   -,,27463,97501,,16.8,16.41,Import,2025,Qtr 2,May,1
3558,PETROLEUM GROUP,, OTHERS,   -,,3,10,,-41.97,-47.37,Import,2025,Qtr 2,May,1
3559,TEXTILE GROUP,, RAW COTTON,  MT,72631,35830,127207,-36.07,-37.1,-37.31,Import,2025,Qtr 2,May,1
3560,TEXTILE GROUP,, SYNTHETIC FIBRE,  MT,26131,10633,37751,-7.06,-8.05,-8.36,Import,2025,Qtr 2,May,1
3561,TEXTILE GROUP,, SYNTHETIC & ARTIFICIAL SILK YARN,  MT,32834,15733,55856,1.2,0.71,0.37,Import,2025,Qtr 2,May,1
3562,TEXTILE GROUP,, WORN CLOTHING,  MT,88486,11541,40974,-6.69,-6.34,-6.66,Import,2025,Qtr 2,May,1
3563,TEXTILE GROUP,, OTHR TEXTILE ITEMS, -,,29854,105990,,9.56,9.19,Import,2025,Qtr 2,May,1
3564,AGRICULTURAL AND OTHER CHEMICALS GROUP,, FERTILIZER MANUFACTURED, MT,87975,16858,59849,306.48,311.26,309.9,Import,2025,Qtr 2,May,1
3565,AGRICULTURAL AND OTHER CHEMICALS GROUP,, INSECTICIDES, MT,4909,4491,15944,9.26,-15.26,-15.56,Import,2025,Qtr 2,May,1
3566,AGRICULTURAL AND OTHER CHEMICALS GROUP,, PLASTIC MATERIALS, MT,158121,53722,190728,-14.58,-16.19,-16.47,Import,2025,Qtr 2,May,1
3567,AGRICULTURAL AND OTHER CHEMICALS GROUP,, MEDICINAL PRODUCTS, MT,4386,21449,76150,44.38,-24.33,-24.59,Import,2025,Qtr 2,May,1
3568,AGRICULTURAL AND OTHER CHEMICALS GROUP,, OTHERS, -,,110999,394079,,-7.36,-7.67,Import,2025,Qtr 2,May,1
3569,METAL GROUP,, GOLD,KG,9,261,927,-38.93,-38.55,-38.81,Import,2025,Qtr 2,May,1
3570,METAL GROUP,, IRON AND STEEL SCRAP, MT,304060,42722,151678,4.16,1.68,1.33,Import,2025,Qtr 2,May,1
3571,METAL GROUP,, IRON AND STEEL, MT,343556,62090,220439,-7.26,-12.45,-12.75,Import,2025,Qtr 2,May,1
3572,METAL GROUP,, ALUMINIUM WROUGHT & WORKED, -,,5363,19039,,-1.31,-1.64,Import,2025,Qtr 2,May,1
3573,METAL GROUP,, ALL OTHER METALS & ARTICALS, -,,24414,86678,,-21.51,-21.77,Import,2025,Qtr 2,May,1
3574,MISCELLANEOUS GROUP,, RUBBER CRUDE INCL  SYNTH/RECLAIMED, MT,36808,6559,23287,-10.93,-13.16,-13.46,Import,2025,Qtr 2,May,1
3575,MISCELLANEOUS GROUP,, RUBBER TYRES & TUBES, NO,744690,3348,11885,4.21,-12.29,-12.6,Import,2025,Qtr 2,May,1
3576,MISCELLANEOUS GROUP,, WOOD & CORK, -,,2284,8108,,-8.54,-8.84,Import,2025,Qtr 2,May,1
3577,MISCELLANEOUS GROUP,, JUTE, MT,480,115,408,79.62,59.74,58.14,Import,2025,Qtr 2,May,1
3578,MISCELLANEOUS GROUP,, PAPER & PAPER BOARD & MANUF THEREOF, MT,33901,9910,35183,-26.42,-23.48,-23.74,Import,2025,Qtr 2,May,1
3579,MISCELLANEOUS GROUP,,ALL OTHERS ITEMS,,,91837,326054,,11.05,10.67,Import,2025,Qtr 2,May,1
, FOOD GROUP,," MILK,CREAM & MILK FOOD FOR INFANTS",MT,4179.97997,3417.048445,12074,69.64,30.02,29.41,Import,2025,Qtr 3,June,1
, FOOD GROUP,, WHEAT UNMILLED,MT,0,0,0,0,0,0,Import,2025,Qtr 3,June,1
, FOOD GROUP,, DRY FRUITS & NUTS,MT,5777.04066,1695.825699,5992,-30.35,-19.67,-20.05,Import,2025,Qtr 3,June,1
, FOOD GROUP,, TEA,MT,19804.34842,14083.9654,49767,-9.86,-16.55,-16.94,Import,2025,Qtr 3,June,1
, FOOD GROUP,, SPICES,MT,14951.46467,4599.111179,16251,-16.65,-22.29,-22.65,Import,2025,Qtr 3,June,1
, FOOD GROUP,, SOYABEAN OIL,MT,20305.56,6296.557457,22249,-47.66,-46.79,-47.04,Import,2025,Qtr 3,June,1
, FOOD GROUP,, PALM OIL,MT,175754.359,55473.59872,196020,-38.7,-39.72,-40,Import,2025,Qtr 3,June,1
, FOOD GROUP,, SUGAR,MT,166.642,60.624367,214,-50.55,-31.88,-32.28,Import,2025,Qtr 3,June,1
, FOOD GROUP,, PULSES  (LEGUMINOUS VEGETABLES),MT,63997.1318,13101.14504,46294,-15.12,-10.7,-11.12,Import,2025,Qtr 3,June,1
, FOOD GROUP,, ALL OTHERS FOOD ITEMS,-,,51060.99819,180427,-,-26.09,-26.44,Import,2025,Qtr 3,June,1
,MACHINERY GROUP,, POWER GENERATING MACHINERY,-,,11694.64492,41324,-,-4.63,-5.09,Import,2025,Qtr 3,June,1
,MACHINERY GROUP,, OFFICE MACHINE INCL+DATA PROC EQUIP;,-,,10765.03629,38039,-,-29.92,-30.26,Import,2025,Qtr 3,June,1
,MACHINERY GROUP,, TEXTILE MACHINERY,-,,7851.217189,27743,-,24.7,24.11,Import,2025,Qtr 3,June,1
,MACHINERY GROUP,, CONSTRUCTION & MINING MACHINERY,-,,3147.675883,11123,-,-14.3,-14.69,Import,2025,Qtr 3,June,1
,MACHINERY GROUP,, ELECTRICAL MACHINERY & APPARATUS,-,,128763.732,454995,-,15.71,15.17,Import,2025,Qtr 3,June,1
,MACHINERY GROUP, TELE COM, MOBILE PHONE,-,,39457.42246,139425,-,40.26,39.6,Import,2025,Qtr 3,June,1
,MACHINERY GROUP, TELE COM, OTHER APPARATUS,-,,19149.19586,67665,-,7.14,6.64,Import,2025,Qtr 3,June,1
,MACHINERY GROUP,, AGRICULTURAL MACHINERY & IMPLEMENTS,-,,3021.055551,10675,-,72.93,72.09,Import,2025,Qtr 3,June,1
,MACHINERY GROUP,, OTHER MACHINERY,-,,58686.70235,207373,-,-2.3,-2.76,Import,2025,Qtr 3,June,1
,TRANSPORT GROUP,,1 CBU,-,,9504.068352,33583,-,-23.02,-23.39,Import,2025,Qtr 3,June,1
,TRANSPORT GROUP,  ROAD MOTOR VEH,"CBU-BUSES,TRUCKS & OTH  HEAVY VEHICLES",-,,3673.693247,12981,-,-5.1,-5.55,Import,2025,Qtr 3,June,1
,TRANSPORT GROUP,  ROAD MOTOR VEH,CBU-MOTOR CARS,-,,5756.995347,20343,-,-31.14,-31.46,Import,2025,Qtr 3,June,1
,TRANSPORT GROUP,  ROAD MOTOR VEH,CBU-MOTOR CYCLES,-,,73.379758,259,-,-36.19,-36.67,Import,2025,Qtr 3,June,1
,TRANSPORT GROUP,,2 CKD/SKD,-,,62116.17491,219491,-,15.11,14.56,Import,2025,Qtr 3,June,1
,TRANSPORT GROUP,  ROAD MOTOR VEH,"CKD/SKD-BUSES,TRUCKS & OTH  HEAVY VEHICLES",-,,17261.16769,60993,-,11.8,11.27,Import,2025,Qtr 3,June,1
,TRANSPORT GROUP,  ROAD MOTOR VEH,CKD/SKD-MOTOR CARS,-,,43424.34585,153443,-,16.54,16,Import,2025,Qtr 3,June,1
,TRANSPORT GROUP,  ROAD MOTOR VEH,CKD/SKD-MOTOR CYCLES,-,,1430.661371,5055,-,13.1,12.53,Import,2025,Qtr 3,June,1
,TRANSPORT GROUP,,3G PARTS & ACCESSORIES,-,,7496.469086,26489,-,-10.07,-10.49,Import,2025,Qtr 3,June,1
,TRANSPORT GROUP,,4H OTHERS,-,,498.458109,1761,-,-59.04,-59.25,Import,2025,Qtr 3,June,1
,TRANSPORT GROUP,,"AIRCRAFTS, SHIPS AND BOATS",-,,7203.536542,25454,-,6274.81,6263.5,Import,2025,Qtr 3,June,1
,TRANSPORT GROUP,,OTHERS TRANSPORT EQUIPMENTS,-,,1182.890791,4180,-,727.2,721.22,Import,2025,Qtr 3,June,1
,PETROLEUM GROUP,, PETROLEUM PRODUCTS,MT,1053325.188,144188.9502,509501,9.49,2.52,2.03,Import,2025,Qtr 3,June,1
,PETROLEUM GROUP,, PETROLEUM CRUDE,MT,789077.3199,131568.4216,464906,-12.14,6.01,5.51,Import,2025,Qtr 3,June,1
,PETROLEUM GROUP,,"NATURAL GAS, LIQUIFIED",-,,74967.27173,264902,-,-9.41,-9.84,Import,2025,Qtr 3,June,1
,PETROLEUM GROUP,," PETROLEUM GAS, LIQUIFIED",-,,20427.97701,72184,-,-25.62,-25.97,Import,2025,Qtr 3,June,1
,PETROLEUM GROUP,, OTHERS,-,,4.644466,16,-,54.82,60,Import,2025,Qtr 3,June,1
,TEXTILE GROUP,, RAW COTTON,MT,46509.96184,23021.57508,81348,-35.97,-35.75,-36.05,Import,2025,Qtr 3,June,1
,TEXTILE GROUP,, SYNTHETIC FIBRE,MT,35138.49892,13553.24869,47891,38.98,27.46,26.86,Import,2025,Qtr 3,June,1
,TEXTILE GROUP,, SYNTHETIC & ARTIFICIAL SILK YARN,MT,25067.78545,13057.68644,46140,-23.8,-17,-17.39,Import,2025,Qtr 3,June,1
,TEXTILE GROUP,, WORN CLOTHING,MT,87849.85912,11400.61458,40285,-3.57,-1.22,-1.68,Import,2025,Qtr 3,June,1
,TEXTILE GROUP,, OTHR TEXTILE ITEMS,-,,28214.62711,99698,-,-5.49,-5.94,Import,2025,Qtr 3,June,1
,AGRICULTURAL AND OTHER CHEMICALS GROUP,, FERTILIZER MANUFACTURED,MT,138357.8985,26499.39929,93637,57.95,57.2,56.46,Import,2025,Qtr 3,June,1
,AGRICULTURAL AND OTHER CHEMICALS GROUP,, INSECTICIDES,MT,1861.5975,3235.45245,11433,-53.43,-27.96,-28.29,Import,2025,Qtr 3,June,1
,AGRICULTURAL AND OTHER CHEMICALS GROUP,, PLASTIC MATERIALS,MT,121054.6177,42529.89639,150282,-23.47,-20.83,-21.21,Import,2025,Qtr 3,June,1
,AGRICULTURAL AND OTHER CHEMICALS GROUP,, MEDICINAL PRODUCTS,MT,4384.098941,24964.09129,88212,48.82,-3.34,-3.8,Import,2025,Qtr 3,June,1
,AGRICULTURAL AND OTHER CHEMICALS GROUP,, OTHERS,-,,93876.76989,331720,-,-11.94,-12.36,Import,2025,Qtr 3,June,1
,METAL GROUP,, GOLD,KG,0,0,0,-100,-100,-100,Import,2025,Qtr 3,June,1
,METAL GROUP,, IRON AND STEEL SCRAP,MT,188417.3554,25102.92014,88703,-41.08,-41.24,-41.52,Import,2025,Qtr 3,June,1
,METAL GROUP,, IRON AND STEEL,MT,178520.1271,38642.13759,136545,-47.56,-37.76,-38.05,Import,2025,Qtr 3,June,1
,METAL GROUP,, ALUMINIUM WROUGHT & WORKED,-,,4473.98139,15809,-,-16.58,-16.97,Import,2025,Qtr 3,June,1
,METAL GROUP,, ALL OTHER METALS & ARTICALS,-,,23836.82939,84229,-,-2.36,-2.82,Import,2025,Qtr 3,June,1
,MISCELLANEOUS GROUP,, RUBBER CRUDE INCL+ SYNTH/RECLAIMED,MT,27377.77202,3703.758449,13087,-25.63,-43.53,-43.8,Import,2025,Qtr 3,June,1
,MISCELLANEOUS GROUP,, RUBBER TYRES & TUBES,NO,414789,2662.315604,9407,-44.55,-25.36,-25.72,Import,2025,Qtr 3,June,1
,MISCELLANEOUS GROUP,, WOOD & CORK,-,,2574.000165,9095,-,12.7,12.17,Import,2025,Qtr 3,June,1
,MISCELLANEOUS GROUP,, JUTE,MT,105,25.928402,92,-78.13,-77.45,-77.45,Import,2025,Qtr 3,June,1
,MISCELLANEOUS GROUP,, PAPER & PAPER BOARD & MANUF+THEREOF,MT,36502.47732,9074.86928,32067,6.24,-8.43,-8.86,Import,2025,Qtr 3,June,1
, FOOD GROUP,," MILK,CREAM & MILK FOOD FOR INFANTS",MT,6553.51884,4275.961495,15022.99205,49.93,19.77,19.19,Import,2025,Qtr 3,July,1
, FOOD GROUP,, WHEAT UNMILLED,MT,0,0,0,0,0,0,Import,2025,Qtr 3,July,1
, FOOD GROUP,, DRY FRUITS & NUTS,MT,7978.999929,2361.137647,8294.538293,38.12,39.23,38.63,Import,2025,Qtr 3,July,1
, FOOD GROUP,, TEA,MT,19030.28754,11955.32146,41993.68529,-4.05,-15.25,-15.65,Import,2025,Qtr 3,July,1
, FOOD GROUP,, SPICES,MT,19565.43087,6773.999599,23796.12438,29.86,44.58,43.83,Import,2025,Qtr 3,July,1
, FOOD GROUP,, SOYABEAN OIL,MT,29150.16,9062.273517,31839.76671,43.56,43.92,43.52,Import,2025,Qtr 3,July,1
, FOOD GROUP,, PALM OIL,MT,286835.502,86012.92038,302148.7763,63.2,55.05,54.29,Import,2025,Qtr 3,July,1
, FOOD GROUP,, SUGAR,MT,395.001,110.338908,388.0030654,137.04,82,81.6,Import,2025,Qtr 3,July,1
, FOOD GROUP,, PULSES  (LEGUMINOUS VEGETABLES),MT,110097.912,21009.8326,73836.52709,72.04,60.37,59.59,Import,2025,Qtr 3,July,1
, FOOD GROUP,, ALL OTHERS FOOD ITEMS,-,-,70167.69963,246558.9879,-,36.47,35.78,Import,2025,Qtr 3,July,1
,MACHINERY GROUP,, POWER GENERATING MACHINERY,-,-,16195.28736,56875.6194,-,21.51,20.84,Import,2025,Qtr 3,July,1
,MACHINERY GROUP,, OFFICE MACHINE INCL+DATA PROC EQUIP;,-,-,17851.75854,62742.50737,-,60.6,59.82,Import,2025,Qtr 3,July,1
,MACHINERY GROUP,, TEXTILE MACHINERY,-,-,19089.23283,67106.95723,-,14.32,13.85,Import,2025,Qtr 3,July,1
,MACHINERY GROUP,, CONSTRUCTION & MINING MACHINERY,-,-,3128.413717,10990.37093,-,-1.39,-1.86,Import,2025,Qtr 3,July,1
,MACHINERY GROUP,, ELECTRICAL MACHINERY & APPARATUS,-,-,83232.41813,292371.0132,-,-36.94,-37.25,Import,2025,Qtr 3,July,1
,MACHINERY GROUP, TELE COM, MOBILE PHONE,-,-,41384.86461,145344.9083,-,4.88,4.41,Import,2025,Qtr 3,July,1
,MACHINERY GROUP, TELE COM, OTHER APPARATUS,-,-,13273.01322,46654.49177,-,-31.07,-31.39,Import,2025,Qtr 3,July,1
,MACHINERY GROUP,, AGRICULTURAL MACHINERY & IMPLEMENTS,-,-,4100.877515,14410.68711,-,35.55,34.95,Import,2025,Qtr 3,July,1
,MACHINERY GROUP,, OTHER MACHINERY,-,-,65771.75198,231037.5881,-,2.53,2,Import,2025,Qtr 3,July,1
,TRANSPORT GROUP,,1 CBU,-,-,11998.14224,42168.22591,-,26.24,25.66,Import,2025,Qtr 3,July,1
,TRANSPORT GROUP,  ROAD MOTOR VEH,"CBU-BUSES,TRUCKS & OTH  HEAVY VEHICLES",-,-,2602.329753,9152.301841,-,-29.16,-29.44,Import,2025,Qtr 3,July,1
,TRANSPORT GROUP,  ROAD MOTOR VEH,CBU-MOTOR CARS,-,-,9335.404687,32803.41605,-,62.16,61.38,Import,2025,Qtr 3,July,1
,TRANSPORT GROUP,  ROAD MOTOR VEH,CBU-MOTOR CYCLES,-,-,60.407804,212.5080181,-,-17.68,-17.98,Import,2025,Qtr 3,July,1
,TRANSPORT GROUP,,2 CKD/SKD,-,-,54096.2708,189899.5385,-,-12.91,-13.39,Import,2025,Qtr 3,July,1
,TRANSPORT GROUP,  ROAD MOTOR VEH,"CKD/SKD-BUSES,TRUCKS & OTH  HEAVY VEHICLES",-,-,14471.44043,50780.53819,-,-16.16,-16.66,Import,2025,Qtr 3,July,1
,TRANSPORT GROUP,  ROAD MOTOR VEH,CKD/SKD-MOTOR CARS,-,-,38227.66171,134211.2346,-,-11.97,-12.44,Import,2025,Qtr 3,July,1
,TRANSPORT GROUP,  ROAD MOTOR VEH,CKD/SKD-MOTOR CYCLES,-,-,1397.168658,4907.76569,-,-2.34,-2.77,Import,2025,Qtr 3,July,1
,TRANSPORT GROUP,,3G PARTS & ACCESSORIES,-,-,9421.370169,33095.5001,-,21.67,21.06,Import,2025,Qtr 3,July,1
,TRANSPORT GROUP,,4H OTHERS,-,-,1775.017755,6231.804219,-,255.17,253.28,Import,2025,Qtr 3,July,1
,TRANSPORT GROUP,,"AIRCRAFTS, SHIPS AND BOATS",-,-,3277.399017,11533.81042,-,-54.5,-54.65,Import,2025,Qtr 3,July,1
,TRANSPORT GROUP,,OTHERS TRANSPORT EQUIPMENTS,-,-,6890.212032,24162.51162,-,482.45,478.47,Import,2025,Qtr 3,July,1
,PETROLEUM GROUP,, PETROLEUM PRODUCTS,MT,1233707.409,180489.3875,634771.2372,17.09,25.08,24.74,Import,2025,Qtr 3,July,1
,PETROLEUM GROUP,, PETROLEUM CRUDE,MT,758383.5343,113168.5259,398317.6921,-3.89,-13.99,-14.41,Import,2025,Qtr 3,July,1
,PETROLEUM GROUP,,"NATURAL GAS, LIQUIFIED",-,-,65727.79325,230804.9632,-,-12.32,-12.67,Import,2025,Qtr 3,July,1
,PETROLEUM GROUP,," PETROLEUM GAS, LIQUIFIED",-,-,23320.97349,81897.44815,-,14.16,13.6,Import,2025,Qtr 3,July,1
,PETROLEUM GROUP,, OTHERS,-,-,1.539485,5.395198312,-,-66.85,-67.11,Import,2025,Qtr 3,July,1
,TEXTILE GROUP,, RAW COTTON,MT,80519.02285,40735.44957,143105.0781,-35.65,-35.16,-35.44,Import,2025,Qtr 3,July,1
,TEXTILE GROUP,, SYNTHETIC FIBRE,MT,53844.03092,21442.85539,75359.46904,10.72,22.88,22.32,Import,2025,Qtr 3,July,1
,TEXTILE GROUP,, SYNTHETIC & ARTIFICIAL SILK YARN,MT,63562.81692,30201.44346,106091.4338,55.35,46.31,45.54,Import,2025,Qtr 3,July,1
,TEXTILE GROUP,, WORN CLOTHING,MT,92041.26926,12531.21388,44018.25352,4.72,9.85,9.35,Import,2025,Qtr 3,July,1
,TEXTILE GROUP,, OTHR TEXTILE ITEMS,-,-,63958.51558,224712.8639,-,-0.63,-1.09,Import,2025,Qtr 3,July,1
,AGRICULTURAL AND OTHER CHEMICALS GROUP,, FERTILIZER MANUFACTURED,MT,72961.72688,12002.025,42209.23699,-47.27,-54.72,-54.98,Import,2025,Qtr 3,July,1
,AGRICULTURAL AND OTHER CHEMICALS GROUP,, INSECTICIDES,MT,3111.944734,3979.347116,13990.78531,66.19,22.22,21.67,Import,2025,Qtr 3,July,1
,AGRICULTURAL AND OTHER CHEMICALS GROUP,, PLASTIC MATERIALS,MT,231869.4058,77290.80347,271591.2883,70.57,59.53,58.77,Import,2025,Qtr 3,July,1
,AGRICULTURAL AND OTHER CHEMICALS GROUP,, MEDICINAL PRODUCTS,MT,3035.299875,28360.47357,99662.33527,-30.78,13.6,13.03,Import,2025,Qtr 3,July,1
,AGRICULTURAL AND OTHER CHEMICALS GROUP,, OTHERS,-,-,132405.0025,465238.3145,-,22.61,22.04,Import,2025,Qtr 3,July,1
,METAL GROUP,, GOLD,KG,0,0.017003,0.059712028,0,0,0,Import,2025,Qtr 3,July,1
,METAL GROUP,, IRON AND STEEL SCRAP,MT,311887.5312,43883.1065,154172.4029,65.01,73.75,72.9,Import,2025,Qtr 3,July,1
,METAL GROUP,, IRON AND STEEL,MT,343257,68994.39597,242483.5096,82.84,71.84,71.05,Import,2025,Qtr 3,July,1
,METAL GROUP,, ALUMINIUM WROUGHT & WORKED,-,-,7299.042372,25643.04381,-,39.48,38.8,Import,2025,Qtr 3,July,1
,METAL GROUP,, ALL OTHER METALS & ARTICALS,-,-,35590.55881,125033.9103,-,35.36,34.7,Import,2025,Qtr 3,July,1
,MISCELLANEOUS GROUP,, RUBBER CRUDE INCL+ SYNTH/RECLAIMED,MT,51041.8668,9312.695453,32723.19029,76.73,104.54,103.6,Import,2025,Qtr 3,July,1
,MISCELLANEOUS GROUP,, RUBBER TYRES & TUBES,NO,1202736,6749.495285,23716.76471,189.37,153.07,151.84,Import,2025,Qtr 3,July,1
,MISCELLANEOUS GROUP,, WOOD & CORK,-,-,2698.200473,9481.191284,-,4.25,3.75,Import,2025,Qtr 3,July,1
,MISCELLANEOUS GROUP,, JUTE,MT,2198.32034,527.439693,1851.314948,1323.23,1360.9,1350.27,Import,2025,Qtr 3,July,1
,MISCELLANEOUS GROUP,, PAPER & PAPER BOARD & MANUF+THEREOF,MT,50445.46563,12962.37345,45545.157,29.98,35.18,34.53,Import,2025,Qtr 3,July,1
, FOOD GROUP,," MILK,CREAM & MILK FOOD FOR INFANTS",MT,3890.476873,2681.494779,9483.014917,-40.64,-37.29,-36.88,Import,2025,Qtr 3,August,1
, FOOD GROUP,, WHEAT UNMILLED,MT,0,0,0,0,0,0,Import,2025,Qtr 3,August,1
, FOOD GROUP,, DRY FRUITS & NUTS,MT,9697.829,2682.038401,9489.436242,21.54,13.59,14.41,Import,2025,Qtr 3,August,1
, FOOD GROUP,, TEA,MT,23409.92258,15545.51725,54987.53638,23.01,30.03,30.94,Import,2025,Qtr 3,August,1
, FOOD GROUP,, SPICES,MT,13035.73751,4591.57969,16243.30601,-33.37,-32.22,-31.74,Import,2025,Qtr 3,August,1
, FOOD GROUP,, SOYABEAN OIL,MT,9889,3079.817745,10898.00041,-66.08,-66.01,-65.77,Import,2025,Qtr 3,August,1
, FOOD GROUP,, PALM OIL,MT,323130.1882,95399.40832,337480.6725,12.65,10.91,11.69,Import,2025,Qtr 3,August,1
, FOOD GROUP,, SUGAR,MT,164.1158,51.786359,183.0279871,-58.45,-53.07,-52.83,Import,2025,Qtr 3,August,1
, FOOD GROUP,, PULSES  (LEGUMINOUS VEGETABLES),MT,104546.3822,20779.82352,73481.34585,-5.04,-1.09,-0.48,Import,2025,Qtr 3,August,1
, FOOD GROUP,, ALL OTHERS FOOD ITEMS,-,,60353.98074,213522.9814,-,-13.99,-13.4,Import,2025,Qtr 3,August,1
,MACHINERY GROUP,, POWER GENERATING MACHINERY,-,,14311.77294,50629.39934,-,-11.63,-10.98,Import,2025,Qtr 3,August,1
,MACHINERY GROUP,, OFFICE MACHINE INCL+DATA PROC EQUIP;,-,,12391.64715,43831.62103,-,-30.59,-30.14,Import,2025,Qtr 3,August,1
,MACHINERY GROUP,, TEXTILE MACHINERY,-,,14709.98876,52030.76722,-,-22.94,-22.47,Import,2025,Qtr 3,August,1
,MACHINERY GROUP,, CONSTRUCTION & MINING MACHINERY,-,,4801.185616,16985.42245,-,53.47,54.55,Import,2025,Qtr 3,August,1
,MACHINERY GROUP,, ELECTRICAL MACHINERY & APPARATUS,-,,63395.7187,224186.4291,-,-23.83,-23.32,Import,2025,Qtr 3,August,1
,MACHINERY GROUP, TELE COM, MOBILE PHONE,-,,43860.63377,155164.1312,-,5.98,6.76,Import,2025,Qtr 3,August,1
,MACHINERY GROUP, TELE COM, OTHER APPARATUS,-,,13894.32079,49145.97008,-,4.68,5.34,Import,2025,Qtr 3,August,1
,MACHINERY GROUP,, AGRICULTURAL MACHINERY & IMPLEMENTS,-,,4239.006334,14993.15654,-,3.37,4.04,Import,2025,Qtr 3,August,1
,MACHINERY GROUP,, OTHER MACHINERY,-,,49062.90216,173529.9978,-,-25.4,-24.89,Import,2025,Qtr 3,August,1
,TRANSPORT GROUP,,1 CBU,-,,14404.3792,50921.83546,-,20.06,20.76,Import,2025,Qtr 3,August,1
,TRANSPORT GROUP,  ROAD MOTOR VEH,"CBU-BUSES,TRUCKS & OTH  HEAVY VEHICLES",-,,7030.750791,24857.71032,-,170.17,171.6,Import,2025,Qtr 3,August,1
,TRANSPORT GROUP,  ROAD MOTOR VEH,CBU-MOTOR CARS,-,,7309.416649,25837.163,-,-21.7,-21.24,Import,2025,Qtr 3,August,1
,TRANSPORT GROUP,  ROAD MOTOR VEH,CBU-MOTOR CYCLES,-,,64.211757,226.9621329,-,6.3,6.8,Import,2025,Qtr 3,August,1
,TRANSPORT GROUP,,2 CKD/SKD,-,,62982.41145,222757.6846,-,16.43,17.3,Import,2025,Qtr 3,August,1
,TRANSPORT GROUP,  ROAD MOTOR VEH,"CKD/SKD-BUSES,TRUCKS & OTH  HEAVY VEHICLES",-,,12819.8667,45334.22596,-,-11.41,-10.73,Import,2025,Qtr 3,August,1
,TRANSPORT GROUP,  ROAD MOTOR VEH,CKD/SKD-MOTOR CARS,-,,48307.82027,170865.3768,-,26.37,27.31,Import,2025,Qtr 3,August,1
,TRANSPORT GROUP,  ROAD MOTOR VEH,CKD/SKD-MOTOR CYCLES,-,,1854.724472,6558.081855,-,32.75,33.63,Import,2025,Qtr 3,August,1
,TRANSPORT GROUP,,3G PARTS & ACCESSORIES,-,,8148.678329,28814.72313,-,-13.51,-12.93,Import,2025,Qtr 3,August,1
,TRANSPORT GROUP,,4H OTHERS,-,,739.554028,2615.78188,-,-58.34,-58.03,Import,2025,Qtr 3,August,1
,TRANSPORT GROUP,,"AIRCRAFTS, SHIPS AND BOATS",-,,2329.842189,8244.558637,-,-28.91,-28.52,Import,2025,Qtr 3,August,1
,TRANSPORT GROUP,,OTHERS TRANSPORT EQUIPMENTS,-,,1534.739685,5427.69335,-,-77.73,-77.54,Import,2025,Qtr 3,August,1
,PETROLEUM GROUP,, PETROLEUM PRODUCTS,MT,654283.2248,100299.9224,355060.7838,-46.97,-44.43,-44.06,Import,2025,Qtr 3,August,1
,PETROLEUM GROUP,, PETROLEUM CRUDE,MT,982917.2341,138204.6762,488711.4074,29.61,22.12,22.69,Import,2025,Qtr 3,August,1
,PETROLEUM GROUP,,"NATURAL GAS, LIQUIFIED",-,,78227.33172,276842.5811,-,19.02,19.95,Import,2025,Qtr 3,August,1
,PETROLEUM GROUP,," PETROLEUM GAS, LIQUIFIED",-,,20365.93467,72039.77869,-,-12.67,-12.04,Import,2025,Qtr 3,August,1
,PETROLEUM GROUP,, OTHERS,-,,3.415434,12.06628481,-,121.86,123.65,Import,2025,Qtr 3,August,1
,TEXTILE GROUP,, RAW COTTON,MT,63223.44931,31823.67855,112601.417,-21.48,-21.88,-21.32,Import,2025,Qtr 3,August,1
,TEXTILE GROUP,, SYNTHETIC FIBRE,MT,48757.6967,19455.65702,68827.03728,-9.45,-9.27,-8.67,Import,2025,Qtr 3,August,1
,TEXTILE GROUP,, SYNTHETIC & ARTIFICIAL SILK YARN,MT,43552.95225,20398.78997,72155.079,-31.48,-32.46,-31.99,Import,2025,Qtr 3,August,1
,TEXTILE GROUP,, WORN CLOTHING,MT,90539.91151,12311.93475,43539.93521,-1.63,-1.75,-1.09,Import,2025,Qtr 3,August,1
,TEXTILE GROUP,, OTHR TEXTILE ITEMS,-,,58603.71845,207255.0196,-,-8.37,-7.77,Import,2025,Qtr 3,August,1
,AGRICULTURAL AND OTHER CHEMICALS GROUP,, FERTILIZER MANUFACTURED,MT,84528.76808,16275.21491,57607.52884,15.85,35.6,36.48,Import,2025,Qtr 3,August,1
,AGRICULTURAL AND OTHER CHEMICALS GROUP,, INSECTICIDES,MT,2308.203037,2578.762613,9120.294425,-25.83,-35.2,-34.81,Import,2025,Qtr 3,August,1
,AGRICULTURAL AND OTHER CHEMICALS GROUP,, PLASTIC MATERIALS,MT,203195.168,67395.01663,238382.8607,-12.37,-12.8,-12.23,Import,2025,Qtr 3,August,1
,AGRICULTURAL AND OTHER CHEMICALS GROUP,, MEDICINAL PRODUCTS,MT,2533.217285,31441.38378,111250.1687,-16.54,10.86,11.63,Import,2025,Qtr 3,August,1
,AGRICULTURAL AND OTHER CHEMICALS GROUP,, OTHERS,-,,124811.4997,441511.2806,-,-5.74,-5.1,Import,2025,Qtr 3,August,1
,METAL GROUP,, GOLD,KG,0,0,0,0,0,0,Import,2025,Qtr 3,August,1
,METAL GROUP,, IRON AND STEEL SCRAP,MT,312175.4627,43598.99416,154232.3114,0.09,-0.65,0.04,Import,2025,Qtr 3,August,1
,METAL GROUP,, IRON AND STEEL,MT,370482,64375.1682,227646.4465,-7.33,-6.7,-6.12,Import,2025,Qtr 3,August,1
,METAL GROUP,, ALUMINIUM WROUGHT & WORKED,-,,4717.159719,16685.93457,-,-35.37,-34.93,Import,2025,Qtr 3,August,1
,METAL GROUP,, ALL OTHER METALS & ARTICALS,-,,28055.37067,99212.19068,-,-21.17,-20.65,Import,2025,Qtr 3,August,1
,MISCELLANEOUS GROUP,, RUBBER CRUDE INCL+ SYNTH/RECLAIMED,MT,46697.47204,8364.077445,29585.98918,-8.51,-10.19,-9.59,Import,2025,Qtr 3,August,1
,MISCELLANEOUS GROUP,, RUBBER TYRES & TUBES,NO,960170,5450.433951,19275.43257,-20.17,-19.25,-18.73,Import,2025,Qtr 3,August,1
,MISCELLANEOUS GROUP,, WOOD & CORK,-,,2329.213703,8239.422784,-,-13.68,-13.1,Import,2025,Qtr 3,August,1
,MISCELLANEOUS GROUP,, JUTE,MT,2112.5191,508.037611,1796.858187,-3.9,-3.68,-2.94,Import,2025,Qtr 3,August,1
,MISCELLANEOUS GROUP,, PAPER & PAPER BOARD & MANUF+THEREOF,MT,44942.03154,10814.70636,38254.6207,-10.91,-16.57,-16.01,Import,2025,Qtr 3,August,1
,MISCELLANEOUS GROUP,, THE DATA SOURCE HAS BEEN SHIFTED FROM PRAL TO PSW,,,,,,,,Import,2025,Qtr 3,August,1
,MISCELLANEOUS GROUP,, SOME DIFFERENCE MAY OCCUR IN PERCENTAGE CHANGE WITH  RESPECT TO RUPEES & DOLLARS+,,,,,,,,Import,2025,Qtr 3,August,1
, FOOD GROUP,," MILK,CREAM & MILK FOOD FOR INFANTS",MT,4628.46247,4018.167076,14249.50572,64.3,49.88,50.25,Import,2025,Qtr 3,September,1
, FOOD GROUP,, WHEAT UNMILLED,MT,0,0,0,0,0,0,Import,2025,Qtr 3,September,1
, FOOD GROUP,, DRY FRUITS & NUTS,MT,19026.98163,5128.915802,18190.543,89,91.23,91.76,Import,2025,Qtr 3,September,1
, FOOD GROUP,, TEA,MT,21660.34588,14479.43392,51353.72406,-4.52,-6.85,-6.6,Import,2025,Qtr 3,September,1
, FOOD GROUP,, SPICES,MT,14189.04738,5375.13817,19063.10696,15.44,17.05,17.38,Import,2025,Qtr 3,September,1
, FOOD GROUP,, SOYABEAN OIL,MT,13015.11892,3912.212413,13873.55128,31.61,27.02,27.36,Import,2025,Qtr 3,September,1
, FOOD GROUP,, PALM OIL,MT,343161.9924,101742.7944,360831.999,6.2,6.65,6.94,Import,2025,Qtr 3,September,1
, FOOD GROUP,, SUGAR,MT,30728.011,5189.527187,18409.01212,18523.04,9879.86,9959.57,Import,2025,Qtr 3,September,1
, FOOD GROUP,, PULSES  (LEGUMINOUS VEGETABLES),MT,96272.51,16042.75779,56897.41709,-10.82,-22.8,-22.58,Import,2025,Qtr 3,September,1
, FOOD GROUP,, ALL OTHERS FOOD ITEMS,-,-,64626.7235,229210.5766,-,7.08,7.38,Import,2025,Qtr 3,September,1
,MACHINERY GROUP,, POWER GENERATING MACHINERY,-,-,16716.40932,59275.81299,-,17.48,17.78,Import,2025,Qtr 3,September,1
,MACHINERY GROUP,, OFFICE MACHINE INCL+DATA PROC EQUIP;,-,-,16438.86083,58298.64126,-,32.76,33.12,Import,2025,Qtr 3,September,1
,MACHINERY GROUP,, TEXTILE MACHINERY,-,-,14409.16464,51099.25149,-,-2.05,-1.78,Import,2025,Qtr 3,September,1
,MACHINERY GROUP,, CONSTRUCTION & MINING MACHINERY,-,-,4835.293485,17159.04843,-,0.71,1.05,Import,2025,Qtr 3,September,1
,MACHINERY GROUP,, ELECTRICAL MACHINERY & APPARATUS,-,-,74284.59061,263434.5344,-,17.41,17.73,Import,2025,Qtr 3,September,1
,MACHINERY GROUP, TELE COM, MOBILE PHONE,-,-,56170.46045,199270.3751,-,28.06,28.45,Import,2025,Qtr 3,September,1
,MACHINERY GROUP, TELE COM, OTHER APPARATUS,-,-,19794.49086,70193.249,-,42.49,42.86,Import,2025,Qtr 3,September,1
,MACHINERY GROUP,, AGRICULTURAL MACHINERY & IMPLEMENTS,-,-,2783.794644,9872.320949,-,-34.33,-34.15,Import,2025,Qtr 3,September,1
,MACHINERY GROUP,, OTHER MACHINERY,-,-,50623.48874,179751.669,-,3.44,3.85,Import,2025,Qtr 3,September,1
,TRANSPORT GROUP,,1 CBU,-,-,38673.37528,137146.3044,-,168.49,169.2,Import,2025,Qtr 3,September,1
,TRANSPORT GROUP,  ROAD MOTOR VEH,"CBU-BUSES,TRUCKS & OTH  HEAVY VEHICLES",-,-,29778.45189,105605.7905,-,323.53,324.68,Import,2025,Qtr 3,September,1
,TRANSPORT GROUP,  ROAD MOTOR VEH,CBU-MOTOR CARS,-,-,8829.099377,31307.17127,-,20.8,21.1,Import,2025,Qtr 3,September,1
,TRANSPORT GROUP,  ROAD MOTOR VEH,CBU-MOTOR CYCLES,-,-,65.824011,233.3425803,-,2.85,2.79,Import,2025,Qtr 3,September,1
,TRANSPORT GROUP,,2 CKD/SKD,-,-,60356.29735,214059.5573,-,-4.17,-3.91,Import,2025,Qtr 3,September,1
,TRANSPORT GROUP,  ROAD MOTOR VEH,"CKD/SKD-BUSES,TRUCKS & OTH  HEAVY VEHICLES",-,-,15491.07309,54941.60978,-,20.84,21.17,Import,2025,Qtr 3,September,1
,TRANSPORT GROUP,  ROAD MOTOR VEH,CKD/SKD-MOTOR CARS,-,-,43098.37912,152851.1601,-,-10.78,-10.54,Import,2025,Qtr 3,September,1
,TRANSPORT GROUP,  ROAD MOTOR VEH,CKD/SKD-MOTOR CYCLES,-,-,1766.845148,6266.787403,-,-4.75,-4.47,Import,2025,Qtr 3,September,1
,TRANSPORT GROUP,,3G PARTS & ACCESSORIES,-,-,9898.160608,35101.2874,-,27.46,27.79,Import,2025,Qtr 3,September,1
,TRANSPORT GROUP,,4H OTHERS,-,-,721.71542,2559.515429,-,-2.47,-2.16,Import,2025,Qtr 3,September,1
,TRANSPORT GROUP,,"AIRCRAFTS, SHIPS AND BOATS",-,-,12297.50902,43626.5827,-,427.79,429.45,Import,2025,Qtr 3,September,1
,TRANSPORT GROUP,,OTHERS TRANSPORT EQUIPMENTS,-,-,1508.273084,5348.83259,-,144.06,144.57,Import,2025,Qtr 3,September,1
,PETROLEUM GROUP,, PETROLEUM PRODUCTS,MT,789099.2179,114413.9727,405850.3168,20.56,14.07,14.41,Import,2025,Qtr 3,September,1
,PETROLEUM GROUP,, PETROLEUM CRUDE,MT,1079016,152734,541324,9.78,10.51,10.74,Import,2025,Qtr 3,September,1
,PETROLEUM GROUP,,"NATURAL GAS, LIQUIFIED",-,-,58588.49691,207850.704,-,-25.1,-24.88,Import,2025,Qtr 3,September,1
,PETROLEUM GROUP,," PETROLEUM GAS, LIQUIFIED",-,-,22875.35577,81131.92188,-,12.32,12.63,Import,2025,Qtr 3,September,1
,PETROLEUM GROUP,, OTHERS,-,-,11.591404,41.10466854,-,286.38,242.54,Import,2025,Qtr 3,September,1
,TEXTILE GROUP,, RAW COTTON,MT,76452.81516,38731.08139,137364.8717,20.75,21.7,22.04,Import,2025,Qtr 3,September,1
,TEXTILE GROUP,, SYNTHETIC FIBRE,MT,54728.04363,19502.61787,69164.61418,14.95,0.24,0.51,Import,2025,Qtr 3,September,1
,TEXTILE GROUP,, SYNTHETIC & ARTIFICIAL SILK YARN,MT,52481.57637,24451.08307,86717.21972,20.22,19.86,20.19,Import,2025,Qtr 3,September,1
,TEXTILE GROUP,, WORN CLOTHING,MT,108045.7933,14498.2921,51418.8696,14.97,17.76,18.08,Import,2025,Qtr 3,September,1
,TEXTILE GROUP,, OTHR TEXTILE ITEMS,-,-,71112.6735,252189.7039,-,21.34,21.67,Import,2025,Qtr 3,September,1
,AGRICULTURAL AND OTHER CHEMICALS GROUP,, FERTILIZER MANUFACTURED,MT,132264.3849,29005.3182,102872.1363,56.09,78.22,78.71,Import,2025,Qtr 3,September,1
,AGRICULTURAL AND OTHER CHEMICALS GROUP,, INSECTICIDES,MT,3091.854233,4066.4174,14422.1091,50.46,57.67,58.12,Import,2025,Qtr 3,September,1
,AGRICULTURAL AND OTHER CHEMICALS GROUP,, PLASTIC MATERIALS,MT,205464.6709,66535.47868,235974.9768,1.46,-1.28,-1,Import,2025,Qtr 3,September,1
,AGRICULTURAL AND OTHER CHEMICALS GROUP,, MEDICINAL PRODUCTS,MT,3847.112027,36337.1128,128862.2942,24.1,5.6,5.88,Import,2025,Qtr 3,September,1
,AGRICULTURAL AND OTHER CHEMICALS GROUP,, OTHERS,-,-,124259.4012,440706.4308,-,1.98,2.27,Import,2025,Qtr 3,September,1
,METAL GROUP,, GOLD,KG,0,0,0,0,0,0,Import,2025,Qtr 3,September,1
,METAL GROUP,, IRON AND STEEL SCRAP,MT,359758.8653,50097.18592,177677.3253,36.1,14.9,15.22,Import,2025,Qtr 3,September,1
,METAL GROUP,, IRON AND STEEL,MT,365171.2456,61660.76396,218662.8666,6.27,-4.21,-3.96,Import,2025,Qtr 3,September,1
,METAL GROUP,, ALUMINIUM WROUGHT & WORKED,-,-,7401.251786,26249.85586,-,56.91,57.34,Import,2025,Qtr 3,September,1
,METAL GROUP,, ALL OTHER METALS & ARTICALS,-,-,29955.4635,106230.7755,-,6.78,7.06,Import,2025,Qtr 3,September,1
,MISCELLANEOUS GROUP,, RUBBER CRUDE INCL+ SYNTH/RECLAIMED,MT,47532,7874.488995,27931.19508,0.9,-5.85,-5.58,Import,2025,Qtr 3,September,1
,MISCELLANEOUS GROUP,, RUBBER TYRES & TUBES,NO,1290328,6328.550122,22444.20671,32.12,16.12,16.43,Import,2025,Qtr 3,September,1
,MISCELLANEOUS GROUP,, WOOD & CORK,-,-,3057.89747,10845.1074,-,31.3,31.65,Import,2025,Qtr 3,September,1
,MISCELLANEOUS GROUP,, JUTE,MT,1225.31075,295.121629,1046.728047,-43.61,-41.91,-41.75,Import,2025,Qtr 3,September,1
,MISCELLANEOUS GROUP,, PAPER & PAPER BOARD & MANUF+THEREOF,MT,44552.14976,11884.98056,42149.95986,13.54,9.89,10.2,Import,2025,Qtr 3,September,1
, FOOD GROUP,," MILK,CREAM & MILK FOOD FOR INFANTS",MT,3167.249878,2800.080833,9944.28146,-12.36,-30.31,-30.21,Import,2025,Qtr 4,October,1
, FOOD GROUP,, WHEAT UNMILLED,MT,0,0,0,0,0,0,Import,2025,Qtr 4,October,1
, FOOD GROUP,, DRY FRUITS & NUTS,MT,20435.98612,5679.782645,20174.30973,5.38,10.74,10.9,Import,2025,Qtr 4,October,1
, FOOD GROUP,, TEA,MT,25576.95714,16989.91658,60344.43436,20.92,17.34,17.51,Import,2025,Qtr 4,October,1
, FOOD GROUP,, SPICES,MT,17440.97765,5727.289225,20344.10222,23.76,6.55,6.72,Import,2025,Qtr 4,October,1
, FOOD GROUP,, SOYABEAN OIL,MT,8755,2661.658933,9455.89604,-32.73,-31.96,-31.84,Import,2025,Qtr 4,October,1
, FOOD GROUP,, PALM OIL,MT,297009.674,91252.88769,324127.3851,-13.45,-10.31,-10.17,Import,2025,Qtr 4,October,1
, FOOD GROUP,, SUGAR,MT,200099.003,31624.42412,112330.5267,551.15,509.33,510.19,Import,2025,Qtr 4,October,1
, FOOD GROUP,, PULSES  (LEGUMINOUS VEGETABLES),MT,73878.83984,14399.4275,51145.02474,-23.47,-10.24,-10.11,Import,2025,Qtr 4,October,1
, FOOD GROUP,, ALL OTHERS FOOD ITEMS,-,,60539.96897,215021.2963,-,-6.32,-6.19,Import,2025,Qtr 4,October,1
,MACHINERY GROUP,, POWER GENERATING MACHINERY,-,-,26282.76666,93333.68146,-,57.23,57.46,Import,2025,Qtr 4,October,1
,MACHINERY GROUP,, OFFICE MACHINE INCL+DATA PROC EQUIP;,-,-,22139.94507,78632.69178,-,34.71,34.91,Import,2025,Qtr 4,October,1
,MACHINERY GROUP,, TEXTILE MACHINERY,-,-,12096.72965,42964.08448,-,-16.05,-15.92,Import,2025,Qtr 4,October,1
,MACHINERY GROUP,, CONSTRUCTION & MINING MACHINERY,-,-,10626.94144,37746.39014,-,119.79,119.98,Import,2025,Qtr 4,October,1
,MACHINERY GROUP,, ELECTRICAL MACHINERY & APPARATUS,-,-,69572.3254,247094.1281,-,-5.95,-5.81,Import,2025,Qtr 4,October,1
,MACHINERY GROUP, TELE COM, MOBILE PHONE,-,-,40709.99937,144592.6367,-,-27.52,-27.44,Import,2025,Qtr 4,October,1
,MACHINERY GROUP, TELE COM, OTHER APPARATUS,-,-,16658.39551,59164.00923,-,-15.64,-15.51,Import,2025,Qtr 4,October,1
,MACHINERY GROUP,, AGRICULTURAL MACHINERY & IMPLEMENTS,-,-,2814.47717,9996.80038,-,1.13,1.27,Import,2025,Qtr 4,October,1
,MACHINERY GROUP,, OTHER MACHINERY,-,-,57875.65561,205591.2998,-,13.92,13.97,Import,2025,Qtr 4,October,1
,TRANSPORT GROUP,,1 CBU,-,-,12535.92828,44514.92937,-,-67.66,-67.62,Import,2025,Qtr 4,October,1
,TRANSPORT GROUP,  ROAD MOTOR VEH,"CBU-BUSES,TRUCKS & OTH  HEAVY VEHICLES",-,-,5965.178888,21182.6711,-,-80.03,-80,Import,2025,Qtr 4,October,1
,TRANSPORT GROUP,  ROAD MOTOR VEH,CBU-MOTOR CARS,-,-,6501.826319,23087.49595,-,-26.34,-26.24,Import,2025,Qtr 4,October,1
,TRANSPORT GROUP,  ROAD MOTOR VEH,CBU-MOTOR CYCLES,-,-,68.923069,244.76232,-,4.43,5.05,Import,2025,Qtr 4,October,1
,TRANSPORT GROUP,,2 CKD/SKD,-,-,62764.63333,222935.2604,-,5.01,5.17,Import,2025,Qtr 4,October,1
,TRANSPORT GROUP,  ROAD MOTOR VEH,"CKD/SKD-BUSES,TRUCKS & OTH  HEAVY VEHICLES",-,-,12586.13743,44701.83641,-,-17.65,-17.53,Import,2025,Qtr 4,October,1
,TRANSPORT GROUP,  ROAD MOTOR VEH,CKD/SKD-MOTOR CARS,-,-,48156.45746,171050.831,-,12.73,12.9,Import,2025,Qtr 4,October,1
,TRANSPORT GROUP,  ROAD MOTOR VEH,CKD/SKD-MOTOR CYCLES,-,-,2022.038438,7182.59308,-,14.43,14.61,Import,2025,Qtr 4,October,1
,TRANSPORT GROUP,,3G PARTS & ACCESSORIES,-,-,10142.33477,36025.8609,-,-0.05,0.11,Import,2025,Qtr 4,October,1
,TRANSPORT GROUP,,4H OTHERS,-,-,663.547032,2355.58244,-,-7.97,-7.88,Import,2025,Qtr 4,October,1
,TRANSPORT GROUP,,"AIRCRAFTS, SHIPS AND BOATS",-,-,1617.771648,5748.21846,-,-86.85,-86.82,Import,2025,Qtr 4,October,1
,TRANSPORT GROUP,,OTHERS TRANSPORT EQUIPMENTS,-,-,1414.930766,5025.35252,-,214.43,214.67,Import,2025,Qtr 4,October,1
,PETROLEUM GROUP,, PETROLEUM PRODUCTS,MT,1056294.072,152860.4509,543021.7289,33.82,33.6,33.8,Import,2025,Qtr 4,October,1
,PETROLEUM GROUP,, PETROLEUM CRUDE,MT,1055735.774,152956.5909,543189.4294,-2.16,0.15,0.34,Import,2025,Qtr 4,October,1
,PETROLEUM GROUP,,"NATURAL GAS, LIQUIFIED",-,,58820.2429,208967.2456,-,0.4,0.54,Import,2025,Qtr 4,October,1
,PETROLEUM GROUP,," PETROLEUM GAS, LIQUIFIED",-,,22391.34611,79529.72467,-,-2.11,-1.97,Import,2025,Qtr 4,October,1
,PETROLEUM GROUP,, OTHERS,-,,4.727639,16.79995,-,-60.6,-59.02,Import,2025,Qtr 4,October,1
,TEXTILE GROUP,, RAW COTTON,MT,75784.83667,38406.60492,136422.134,-1.03,-0.84,-0.69,Import,2025,Qtr 4,October,1
,TEXTILE GROUP,, SYNTHETIC FIBRE,MT,51822.06483,18575.34695,65978.35662,-5.31,-4.76,-4.61,Import,2025,Qtr 4,October,1
,TEXTILE GROUP,, SYNTHETIC & ARTIFICIAL SILK YARN,MT,65091.9322,28981.56127,102943.3696,24.21,18.53,18.71,Import,2025,Qtr 4,October,1
,TEXTILE GROUP,, WORN CLOTHING,MT,118583.055,16020.10139,56907.10119,9.74,10.5,10.67,Import,2025,Qtr 4,October,1
,TEXTILE GROUP,, OTHR TEXTILE ITEMS,-,,70624.63072,250848.1334,-,-0.69,-0.53,Import,2025,Qtr 4,October,1
,AGRICULTURAL AND OTHER CHEMICALS GROUP,, FERTILIZER MANUFACTURED,MT,224070.2792,38221.92365,135747.3674,69.84,31.78,31.96,Import,2025,Qtr 4,October,1
,AGRICULTURAL AND OTHER CHEMICALS GROUP,, INSECTICIDES,MT,4442.023583,6115.394601,21724.31636,66.74,50.4,50.63,Import,2025,Qtr 4,October,1
,AGRICULTURAL AND OTHER CHEMICALS GROUP,, PLASTIC MATERIALS,MT,194789.8038,64130.53877,227789.1309,-5.29,-3.61,-3.47,Import,2025,Qtr 4,October,1
,AGRICULTURAL AND OTHER CHEMICALS GROUP,, MEDICINAL PRODUCTS,MT,3445.144917,34558.20284,122759.4898,-21.15,-14.5,-14.36,Import,2025,Qtr 4,October,1
,AGRICULTURAL AND OTHER CHEMICALS GROUP,, OTHERS,-,,134063.6169,476198.3791,-,11.56,11.72,Import,2025,Qtr 4,October,1
,METAL GROUP,, GOLD,KG,0,0,0,0,0,0,Import,2025,Qtr 4,October,1
,METAL GROUP,, IRON AND STEEL SCRAP,MT,381990.8284,54502.09823,193723.7718,4.2,8.79,9.03,Import,2025,Qtr 4,October,1
,METAL GROUP,, IRON AND STEEL,MT,422526.4213,69922.76195,248355.2725,15.31,13.4,13.58,Import,2025,Qtr 4,October,1
,METAL GROUP,, ALUMINIUM WROUGHT & WORKED,-,,7328.576828,26032.96781,-,-0.98,-0.83,Import,2025,Qtr 4,October,1
,METAL GROUP,, ALL OTHER METALS & ARTICALS,-,,35895.30492,127496.9262,-,19.83,20.02,Import,2025,Qtr 4,October,1
,MISCELLANEOUS GROUP,, RUBBER CRUDE INCL+ SYNTH/RECLAIMED,MT,61665.57121,9156.996377,32524.36031,-16.47,16.29,16.45,Import,2025,Qtr 4,October,1
,MISCELLANEOUS GROUP,, RUBBER TYRES & TUBES,NO,1192730,5315.714615,18880.20825,-7.66,-16.37,-16.24,Import,2025,Qtr 4,October,1
,MISCELLANEOUS GROUP,, WOOD & CORK,-,,3401.04213,12079.96115,-,11.22,11.39,Import,2025,Qtr 4,October,1
,MISCELLANEOUS GROUP,, JUTE,MT,915.8967,215.074367,763.71671,-25.42,-27.09,-27.06,Import,2025,Qtr 4,October,1
,MISCELLANEOUS GROUP,, PAPER & PAPER BOARD & MANUF+THEREOF,MT,52424.48064,12266.86939,43572.37759,17.58,3.21,3.37,Import,2025,Qtr 4,October,1
, FOOD GROUP,," MILK,CREAM & MILK FOOD FOR INFANTS",MT,2905.466352,2584.547624,9193.51614,14.03,-7.69,-7.55,Import,2025,Qtr 4,November,1
, FOOD GROUP,, WHEAT UNMILLED,MT,0,0,0,0,0,0,Import,2025,Qtr 4,November,1
, FOOD GROUP,, DRY FRUITS & NUTS,MT,19839.6652,5697.726368,20266.8747,-3.5,0.31,0.46,Import,2025,Qtr 4,November,1
, FOOD GROUP,, TEA,MT,22255.05279,14829.21385,52746.71055,-10.75,-12.72,-12.59,Import,2025,Qtr 4,November,1
, FOOD GROUP,, SPICES,MT,19337.60627,6008.07581,21370.84425,11.6,4.91,5.05,Import,2025,Qtr 4,November,1
, FOOD GROUP,, SOYABEAN OIL,MT,2442,768.635351,2733.7973,-72.11,-71.13,-71.09,Import,2025,Qtr 4,November,1
, FOOD GROUP,, PALM OIL,MT,317698.5771,99136.87307,352639.1382,6.97,8.64,8.8,Import,2025,Qtr 4,November,1
, FOOD GROUP,, SUGAR,MT,76752.4648,12066.08348,42908.79608,-61.64,-61.85,-61.8,Import,2025,Qtr 4,November,1
, FOOD GROUP,, PULSES  (LEGUMINOUS VEGETABLES),MT,114177.778,18930.58206,67338.12487,53.68,31.47,31.66,Import,2025,Qtr 4,November,1
, FOOD GROUP,, ALL OTHERS FOOD ITEMS,-,,57002.92091,202792.9766,-,-5.84,-5.69,Import,2025,Qtr 4,November,1
,MACHINERY GROUP,, POWER GENERATING MACHINERY,-,,12700.21238,45173.72752,-,-51.68,-51.6,Import,2025,Qtr 4,November,1
,MACHINERY GROUP,, OFFICE MACHINE INCL+DATA PROC EQUIP;,-,,14999.63316,53384.27445,-,-32.24,-32.1,Import,2025,Qtr 4,November,1
,MACHINERY GROUP,, TEXTILE MACHINERY,-,,12279.80626,43680.40665,-,1.51,1.67,Import,2025,Qtr 4,November,1
,MACHINERY GROUP,, CONSTRUCTION & MINING MACHINERY,-,,4144.574436,14741.43678,-,-61,-60.95,Import,2025,Qtr 4,November,1
,MACHINERY GROUP,, ELECTRICAL MACHINERY & APPARATUS,-,,43145.49853,153459.5029,-,-37.89,-37.8,Import,2025,Qtr 4,November,1
,MACHINERY GROUP, TELE COM, MOBILE PHONE,-,,44015.67822,156564.7901,-,8.14,8.3,Import,2025,Qtr 4,November,1
,MACHINERY GROUP, TELE COM, OTHER APPARATUS,-,,16962.55841,60326.37003,-,2.33,2.46,Import,2025,Qtr 4,November,1
,MACHINERY GROUP,, AGRICULTURAL MACHINERY & IMPLEMENTS,-,,2436.08005,8664.81443,-,-13.43,-13.33,Import,2025,Qtr 4,November,1
,MACHINERY GROUP,, OTHER MACHINERY,-,,57144.72208,203295.0937,-,-1.61,-1.46,Import,2025,Qtr 4,November,1
,TRANSPORT GROUP,,1 CBU,-,,13138.66634,46723.82118,-,4.81,4.96,Import,2025,Qtr 4,November,1
,TRANSPORT GROUP,  ROAD MOTOR VEH,"CBU-BUSES,TRUCKS & OTH  HEAVY VEHICLES",-,,5349.768511,19027.30252,-,-10.31,-10.18,Import,2025,Qtr 4,November,1
,TRANSPORT GROUP,  ROAD MOTOR VEH,CBU-MOTOR CARS,-,,7752.616287,27567.49816,-,19.23,19.41,Import,2025,Qtr 4,November,1
,TRANSPORT GROUP,  ROAD MOTOR VEH,CBU-MOTOR CYCLES,-,,36.281538,129.0205,-,-47.42,-47.34,Import,2025,Qtr 4,November,1
,TRANSPORT GROUP,,2 CKD/SKD,-,,60242.59879,214277.4086,-,-4.02,-3.88,Import,2025,Qtr 4,November,1
,TRANSPORT GROUP,  ROAD MOTOR VEH,"CKD/SKD-BUSES,TRUCKS & OTH  HEAVY VEHICLES",-,,9319.7854,33147.31892,-,-25.95,-25.85,Import,2025,Qtr 4,November,1
,TRANSPORT GROUP,  ROAD MOTOR VEH,CKD/SKD-MOTOR CARS,-,,49754.29037,176973.5185,-,3.32,3.46,Import,2025,Qtr 4,November,1
,TRANSPORT GROUP,  ROAD MOTOR VEH,CKD/SKD-MOTOR CYCLES,-,,1168.523017,4156.57116,-,-42.21,-42.13,Import,2025,Qtr 4,November,1
,TRANSPORT GROUP,,3G PARTS & ACCESSORIES,-,,9604.381424,34160.78411,-,-2.12,-1.99,Import,2025,Qtr 4,November,1
,TRANSPORT GROUP,,4H OTHERS,-,,1288.981907,4586.40536,-,94.12,94.67,Import,2025,Qtr 4,November,1
,TRANSPORT GROUP,,"AIRCRAFTS, SHIPS AND BOATS",-,,2189.47736,7788.58439,-,35.32,35.5,Import,2025,Qtr 4,November,1
,TRANSPORT GROUP,,OTHERS TRANSPORT EQUIPMENTS,-,,1386.495076,4931.75667,-,299.57,300.63,Import,2025,Qtr 4,November,1
,PETROLEUM GROUP,, PETROLEUM PRODUCTS,MT,1012293.68,152882.1199,543923.3055,-4.2,0.01,0.17,Import,2025,Qtr 4,November,1
,PETROLEUM GROUP,, PETROLEUM CRUDE,MT,915228.2659,135618.5506,482249.7688,-13.31,-11.34,-11.22,Import,2025,Qtr 4,November,1
,PETROLEUM GROUP,,"NATURAL GAS, LIQUIFIED",-,,44214.50386,157298.212,-,-24.83,-24.73,Import,2025,Qtr 4,November,1
,PETROLEUM GROUP,," PETROLEUM GAS, LIQUIFIED",-,,23315.866,82939.51713,-,4.13,4.29,Import,2025,Qtr 4,November,1
,PETROLEUM GROUP,, OTHERS,-,,2.859018,10.17536,-,-42.82,-40.14,Import,2025,Qtr 4,November,1
,TEXTILE GROUP,, RAW COTTON,MT,44364.95248,21538.57108,76606.8004,-41.5,-43.92,-43.85,Import,2025,Qtr 4,November,1
,TEXTILE GROUP,, SYNTHETIC FIBRE,MT,48976.55335,16282.25367,57916.81856,-5.49,-12.34,-12.22,Import,2025,Qtr 4,November,1
,TEXTILE GROUP,, SYNTHETIC & ARTIFICIAL SILK YARN,MT,57170.8908,25570.9501,90955.62872,-12.2,-11.77,-11.64,Import,2025,Qtr 4,November,1
,TEXTILE GROUP,, WORN CLOTHING,MT,122684.1844,17550.84393,62424.88057,2.59,9.56,9.7,Import,2025,Qtr 4,November,1
,TEXTILE GROUP,, OTHR TEXTILE ITEMS,-,,63713.24857,226685.174,-,-9.79,-9.63,Import,2025,Qtr 4,November,1
,AGRICULTURAL AND OTHER CHEMICALS GROUP,, FERTILIZER MANUFACTURED,MT,28169.38334,5245.967502,18664.26993,-87.43,-86.28,-86.25,Import,2025,Qtr 4,November,1
,AGRICULTURAL AND OTHER CHEMICALS GROUP,, INSECTICIDES,MT,4028.946458,6016.637859,21399.12895,-8.25,-1.61,-1.5,Import,2025,Qtr 4,November,1
,AGRICULTURAL AND OTHER CHEMICALS GROUP,, PLASTIC MATERIALS,MT,187191.7597,59562.22111,211860.7109,-4.51,-7.12,-6.99,Import,2025,Qtr 4,November,1
,AGRICULTURAL AND OTHER CHEMICALS GROUP,, MEDICINAL PRODUCTS,MT,2922,25710.54121,91455.02694,-23.89,-32.16,-32.06,Import,2025,Qtr 4,November,1
,AGRICULTURAL AND OTHER CHEMICALS GROUP,, OTHERS,-,,119945.9443,426635.2448,-,-8.24,-8.12,Import,2025,Qtr 4,November,1
,METAL GROUP,, GOLD,KG,0,0,0,0,0,0,Import,2025,Qtr 4,November,1
,METAL GROUP,, IRON AND STEEL SCRAP,MT,335525.7958,47161.87932,167772.3659,-16.86,-13.47,-13.39,Import,2025,Qtr 4,November,1
,METAL GROUP,, IRON AND STEEL,MT,349127.5624,58349.49577,207592.3862,-17.56,-16.55,-16.41,Import,2025,Qtr 4,November,1
,METAL GROUP,, ALUMINIUM WROUGHT & WORKED,-,,3978.901167,14152.66849,-,-45.71,-45.64,Import,2025,Qtr 4,November,1
,METAL GROUP,, ALL OTHER METALS & ARTICALS,-,,32583.90126,115894.2605,-,-9.22,-9.1,Import,2025,Qtr 4,November,1
,MISCELLANEOUS GROUP,, RUBBER CRUDE INCL+ SYNTH/RECLAIMED,MT,31219.0314,6324.651754,22495.14992,-49.4,-30.93,-30.84,Import,2025,Qtr 4,November,1
,MISCELLANEOUS GROUP,, RUBBER TYRES & TUBES,NO,665775,3992.361075,14200.75271,-45.12,-24.9,-24.78,Import,2025,Qtr 4,November,1
,MISCELLANEOUS GROUP,, WOOD & CORK,-,,3022.97042,10752.34918,-,-11.12,-10.99,Import,2025,Qtr 4,November,1
,MISCELLANEOUS GROUP,, JUTE,MT,206.0445,48.366301,171.95229,-77.53,-77.5,-77.49,Import,2025,Qtr 4,November,1
,MISCELLANEOUS GROUP,, PAPER & PAPER BOARD & MANUF+THEREOF,MT,42737.21047,11044.96556,39286.57833,-18.4,-9.96,-9.84,Import,2025,Qtr 4,November,1
, FOOD GROUP,," MILK,CREAM & MILK FOOD FOR INFANTS",MT,3653.39456,3256.905698,11602.46892,44.92,25.99,26.2,Import,2025,Qtr 4,December,1
, FOOD GROUP,, WHEAT UNMILLED,MT,0,0,0,0,0,0,Import,2025,Qtr 4,December,1
, FOOD GROUP,, DRY FRUITS & NUTS,MT,16879.18211,5297.958359,18870.98761,-14.81,-7.02,-6.89,Import,2025,Qtr 4,December,1
, FOOD GROUP,, TEA,MT,20547.24037,15362.97796,54719.98444,-3.12,3.6,3.74,Import,2025,Qtr 4,December,1
, FOOD GROUP,, SPICES,MT,18611.9866,6243.315073,22239.71616,-2.68,3.92,4.06,Import,2025,Qtr 4,December,1
, FOOD GROUP,, SOYABEAN OIL,MT,17270,5618.549895,20023.90009,607.21,630.63,632.4,Import,2025,Qtr 4,December,1
, FOOD GROUP,, PALM OIL,MT,276988.7642,85881.3852,305926.1453,-12.81,-13.37,-13.25,Import,2025,Qtr 4,December,1
, FOOD GROUP,, SUGAR,MT,235.791,45.059123,160.46968,-99.69,-99.63,-99.63,Import,2025,Qtr 4,December,1
, FOOD GROUP,, PULSES  (LEGUMINOUS VEGETABLES),MT,116922.4128,20106.0916,71609.38525,2.43,6.21,6.34,Import,2025,Qtr 4,December,1
, FOOD GROUP,, ALL OTHERS FOOD ITEMS,-,-,78122.55763,278286.4392,-,37.05,37.23,Import,2025,Qtr 4,December,1
,MACHINERY GROUP,, POWER GENERATING MACHINERY,-,-,24732.33082,88091.34676,-,95.16,95.43,Import,2025,Qtr 4,December,1
,MACHINERY GROUP,, OFFICE MACHINE INCL+DATA PROC EQUIP;,-,-,23406.50537,83377.48041,-,56.14,56.27,Import,2025,Qtr 4,December,1
,MACHINERY GROUP,, TEXTILE MACHINERY,-,-,14079.49183,50153.84656,-,14.65,14.82,Import,2025,Qtr 4,December,1
,MACHINERY GROUP,, CONSTRUCTION & MINING MACHINERY,-,-,4621.972624,16463.42354,-,11.51,11.68,Import,2025,Qtr 4,December,1
,MACHINERY GROUP,, ELECTRICAL MACHINERY & APPARATUS,-,-,45831.68546,163244.5938,-,6.64,6.79,Import,2025,Qtr 4,December,1
,MACHINERY GROUP, TELE COM, MOBILE PHONE,-,-,44728.85916,159335.4699,-,1.63,1.78,Import,2025,Qtr 4,December,1
,MACHINERY GROUP, TELE COM, OTHER APPARATUS,-,-,19618.00337,69884.86993,-,16.06,16.24,Import,2025,Qtr 4,December,1
,MACHINERY GROUP,, AGRICULTURAL MACHINERY & IMPLEMENTS,-,-,2191.379341,7805.82004,-,-10.04,-9.92,Import,2025,Qtr 4,December,1
,MACHINERY GROUP,, OTHER MACHINERY,-,-,70825.47977,252291.6089,-,23.99,24.15,Import,2025,Qtr 4,December,1
,TRANSPORT GROUP,,1 CBU,-,-,10322.39247,36762.58523,-,-21.44,-21.32,Import,2025,Qtr 4,December,1
,TRANSPORT GROUP,  ROAD MOTOR VEH,"CBU-BUSES,TRUCKS & OTH  HEAVY VEHICLES",-,-,4375.735695,15590.09925,-,-18.21,-18.06,Import,2025,Qtr 4,December,1
,TRANSPORT GROUP,  ROAD MOTOR VEH,CBU-MOTOR CARS,-,-,5848.554854,20823.22757,-,-24.56,-24.46,Import,2025,Qtr 4,December,1
,TRANSPORT GROUP,  ROAD MOTOR VEH,CBU-MOTOR CYCLES,-,-,98.101923,349.25841,-,172.51,170.74,Import,2025,Qtr 4,December,1
,TRANSPORT GROUP,,2 CKD/SKD,-,-,63208.63853,225175.4994,-,4.92,5.09,Import,2025,Qtr 4,December,1
,TRANSPORT GROUP,  ROAD MOTOR VEH,"CKD/SKD-BUSES,TRUCKS & OTH  HEAVY VEHICLES",-,-,11275.57316,40165.9417,-,20.98,21.18,Import,2025,Qtr 4,December,1
,TRANSPORT GROUP,  ROAD MOTOR VEH,CKD/SKD-MOTOR CARS,-,-,49670.05719,176948.8031,-,-0.17,-0.01,Import,2025,Qtr 4,December,1
,TRANSPORT GROUP,  ROAD MOTOR VEH,CKD/SKD-MOTOR CYCLES,-,-,2263.008179,8060.75452,-,93.58,93.91,Import,2025,Qtr 4,December,1
,TRANSPORT GROUP,,3G PARTS & ACCESSORIES,-,-,11354.56533,40444.43215,-,20.21,20.38,Import,2025,Qtr 4,December,1
,TRANSPORT GROUP,,4H OTHERS,-,-,1214.484744,4326.69144,-,-5.78,-5.65,Import,2025,Qtr 4,December,1
,TRANSPORT GROUP,,"AIRCRAFTS, SHIPS AND BOATS",-,-,1977.297334,7046.43694,-,-9.67,-9.53,Import,2025,Qtr 4,December,1
,TRANSPORT GROUP,,OTHERS TRANSPORT EQUIPMENTS,-,-,2695.746012,9603.20918,-,613.16,614.52,Import,2025,Qtr 4,December,1
,PETROLEUM GROUP,, PETROLEUM PRODUCTS,MT,1218516.586,179644.7831,640015.4199,20.26,17.51,17.67,Import,2025,Qtr 4,December,1
,PETROLEUM GROUP,, PETROLEUM CRUDE,MT,1112444.189,151111.443,538126.3234,21.55,11.42,11.59,Import,2025,Qtr 4,December,1
,PETROLEUM GROUP,,"NATURAL GAS, LIQUIFIED",-,-,77528.85661,276248.8121,-,75.35,75.62,Import,2025,Qtr 4,December,1
,PETROLEUM GROUP,," PETROLEUM GAS, LIQUIFIED",-,-,32523.771,115850.3747,-,39.49,39.68,Import,2025,Qtr 4,December,1
,PETROLEUM GROUP,, OTHERS,-,-,9.517745,33.90121,-,217.26,239.01,Import,2025,Qtr 4,December,1
,TEXTILE GROUP,, RAW COTTON,MT,66430.03127,32183.85778,114653.2969,49.74,49.42,49.66,Import,2025,Qtr 4,December,1
,TEXTILE GROUP,, SYNTHETIC FIBRE,MT,41487.83024,13617.73973,48511.31286,-12.3,-16.36,-16.24,Import,2025,Qtr 4,December,1
,TEXTILE GROUP,, SYNTHETIC & ARTIFICIAL SILK YARN,MT,53306.63187,24480.97996,87203.59172,-7.53,-4.26,-4.13,Import,2025,Qtr 4,December,1
,TEXTILE GROUP,, WORN CLOTHING,MT,111708.7958,15541.95165,55365.66326,-17.33,-11.45,-11.31,Import,2025,Qtr 4,December,1
,TEXTILE GROUP,, OTHR TEXTILE ITEMS,-,-,67815.42698,241561.3364,-,6.44,6.56,Import,2025,Qtr 4,December,1
,AGRICULTURAL AND OTHER CHEMICALS GROUP,, FERTILIZER MANUFACTURED,MT,122427.629,20129.56356,71717.65163,345.09,283.71,284.26,Import,2025,Qtr 4,December,1
,AGRICULTURAL AND OTHER CHEMICALS GROUP,, INSECTICIDES,MT,4184.401235,4848.245488,17268.91671,11.55,-19.42,-19.3,Import,2025,Qtr 4,December,1
,AGRICULTURAL AND OTHER CHEMICALS GROUP,, PLASTIC MATERIALS,MT,237235.9531,73657.1953,262377.2676,26.69,23.66,23.84,Import,2025,Qtr 4,December,1
,AGRICULTURAL AND OTHER CHEMICALS GROUP,, MEDICINAL PRODUCTS,MT,4976.319258,33972.15385,121007.7935,53.16,18.59,18.75,Import,2025,Qtr 4,December,1
,AGRICULTURAL AND OTHER CHEMICALS GROUP,, OTHERS,-,,132652.833,472556.3623,-,13.37,13.54,Import,2025,Qtr 4,December,1
,METAL GROUP,, GOLD,KG,26.5852,1046.46314,3728.13499,100,100,100,Import,2025,Qtr 4,December,1
,METAL GROUP,, IRON AND STEEL SCRAP,MT,394134.8771,55074.57251,196184.0492,20.32,16.78,16.94,Import,2025,Qtr 4,December,1
,METAL GROUP,, IRON AND STEEL,MT,356852.7964,61021.52502,217377.8152,2.46,4.58,4.72,Import,2025,Qtr 4,December,1
,METAL GROUP,, ALUMINIUM WROUGHT & WORKED,-,-,5491.57853,19560.7169,-,38.01,38.21,Import,2025,Qtr 4,December,1
,METAL GROUP,, ALL OTHER METALS & ARTICALS,-,-,33378.21386,118893.2091,-,2.44,2.59,Import,2025,Qtr 4,December,1
,MISCELLANEOUS GROUP,, RUBBER CRUDE INCL+ SYNTH/RECLAIMED,MT,20074.04769,7563.511841,26941.84994,-35.71,19.58,19.77,Import,2025,Qtr 4,December,1
,MISCELLANEOUS GROUP,, RUBBER TYRES & TUBES,NO,564335,4618.851729,16451.78192,-15.96,15.7,15.85,Import,2025,Qtr 4,December,1
,MISCELLANEOUS GROUP,, WOOD & CORK,-,,3467.575789,12351.79141,-,14.71,14.88,Import,2025,Qtr 4,December,1
,MISCELLANEOUS GROUP,, JUTE,MT,0,0,0,-100,-100,-100,Import,2025,Qtr 4,December,1
,MISCELLANEOUS GROUP,, PAPER & PAPER BOARD & MANUF+THEREOF,MT,41801.75907,10842.06545,38622.78779,-2.21,-1.84,-1.69,Import,2025,Qtr 4,December,1
, FOOD GROUP,," MILK,CREAM & MILK FOOD FOR INFANTS",MT,5072.55664,4031.238363,14378.24333,66.7,23.77,23.93,Import,2026,Qtr 1,January,1
, FOOD GROUP,, WHEAT UNMILLED,MT,0,0,0,0,0,0,Import,2026,Qtr 1,January,1
, FOOD GROUP,, DRY FRUITS & NUTS,MT,15017.27914,4413.167172,15740.23258,-11.07,-16.7,-16.59,Import,2026,Qtr 1,January,1
, FOOD GROUP,, TEA,MT,23896.32213,16925.37788,60360.38965,20.52,10.17,10.31,Import,2026,Qtr 1,January,1
, FOOD GROUP,, SPICES,MT,21668.61285,6505.631329,23203.22199,15.83,4.21,4.33,Import,2026,Qtr 1,January,1
, FOOD GROUP,, SOYABEAN OIL,MT,5250,1717.848799,6125.425783,-69.6,-69.43,-69.41,Import,2026,Qtr 1,January,1
, FOOD GROUP,, PALM OIL,MT,337666.7629,102870.6679,366920.056,21.91,19.78,19.94,Import,2026,Qtr 1,January,1
, FOOD GROUP,, SUGAR,MT,336.83,65.678832,234.2012911,42.72,45.95,46.38,Import,2026,Qtr 1,January,1
, FOOD GROUP,, PULSES  (LEGUMINOUS VEGETABLES),MT,172676.6989,27384.13196,97686.61714,48.13,36.2,36.42,Import,2026,Qtr 1,January,1
, FOOD GROUP,, ALL OTHERS FOOD ITEMS,-,,80415.1584,286819.3169,-,2.93,3.07,Import,2026,Qtr 1,January,1
,MACHINERY GROUP,, POWER GENERATING MACHINERY,-,,23250.03101,82923.41656,-,-5.99,-5.86,Import,2026,Qtr 1,January,1
,MACHINERY GROUP,, OFFICE MACHINE INCL+DATA PROC EQUIP;,-,,13973.48977,49837.62502,-,-40.26,-40.18,Import,2026,Qtr 1,January,1
,MACHINERY GROUP,, TEXTILE MACHINERY,-,,16249.37997,57953.09114,-,15.42,15.55,Import,2026,Qtr 1,January,1
,MACHINERY GROUP,, CONSTRUCTION & MINING MACHINERY,-,,10083.15066,35969.73221,-,118.16,118.5,Import,2026,Qtr 1,January,1
,MACHINERY GROUP,, ELECTRICAL MACHINERY & APPARATUS,-,,59963.04835,213858.9645,-,30.87,31.04,Import,2026,Qtr 1,January,1
,MACHINERY GROUP, TELE COM, MOBILE PHONE,-,,50286.80685,179379.5416,-,12.45,12.6,Import,2026,Qtr 1,January,1
,MACHINERY GROUP, TELE COM, OTHER APPARATUS,-,,18707.10155,66718.0669,-,-4.58,-4.47,Import,2026,Qtr 1,January,1
,MACHINERY GROUP,, AGRICULTURAL MACHINERY & IMPLEMENTS,-,,3106.245048,11078.62136,-,41.77,41.92,Import,2026,Qtr 1,January,1
,MACHINERY GROUP,, OTHER MACHINERY,-,,71873.87729,256354.4777,-,1.42,1.55,Import,2026,Qtr 1,January,1
,TRANSPORT GROUP,,1 CBU,-,,12647.38846,45097.37076,-,22.52,22.67,Import,2026,Qtr 1,January,1
,TRANSPORT GROUP,  ROAD MOTOR VEH,"CBU-BUSES,TRUCKS & OTH  HEAVY VEHICLES",-,,2794.377579,9964.300362,-,-36.14,-36.09,Import,2026,Qtr 1,January,1
,TRANSPORT GROUP,  ROAD MOTOR VEH,CBU-MOTOR CARS,-,,9776.165604,34859.00655,-,67.14,67.41,Import,2026,Qtr 1,January,1
,TRANSPORT GROUP,  ROAD MOTOR VEH,CBU-MOTOR CYCLES,-,,76.845272,274.0638492,-,-21.59,-21.47,Import,2026,Qtr 1,January,1
,TRANSPORT GROUP,,2 CKD/SKD,-,,57031.24412,203413.2944,-,-9.77,-9.66,Import,2026,Qtr 1,January,1
,TRANSPORT GROUP,,3 PARTS & ACCESSORIES,-,,11158.19214,39794.00745,-,-0.46,-0.34,Import,2026,Qtr 1,January,1
,TRANSPORT GROUP,,4 OTHERS,-,,1371.981934,4893.592509,-,13.01,13.17,Import,2026,Qtr 1,January,1
,TRANSPORT GROUP,,"AIRCRAFTS, SHIPS AND BOATS",-,,1470.497526,5245.79766,-,-25.62,-25.55,Import,2026,Qtr 1,January,1
,TRANSPORT GROUP,,OTHERS TRANSPORT EQUIPMENTS,-,,3329.309035,11874.166,-,204.05,204.31,Import,2026,Qtr 1,January,1
,PETROLEUM GROUP,, PETROLEUM PRODUCTS,MT,662872.4718,85740.31809,305865.5126,-45.62,-52.27,-52.21,Import,2026,Qtr 1,January,1
,PETROLEUM GROUP,, PETROLEUM CRUDE,MT,859634.19,109677.9341,391107.5145,-22.73,-27.42,-27.32,Import,2026,Qtr 1,January,1
,PETROLEUM GROUP,,"NATURAL GAS, LIQUIFIED",-,,74841.02233,266991.1475,,-3.47,-3.35,Import,2026,Qtr 1,January,1
,PETROLEUM GROUP,," PETROLEUM GAS, LIQUIFIED",-,,27001.49464,96305.15978,,-16.98,-16.87,Import,2026,Qtr 1,January,1
,PETROLEUM GROUP,, OTHERS,-,,17.003765,60.67179703,,70.04,78.45,Import,2026,Qtr 1,January,1
,TEXTILE GROUP,, RAW COTTON,MT,81872.44095,39051.15596,139287.8786,23.24,21.34,21.49,Import,2026,Qtr 1,January,1
,TEXTILE GROUP,, SYNTHETIC FIBRE,MT,41454.60402,14773.9107,52694.55739,4.2,8.49,8.62,Import,2026,Qtr 1,January,1
,TEXTILE GROUP,, SYNTHETIC & ARTIFICIAL SILK YARN,MT,56515.972,25104.1442,89535.14684,6.21,2.55,2.67,Import,2026,Qtr 1,January,1
,TEXTILE GROUP,, WORN CLOTHING,MT,110258.336,18318.13522,65329.00497,-4.36,17.86,17.99,Import,2026,Qtr 1,January,1
,TEXTILE GROUP,, OTHR TEXTILE ITEMS,-,,65038.42429,231965.9915,,-4.09,-3.97,Import,2026,Qtr 1,January,1
,AGRICULTURAL AND OTHER CHEMICALS GROUP,, FERTILIZER MANUFACTURED,MT,78846.5385,15465.27561,55161.56196,-35.39,-23.17,-23.08,Import,2026,Qtr 1,January,1
,AGRICULTURAL AND OTHER CHEMICALS GROUP,, INSECTICIDES,MT,4101.968143,4183.61538,14921.02142,-4.2,-13.7,-13.6,Import,2026,Qtr 1,January,1
,AGRICULTURAL AND OTHER CHEMICALS GROUP,, PLASTIC MATERIALS,MT,254203.3388,76774.69587,273824.6411,11.25,4.23,4.36,Import,2026,Qtr 1,January,1
,AGRICULTURAL AND OTHER CHEMICALS GROUP,, MEDICINAL PRODUCTS,MT,3901.198791,26003.20838,92744.44575,-15.89,-31.1,-31.01,Import,2026,Qtr 1,January,1
,AGRICULTURAL AND OTHER CHEMICALS GROUP,, OTHERS,-,,129250.6611,460977.2834,,0.28,0.4,Import,2026,Qtr 1,January,1
,METAL GROUP,, GOLD,KG,18.05,739.061761,2635.492615,100,100,100,Import,2026,Qtr 1,January,1
,METAL GROUP,, IRON AND STEEL SCRAP,MT,386668.8561,56187.5665,200400.9392,0.76,2.02,2.15,Import,2026,Qtr 1,January,1
,METAL GROUP,, IRON AND STEEL,MT,447065.8858,74944.31585,267297.6697,25.99,22.82,22.96,Import,2026,Qtr 1,January,1
,METAL GROUP,, ALUMINIUM WROUGHT & WORKED,-,,5881.815802,20979.17156,-,7.1,7.25,Import,2026,Qtr 1,January,1
,METAL GROUP,, ALL OTHER METALS & ARTICALS,-,,43138.66222,153850.9138,-,29.24,29.4,Import,2026,Qtr 1,January,1
,MISCELLANEOUS GROUP,, RUBBER CRUDE INCL+ SYNTH/RECLAIMED,MT,16011.53913,6436.977102,22957.75993,-22.69,-14.9,-14.79,Import,2026,Qtr 1,January,1
,MISCELLANEOUS GROUP,, RUBBER TYRES & TUBES,NO,693472,4138.213542,14758.81903,22.5,-10.41,-10.29,Import,2026,Qtr 1,January,1
,MISCELLANEOUS GROUP,, WOOD & CORK,-,,3143.205447,11211.19803,,-9.37,-9.24,Import,2026,Qtr 1,January,1
,MISCELLANEOUS GROUP,, JUTE,MT,0,0,0,0,0,0,Import,2026,Qtr 1,January,1
,MISCELLANEOUS GROUP,, PAPER & PAPER BOARD & MANUF+THEREOF,MT,43680.58163,11628.76562,41473.48874,50.71,7.26,7.38,Import,2026,Qtr 1,January,1
, FOOD GROUP,," MILK,CREAM & MILK FOOD FOR INFANTS",MT,3414.94793,2943.892882,10511.4247,-23.81,-26.97,-26.89,Import,2026,Qtr 1,February,1
, FOOD GROUP,, WHEAT UNMILLED,MT,0,0,0,0,0,0,Import,2026,Qtr 1,February,1
, FOOD GROUP,, DRY FRUITS & NUTS,MT,12658.6347,3252.33975,11614.16994,-17.92,-26.3,-26.21,Import,2026,Qtr 1,February,1
, FOOD GROUP,, TEA,MT,23456.0641,17199.0723,61413.37065,-3.25,1.62,1.75,Import,2026,Qtr 1,February,1
, FOOD GROUP,, SPICES,MT,19533.6558,6168.054687,22025.7943,-8.89,-5.19,-5.07,Import,2026,Qtr 1,February,1
, FOOD GROUP,, SOYABEAN OIL,MT,9750,3186.379111,11380.51012,85.71,85.47,85.8,Import,2026,Qtr 1,February,1
, FOOD GROUP,, PALM OIL,MT,358912.5407,107979.5526,385582.1194,6.29,4.97,5.09,Import,2026,Qtr 1,February,1
, FOOD GROUP,, SUGAR,MT,145.53,27.91057,99.46097,-56.82,-57.71,-57.5,Import,2026,Qtr 1,February,1
, FOOD GROUP,, PULSES  (LEGUMINOUS VEGETABLES),MT,132729.794,19991.96742,71381.68377,-23.13,-26.99,-26.93,Import,2026,Qtr 1,February,1
, FOOD GROUP,, ALL OTHERS FOOD ITEMS,-,,93563.45479,334114.2827,-,16.35,16.49,Import,2026,Qtr 1,February,1
,MACHINERY GROUP,, POWER GENERATING MACHINERY,-,,19071.67791,68100.05099,-,-17.76,-17.67,Import,2026,Qtr 1,February,1
,MACHINERY GROUP,, OFFICE MACHINE INCL+DATA PROC EQUIP;,-,,12481.12244,44564.39256,-,-10.66,-10.56,Import,2026,Qtr 1,February,1
,MACHINERY GROUP,, TEXTILE MACHINERY,-,,12994.45269,46400.60357,-,-20.03,-19.93,Import,2026,Qtr 1,February,1
,MACHINERY GROUP,, CONSTRUCTION & MINING MACHINERY,-,,3812.128653,13612.22145,-,-62.19,-62.16,Import,2026,Qtr 1,February,1
,MACHINERY GROUP,, ELECTRICAL MACHINERY & APPARATUS,-,,51586.22137,184210.6149,-,-13.83,-13.73,Import,2026,Qtr 1,February,1
,MACHINERY GROUP, TELE COM, MOBILE PHONE,-,,43560.05313,155547.1112,-,-13.35,-13.26,Import,2026,Qtr 1,February,1
,MACHINERY GROUP, TELE COM, OTHER APPARATUS,-,,15660.05695,55912.40018,-,-16.18,-16.09,Import,2026,Qtr 1,February,1
,MACHINERY GROUP,, AGRICULTURAL MACHINERY & IMPLEMENTS,-,,3913.731256,13975.80508,-,26.01,26.15,Import,2026,Qtr 1,February,1
,MACHINERY GROUP,, OTHER MACHINERY,-,,80786.55553,288475.8217,-,12.14,12.26,Import,2026,Qtr 1,February,1
,TRANSPORT GROUP,,1 CBU,-,,15762.5483,56282.65962,-,24.63,24.8,Import,2026,Qtr 1,February,1
,TRANSPORT GROUP,  ROAD MOTOR VEH,"CBU-BUSES,TRUCKS & OTH  HEAVY VEHICLES",-,,5630.532224,20106.09266,-,101.52,101.79,Import,2026,Qtr 1,February,1
,TRANSPORT GROUP,  ROAD MOTOR VEH,CBU-MOTOR CARS,-,,10074.5323,35971.36614,-,3.05,3.19,Import,2026,Qtr 1,February,1
,TRANSPORT GROUP,  ROAD MOTOR VEH,CBU-MOTOR CYCLES,-,,57.483776,205.20082,-,-25.35,-25.11,Import,2026,Qtr 1,February,1
,TRANSPORT GROUP,,2 CKD/SKD,-,,55647.69991,198709.0327,-,-2.43,-2.31,Import,2026,Qtr 1,February,1
,TRANSPORT GROUP,  ROAD MOTOR VEH,"CKD/SKD-BUSES,TRUCKS & OTH  HEAVY VEHICLES",-,,9742.721366,34789.94532,-,-0.51,-0.4,Import,2026,Qtr 1,February,1
,TRANSPORT GROUP,  ROAD MOTOR VEH,CKD/SKD-MOTOR CARS,-,,44005.15229,157135.3867,-,-3.28,-3.17,Import,2026,Qtr 1,February,1
,TRANSPORT GROUP,  ROAD MOTOR VEH,CKD/SKD-MOTOR CYCLES,-,,1899.826256,6783.700626,-,9.19,9.27,Import,2026,Qtr 1,February,1
,TRANSPORT GROUP,,3G PARTS & ACCESSORIES,-,,8839.337569,31563.28677,-,-18.89,-18.79,Import,2026,Qtr 1,February,1
,TRANSPORT GROUP,,4H OTHERS,-,,1241.045404,4431.358384,-,-9.54,-9.45,Import,2026,Qtr 1,February,1
,TRANSPORT GROUP,,"AIRCRAFTS, SHIPS AND BOATS",-,,97.148132,346.77495,-,-93.39,-93.39,Import,2026,Qtr 1,February,1
,TRANSPORT GROUP,,OTHERS TRANSPORT EQUIPMENTS,-,,2139.767186,7640.612771,-,81.64,81.92,Import,2026,Qtr 1,February,1
,PETROLEUM GROUP,, PETROLEUM PRODUCTS,MT,587765.6303,79510.40861,283960.5954,-11.37,-7.27,-7.16,Import,2026,Qtr 1,February,1
,PETROLEUM GROUP,, PETROLEUM CRUDE,MT,905366.062,118498.4322,423148.2977,5.32,8.04,8.19,Import,2026,Qtr 1,February,1
,PETROLEUM GROUP,,"NATURAL GAS, LIQUIFIED",-,,52922.92289,189021.3103,,-29.29,-29.2,Import,2026,Qtr 1,February,1
,PETROLEUM GROUP,," PETROLEUM GAS, LIQUIFIED",-,,24272.41467,86673.4378,,-10.11,-10,Import,2026,Qtr 1,February,1
,PETROLEUM GROUP,, OTHERS,-,,13.021474,46.5158,,-23.4,-23.74,Import,2026,Qtr 1,February,1
,TEXTILE GROUP,, RAW COTTON,MT,63983.65967,30414.16011,108603.3844,-21.85,-22.12,-22.03,Import,2026,Qtr 1,February,1
,TEXTILE GROUP,, SYNTHETIC FIBRE,MT,43625.34762,15032.6206,53684.22061,9.95,1.75,1.88,Import,2026,Qtr 1,February,1
,TEXTILE GROUP,, SYNTHETIC & ARTIFICIAL SILK YARN,MT,52907.41744,23923.02962,85428.59784,-7.22,-4.7,-4.59,Import,2026,Qtr 1,February,1
,TEXTILE GROUP,, WORN CLOTHING,MT,87693.63852,12295.6559,43905.50845,-37.32,-32.88,-32.79,Import,2026,Qtr 1,February,1
,TEXTILE GROUP,, OTHR TEXTILE ITEMS,-,,58443.42166,208745.6673,,-10.14,-10.01,Import,2026,Qtr 1,February,1
,AGRICULTURAL AND OTHER CHEMICALS GROUP,, FERTILIZER MANUFACTURED,MT,38172.01723,7529.557899,26897.14809,-49.12,-51.31,-51.24,Import,2026,Qtr 1,February,1
,AGRICULTURAL AND OTHER CHEMICALS GROUP,, INSECTICIDES,MT,3145.42294,4306.474255,15377.88288,-0.27,2.93,3.06,Import,2026,Qtr 1,February,1
,AGRICULTURAL AND OTHER CHEMICALS GROUP,, PLASTIC MATERIALS,MT,237731.1861,71211.36931,254291.2456,-5.63,-7.25,-7.13,Import,2026,Qtr 1,February,1
,AGRICULTURAL AND OTHER CHEMICALS GROUP,, MEDICINAL PRODUCTS,MT,3543,26254.42393,93746.22122,4.27,-14.07,-13.98,Import,2026,Qtr 1,February,1
,AGRICULTURAL AND OTHER CHEMICALS GROUP,, OTHERS,-,,113459.478,405138.2399,,-9.01,-8.91,Import,2026,Qtr 1,February,1
,METAL GROUP,, GOLD,KG,26.3672,1206.951048,4310.57434,46.48,63.32,63.59,Import,2026,Qtr 1,February,1
,METAL GROUP,, IRON AND STEEL SCRAP,MT,292742.4015,42797.18438,152819.2278,-23.27,-23.83,-23.74,Import,2026,Qtr 1,February,1
,METAL GROUP,, IRON AND STEEL,MT,427321.1405,64738.70102,231160.2141,-4.94,-13.62,-13.52,Import,2026,Qtr 1,February,1
,METAL GROUP,, ALUMINIUM WROUGHT & WORKED,-,,6229.747767,22245.28856,,5.91,6.04,Import,2026,Qtr 1,February,1
,METAL GROUP,, ALL OTHER METALS & ARTICALS,-,,31181.28706,111340.9571,,-27.72,-27.63,Import,2026,Qtr 1,February,1
,MISCELLANEOUS GROUP,, RUBBER CRUDE INCL+ SYNTH/RECLAIMED,MT,21651.67666,6364.854087,22728.07585,37.11,-1.12,-1,Import,2026,Qtr 1,February,1
,MISCELLANEOUS GROUP,, RUBBER TYRES & TUBES,NO,687626,4905.954324,17518.95112,-1.77,18.56,18.7,Import,2026,Qtr 1,February,1
,MISCELLANEOUS GROUP,, WOOD & CORK,-,,2468.774475,8815.04805,,-21.45,-21.37,Import,2026,Qtr 1,February,1
,MISCELLANEOUS GROUP,, JUTE,MT,0,0,0,0,0,0,Import,2026,Qtr 1,February,1
,MISCELLANEOUS GROUP,, PAPER & PAPER BOARD & MANUF+THEREOF,MT,42269.65109,11270.57951,40246.20317,0.07,-3.08,-2.96,Import,2026,Qtr 1,February,1
, FOOD GROUP,," MILK,CREAM & MILK FOOD FOR INFANTS",MT,3900.62838,3071.64473,10980.9127,29.72,4.34,4.47,Import,2026,Qtr 1,March,1
, FOOD GROUP,, WHEAT UNMILLED,MT,0,0,0,0,0,0,Import,2026,Qtr 1,March,1
, FOOD GROUP,, DRY FRUITS & NUTS,MT,12351.54024,3014.397171,10775.95289,-2.49,-7.31,-7.22,Import,2026,Qtr 1,March,1
, FOOD GROUP,, TEA,MT,19112.66478,13409.43959,47938.21168,-18.59,-22.03,-21.94,Import,2026,Qtr 1,March,1
, FOOD GROUP,, SPICES,MT,20711.7412,6128.486453,21908.61538,7.47,-0.64,-0.53,Import,2026,Qtr 1,March,1
, FOOD GROUP,, SOYABEAN OIL,MT,2000,646.653467,2311.540543,-79.49,-79.7,-79.69,Import,2026,Qtr 1,March,1
, FOOD GROUP,, PALM OIL,MT,268369.1929,80374.78554,287318.3364,-25.23,-25.57,-25.48,Import,2026,Qtr 1,March,1
, FOOD GROUP,, SUGAR,MT,50,8.677063,31.03654461,-65.75,-69.01,-68.65,Import,2026,Qtr 1,March,1
, FOOD GROUP,, PULSES  (LEGUMINOUS VEGETABLES),MT,118613.4392,17032.31826,60898.75075,-10.63,-14.8,-14.69,Import,2026,Qtr 1,March,1
, FOOD GROUP,, ALL OTHERS FOOD ITEMS,-,,66579.1536,238023.8593,,-28.84,-28.76,Import,2026,Qtr 1,March,1
,MACHINERY GROUP,, POWER GENERATING MACHINERY,-,,24859.92837,88873.38121,,30.83,30.98,Import,2026,Qtr 1,March,1
,MACHINERY GROUP,, OFFICE MACHINE INCL+DATA PROC EQUIP;,-,,13068.30579,46715.53433,,4.77,4.9,Import,2026,Qtr 1,March,1
,MACHINERY GROUP,, TEXTILE MACHINERY,-,,10676.07686,38168.01555,,-17.84,-17.74,Import,2026,Qtr 1,March,1
,MACHINERY GROUP,, CONSTRUCTION & MINING MACHINERY,-,,3903.133214,13954.15215,,2.39,2.51,Import,2026,Qtr 1,March,1
,MACHINERY GROUP,, ELECTRICAL MACHINERY & APPARATUS,-,,66230.92157,236786.8727,,28.74,28.9,Import,2026,Qtr 1,March,1
,MACHINERY GROUP, TELE COM, MOBILE PHONE,-,,41699.36681,149078.2831,,-4.26,-4.15,Import,2026,Qtr 1,March,1
,MACHINERY GROUP, TELE COM, OTHER APPARATUS,-,,17885.62433,63940.19099,,14.36,14.5,Import,2026,Qtr 1,March,1
,MACHINERY GROUP,, AGRICULTURAL MACHINERY & IMPLEMENTS,-,,3211.152378,11479.16261,,-17.96,-17.87,Import,2026,Qtr 1,March,1
,MACHINERY GROUP,, OTHER MACHINERY,-,,64401.14294,230285.2643,,-20.42,-20.31,Import,2026,Qtr 1,March,1
,TRANSPORT GROUP,,1 CBU,-,,12020.98206,42973.64562,,-23.74,-23.65,Import,2026,Qtr 1,March,1
,TRANSPORT GROUP,  ROAD MOTOR VEH,"CBU-BUSES,TRUCKS & OTH  HEAVY VEHICLES",-,,3520.116968,12585.82384,,-37.49,-37.4,Import,2026,Qtr 1,March,1
,TRANSPORT GROUP,  ROAD MOTOR VEH,CBU-MOTOR CARS,-,,8461.552973,30247.35006,,-16.01,-15.91,Import,2026,Qtr 1,March,1
,TRANSPORT GROUP,  ROAD MOTOR VEH,CBU-MOTOR CYCLES,-,,39.312118,140.4717214,,-31.03,-31.48,Import,2026,Qtr 1,March,1
,TRANSPORT GROUP,,2 CKD/SKD,-,,62498.06651,223437.9552,,12.31,12.45,Import,2026,Qtr 1,March,1
,TRANSPORT GROUP,  ROAD MOTOR VEH,"CKD/SKD-BUSES,TRUCKS & OTH  HEAVY VEHICLES",-,,13157.16471,47039.36722,,35.04,35.21,Import,2026,Qtr 1,March,1
,TRANSPORT GROUP,  ROAD MOTOR VEH,CKD/SKD-MOTOR CARS,-,,47549.44171,169993.8823,,8.05,8.18,Import,2026,Qtr 1,March,1
,TRANSPORT GROUP,  ROAD MOTOR VEH,CKD/SKD-MOTOR CYCLES,-,,1791.460093,6404.705701,,-5.71,-5.59,Import,2026,Qtr 1,March,1
,TRANSPORT GROUP,,3G PARTS & ACCESSORIES,-,,9199.812513,32887.61952,,7.92,8.04,Import,2026,Qtr 1,March,1
,TRANSPORT GROUP,,4H OTHERS,-,,1204.794832,4307.378816,,-2.92,-2.79,Import,2026,Qtr 1,March,1
,TRANSPORT GROUP,,"AIRCRAFTS, SHIPS AND BOATS",-,,7128.555138,25482.31031,,7249.03,7243.61,Import,2026,Qtr 1,March,1
,TRANSPORT GROUP,,OTHERS TRANSPORT EQUIPMENTS,-,,1714.277499,6128.989382,,149.53,150.06,Import,2026,Qtr 1,March,1
,PETROLEUM GROUP,, PETROLEUM PRODUCTS,MT,845797.4521,116139.5539,415241.2732,43.85,46.07,46.23,Import,2026,Qtr 1,March,1
,PETROLEUM GROUP,, PETROLEUM CRUDE,MT,929377.29,181024.595,647195.742,2.65,52.77,52.95,Import,2026,Qtr 1,March,1
,PETROLEUM GROUP,,"NATURAL GAS, LIQUIFIED",-,,19634.71994,70187.95952,,-62.9,-62.87,Import,2026,Qtr 1,March,1
,PETROLEUM GROUP,," PETROLEUM GAS, LIQUIFIED",-,,23421.19529,83720.5531,,-3.51,-3.41,Import,2026,Qtr 1,March,1
,PETROLEUM GROUP,, OTHERS,-,,1.300167,4.647603217,,-90,-90.11,Import,2026,Qtr 1,March,1
,TEXTILE GROUP,, RAW COTTON,MT,48592.80384,22914.68611,81920.76733,-24.05,-24.66,-24.57,Import,2026,Qtr 1,March,1
,TEXTILE GROUP,, SYNTHETIC FIBRE,MT,40136.77333,14837.11686,53045.15339,-4.5,-1.3,-1.19,Import,2026,Qtr 1,March,1
,TEXTILE GROUP,, SYNTHETIC & ARTIFICIAL SILK YARN,MT,52899.41203,24450.91339,87416.46064,-1.05,2.21,2.33,Import,2026,Qtr 1,March,1
,TEXTILE GROUP,, WORN CLOTHING,MT,60185.03149,9438.780667,33739.61838,-35.14,-23.24,-23.15,Import,2026,Qtr 1,March,1
,TEXTILE GROUP,, OTHR TEXTILE ITEMS,-,,48202.14556,172320.2348,,-17.52,-17.45,Import,2026,Qtr 1,March,1
,AGRICULTURAL AND OTHER CHEMICALS GROUP,, FERTILIZER MANUFACTURED,MT,31237.79,3257.225503,11645.86078,-19.21,-56.74,-56.7,Import,2026,Qtr 1,March,1
,AGRICULTURAL AND OTHER CHEMICALS GROUP,, INSECTICIDES,MT,4940.296192,6178.459191,22089.49008,57.08,43.48,43.64,Import,2026,Qtr 1,March,1
,AGRICULTURAL AND OTHER CHEMICALS GROUP,, PLASTIC MATERIALS,MT,157564.9665,52215.43527,186664.6814,-34.26,-26.68,-26.59,Import,2026,Qtr 1,March,1
,AGRICULTURAL AND OTHER CHEMICALS GROUP,, MEDICINAL PRODUCTS,MT,3544.262663,18162.88958,64935.82341,-48,-38.15,-38.08,Import,2026,Qtr 1,March,1
,AGRICULTURAL AND OTHER CHEMICALS GROUP,, OTHERS,-,,116799.5356,417554.7219,,5.85,5.97,Import,2026,Qtr 1,March,1
,METAL GROUP,, GOLD,KG,0,0,0,-100,-100,-100,Import,2026,Qtr 1,March,1
,METAL GROUP,, IRON AND STEEL SCRAP,MT,208763.7237,34141.29084,122041.1586,-37.63,-20.23,-20.14,Import,2026,Qtr 1,March,1
,METAL GROUP,, IRON AND STEEL,MT,252225.6302,44775.87622,160068.796,-41.14,-30.84,-30.75,Import,2026,Qtr 1,March,1
,METAL GROUP,, ALUMINIUM WROUGHT & WORKED,-,,5200.738993,18591.45334,,-16.52,-16.42,Import,2026,Qtr 1,March,1
,METAL GROUP,, ALL OTHER METALS & ARTICALS,-,,32648.73102,116746.3744,,4.71,4.86,Import,2026,Qtr 1,March,1
,MISCELLANEOUS GROUP,, RUBBER CRUDE INCL+ SYNTH/RECLAIMED,MT,17450.01988,5765.896899,20611.88306,-20.83,-9.41,-9.31,Import,2026,Qtr 1,March,1
,MISCELLANEOUS GROUP,, RUBBER TYRES & TUBES,NO,613140,4424.223491,15816.53623,-11.65,-9.82,-9.72,Import,2026,Qtr 1,March,1
,MISCELLANEOUS GROUP,, WOOD & CORK,-,,2400.665453,8582.066288,,-2.77,-2.64,Import,2026,Qtr 1,March,1
,MISCELLANEOUS GROUP,, JUTE,MT,0,0,0,0,0,0,Import,2026,Qtr 1,March,1
,MISCELLANEOUS GROUP,, PAPER & PAPER BOARD & MANUF+THEREOF,MT,42028.24037,10954.3589,39162.36237,-4.59,-2.81,-2.69,Import,2026,Qtr 1,March,1
, FOOD GROUP,," MILK,CREAM & MILK FOOD FOR INFANTS",MT,4424.30793,4536.005642,16235.81052,12.35,47.66,47.85,Import,2026,Qtr2,April,1
, FOOD GROUP,, WHEAT UNMILLED,MT,0,0,0,0,0,0,Import,2026,Qtr2,April,1
, FOOD GROUP,, DRY FRUITS & NUTS,MT,15366.71364,3435.773665,12297.85297,24.35,13.99,14.12,Import,2026,Qtr2,April,1
, FOOD GROUP,, TEA,MT,25761.87693,19267.78328,68965.10995,34.68,43.69,43.86,Import,2026,Qtr2,April,1
, FOOD GROUP,, SPICES,MT,20756.59078,6799.092102,24337.08881,-0.34,10.95,11.08,Import,2026,Qtr2,April,1
, FOOD GROUP,, SOYABEAN OIL,MT,0,0,0,-100,-100,-100,Import,2026,Qtr2,April,1
, FOOD GROUP,, PALM OIL,MT,265673.27,81175.89964,290522.4184,-1,1,1.12,Import,2026,Qtr2,April,1
, FOOD GROUP,, SUGAR,MT,220.05,45.911456,164.3049996,340.1,410.13,430.02,Import,2026,Qtr2,April,1
, FOOD GROUP,, PULSES  (LEGUMINOUS VEGETABLES),MT,112574.961,17875.80574,63982.15997,-5.09,4.95,5.06,Import,2026,Qtr2,April,1
, FOOD GROUP,, ALL OTHERS FOOD ITEMS,-,,78578.05867,281261.3884,,18.02,18.17,Import,2026,Qtr2,April,1
,MACHINERY GROUP,, POWER GENERATING MACHINERY,-,,15863.1512,56774.66417,,-36.18,-36.11,Import,2026,Qtr2,April,1
,MACHINERY GROUP,, OFFICE MACHINE INCL+DATA PROC EQUIP;,-,,13456.35637,48163.83095,,3.12,3.25,Import,2026,Qtr2,April,1
,MACHINERY GROUP,, TEXTILE MACHINERY,-,,15634.96385,55965.53672,,46.45,46.63,Import,2026,Qtr2,April,1
,MACHINERY GROUP,, CONSTRUCTION & MINING MACHINERY,-,,5232.108927,18726.26748,,34.05,34.2,Import,2026,Qtr2,April,1
,MACHINERY GROUP,, ELECTRICAL MACHINERY & APPARATUS,-,,100244.0486,358805.6559,,51.36,51.53,Import,2026,Qtr2,April,1
,MACHINERY GROUP,, AGRICULTURAL MACHINERY & IMPLEMENTS,-,,3429.89823,12276.34058,,6.82,6.95,Import,2026,Qtr2,April,1
,MACHINERY GROUP,, OTHER MACHINERY,-,,73657.75076,263651.467,,13.96,14.08,Import,2026,Qtr2,April,1
,TRANSPORT GROUP,,1 CBU,-,,6881.017444,24622.97892,,-42.76,-42.7,Import,2026,Qtr2,April,1
,TRANSPORT GROUP,,2 CKD/SKD,-,,77655.8122,277983.9387,,24.26,24.41,Import,2026,Qtr2,April,1
,TRANSPORT GROUP,,3 PARTS & ACCESSORIES,-,,9368.32901,33530.38873,,5.29,5.41,Import,2026,Qtr2,April,1
,TRANSPORT GROUP,,4 OTHERS,-,,815.378063,2917.95212,,-32.33,-32.25,Import,2026,Qtr2,April,1
,TRANSPORT GROUP,,"AIRCRAFTS, SHIPS AND BOATS",-,,612.079267,2190.432618,,-91.41,-91.4,Import,2026,Qtr2,April,1
,TRANSPORT GROUP,,OTHERS TRANSPORT EQUIPMENTS,-,,1857.854938,6649.159057,,338.17,338.6,Import,2026,Qtr2,April,1
,PETROLEUM GROUP,, PETROLEUM PRODUCTS,MT,1136829.31,272942.6729,977094.4338,34.38,135.01,135.31,Import,2026,Qtr2,April,1
,PETROLEUM GROUP,, PETROLEUM CRUDE,MT,1080600.555,331798.988,1187022.293,16.27,83.29,83.41,Import,2026,Qtr2,April,1
,PETROLEUM GROUP,,"NATURAL GAS, LIQUIFIED",-,,0,0,,-100,-100,Import,2026,Qtr2,April,1
,PETROLEUM GROUP,," PETROLEUM GAS, LIQUIFIED",-,,29944.22134,107179.6857,,27.85,28.02,Import,2026,Qtr2,April,1
,PETROLEUM GROUP,, OTHERS,-,,4.316487,15.45080215,,331.65,209.02,Import,2026,Qtr2,April,1
,TEXTILE GROUP,, RAW COTTON,MT,75750.85439,35474.95158,126984.1643,55.86,54.81,55.01,Import,2026,Qtr2,April,1
,TEXTILE GROUP,, SYNTHETIC FIBRE,MT,38151.60754,14107.38768,50496.58925,-2.38,-4.92,-4.8,Import,2026,Qtr2,April,1
,TEXTILE GROUP,, SYNTHETIC & ARTIFICIAL SILK YARN,MT,48558.71327,23355.59508,83592.92006,-8.83,-4.48,-4.37,Import,2026,Qtr2,April,1
,TEXTILE GROUP,, WORN CLOTHING,MT,95068.88491,12501.41077,44747.08699,36.48,32.44,32.62,Import,2026,Qtr2,April,1
,TEXTILE GROUP,, OTHR TEXTILE ITEMS,-,,44297.51408,158548.5955,,-8.1,-7.99,Import,2026,Qtr2,April,1
,AGRICULTURAL AND OTHER CHEMICALS GROUP,, FERTILIZER MANUFACTURED,MT,27371.03377,3620.189644,12957.45608,-11.62,11.15,11.26,Import,2026,Qtr2,April,1
,AGRICULTURAL AND OTHER CHEMICALS GROUP,, INSECTICIDES,MT,5341.494309,7094.647266,25393.68606,-25.82,14.84,14.96,Import,2026,Qtr2,April,1
,AGRICULTURAL AND OTHER CHEMICALS GROUP,, PLASTIC MATERIALS,MT,144111.9212,51825.92907,185514.068,-8.33,-0.75,-0.62,Import,2026,Qtr2,April,1
,AGRICULTURAL AND OTHER CHEMICALS GROUP,, MEDICINAL PRODUCTS,MT,4377.654288,28021.40357,100300.8352,23.07,31.37,31.53,Import,2026,Qtr2,April,1
,AGRICULTURAL AND OTHER CHEMICALS GROUP,, OTHERS,-,,137788.503,493200.1895,,21.26,21.41,Import,2026,Qtr2,April,1
,METAL GROUP,, GOLD,KG,14.9868,662.543671,2371.761061,0,0,0,Import,2026,Qtr2,April,1
,METAL GROUP,, IRON AND STEEL SCRAP,MT,217192,32602.60299,116698.5732,-9.1,-4.51,-4.38,Import,2026,Qtr2,April,1
,METAL GROUP,, IRON AND STEEL,MT,327416.0554,56762.12951,203165.332,28.93,26.77,26.93,Import,2026,Qtr2,April,1
,METAL GROUP,, ALUMINIUM WROUGHT & WORKED,-,,4575.556255,16376.80506,,-12.03,-11.91,Import,2026,Qtr2,April,1
,METAL GROUP,, ALL OTHER METALS & ARTICALS,-,,31601.31289,113113.4467,,-3.21,-3.11,Import,2026,Qtr2,April,1
,MISCELLANEOUS GROUP,, RUBBER CRUDE INCL+ SYNTH/RECLAIMED,MT,33044.56789,9539.54919,34145.80279,89.17,65.44,65.66,Import,2026,Qtr2,April,1
,MISCELLANEOUS GROUP,, RUBBER TYRES & TUBES,NO,1111345,5069.586396,18145.64125,68.21,14.59,14.73,Import,2026,Qtr2,April,1
,MISCELLANEOUS GROUP,, WOOD & CORK,-,,3280.005429,11740.93301,,36.61,36.81,Import,2026,Qtr2,April,1
,MISCELLANEOUS GROUP,, JUTE,MT,19.071,8.075888,28.914744,0,0,0,Import,2026,Qtr2,April,1
,MISCELLANEOUS GROUP,, PAPER & PAPER BOARD & MANUF+THEREOF,MT,51694.05,13101.18281,46892.62146,27.97,19.6,19.74,Import,2026,Qtr2,April,1
,MISCELLANEOUS GROUP,,   PRIMARY DATA SOURCE IS PAKISTAN SINGLE WINDOW (PSW) AND VALIDATED BY FBR(DRS)+,,,,,,,,Import,2026,Qtr2,April,1
,MISCELLANEOUS GROUP,,   DUE TO ROUNDINGS EFFECTS SOME TOTALS AND PERCENTAGES MAY NOT TALLY+,,,,,,,,Import,2026,Qtr2,April,1
, FOOD GROUP,," MILK,CREAM & MILK FOOD FOR INFANTS",MT,36631.30793,34200.00564,121624.8105,,,,Import,2026,Qtr2,April,1
, FOOD GROUP,, WHEAT UNMILLED,MT,0,0,0,,,,Import,2026,Qtr2,April,1
, FOOD GROUP,, DRY FRUITS & NUTS,MT,150845.7136,40962.77367,145724.853,,,,Import,2026,Qtr2,April,1
, FOOD GROUP,, TEA,MT,220870.8769,155963.7833,554889.1099,,,,Import,2026,Qtr2,April,1
, FOOD GROUP,, SPICES,MT,183017.5908,60321.0921,214567.0888,,,,Import,2026,Qtr2,April,1
, FOOD GROUP,, SOYABEAN OIL,MT,97521,30654,108683,,,,Import,2026,Qtr2,April,1
, FOOD GROUP,, PALM OIL,MT,3075446.27,931826.8996,3313918.418,,,,Import,2026,Qtr2,April,1
, FOOD GROUP,, SUGAR,MT,309157.05,49234.91146,174908.305,,,,Import,2026,Qtr2,April,1
, FOOD GROUP,, PULSES  (LEGUMINOUS VEGETABLES),MT,1159103.961,193552.8057,688357.16,,,,Import,2026,Qtr2,April,1
, FOOD GROUP,, ALL OTHERS FOOD ITEMS,-,,709950.0587,2525881.388,,,,Import,2026,Qtr2,April,1
,MACHINERY GROUP,, POWER GENERATING MACHINERY,-,,193692.1512,689111.6642,,,,Import,2026,Qtr2,April,1
,MACHINERY GROUP,, OFFICE MACHINE INCL+DATA PROC EQUIP;,-,,160053.3564,569066.831,,,,Import,2026,Qtr2,April,1
,MACHINERY GROUP,, TEXTILE MACHINERY,-,,142218.9638,505574.5367,,,,Import,2026,Qtr2,April,1
,MACHINERY GROUP,, CONSTRUCTION & MINING MACHINERY,-,,55189.10893,196362.2675,,,,Import,2026,Qtr2,April,1
,MACHINERY GROUP,, ELECTRICAL MACHINERY & APPARATUS,-,,656497.0486,2334456.656,,,,Import,2026,Qtr2,April,1
,MACHINERY GROUP,, AGRICULTURAL MACHINERY & IMPLEMENTS,-,,32225.89823,114569.3406,,,,Import,2026,Qtr2,April,1
,MACHINERY GROUP,, OTHER MACHINERY,-,,642731.7508,2287173.467,,,,Import,2026,Qtr2,April,1
,TRANSPORT GROUP,,1 CBU,-,,148475.0174,527605.9789,,,,Import,2026,Qtr2,April,1
,TRANSPORT GROUP,,2 CKD/SKD,-,,615894.8122,2191001.939,,,,Import,2026,Qtr2,April,1
,TRANSPORT GROUP,,3 PARTS & ACCESSORIES,-,,95325.32901,339042.3887,,,,Import,2026,Qtr2,April,1
,TRANSPORT GROUP,,4 OTHERS,-,,11035.37806,39233.95212,,,,Import,2026,Qtr2,April,1
,TRANSPORT GROUP,,"AIRCRAFTS, SHIPS AND BOATS",-,,32997.07927,117247.4326,,,,Import,2026,Qtr2,April,1
,TRANSPORT GROUP,,OTHERS TRANSPORT EQUIPMENTS,-,,12545.85494,44467.15906,,,,Import,2026,Qtr2,April,1
,PETROLEUM GROUP,, PETROLEUM PRODUCTS,MT,9200712.31,1434922.673,5104768.434,,,,Import,2026,Qtr2,April,1
,PETROLEUM GROUP,, PETROLEUM CRUDE,MT,9678712.555,1584793.988,5640356.293,,,,Import,2026,Qtr2,April,1
,PETROLEUM GROUP,,"NATURAL GAS, LIQUIFIED",-,,530506,1884508,,,,Import,2026,Qtr2,April,1
,PETROLEUM GROUP,," PETROLEUM GAS, LIQUIFIED",-,,249432.2213,887416.6857,,,,Import,2026,Qtr2,April,1
,PETROLEUM GROUP,, OTHERS,-,,69.316487,246.4508022,,,,Import,2026,Qtr2,April,1
,TEXTILE GROUP,, RAW COTTON,MT,676937.8544,331273.9516,1177726.164,,,,Import,2026,Qtr2,April,1
,TEXTILE GROUP,, SYNTHETIC FIBRE,MT,452497.6075,167627.3877,595750.5893,,,,Import,2026,Qtr2,April,1
,TEXTILE GROUP,, SYNTHETIC & ARTIFICIAL SILK YARN,MT,548251.7133,250918.5951,892203.9201,,,,Import,2026,Qtr2,April,1
,TEXTILE GROUP,, WORN CLOTHING,MT,1064675.885,141008.4108,501475.087,,,,Import,2026,Qtr2,April,1
,TEXTILE GROUP,, OTHR TEXTILE ITEMS,-,,611809.5141,2175177.595,,,,Import,2026,Qtr2,April,1
,AGRICULTURAL AND OTHER CHEMICALS GROUP,, FERTILIZER MANUFACTURED,MT,833345.0338,150751.1896,535452.4561,,,,Import,2026,Qtr2,April,1
,AGRICULTURAL AND OTHER CHEMICALS GROUP,, INSECTICIDES,MT,37943.49431,49367.64727,175718.6861,,,,Import,2026,Qtr2,April,1
,AGRICULTURAL AND OTHER CHEMICALS GROUP,, PLASTIC MATERIALS,MT,2044162.921,660598.9291,2348612.068,,,,Import,2026,Qtr2,April,1
,AGRICULTURAL AND OTHER CHEMICALS GROUP,, MEDICINAL PRODUCTS,MT,40561.65429,320322.4036,1138755.835,,,,Import,2026,Qtr2,April,1
,AGRICULTURAL AND OTHER CHEMICALS GROUP,, OTHERS,-,,1233930.503,4388303.189,,,,Import,2026,Qtr2,April,1
,METAL GROUP,, GOLD,KG,85.9868,3654.543671,13045.76106,,,,Import,2026,Qtr2,April,1
,METAL GROUP,, IRON AND STEEL SCRAP,MT,3204355,460042.603,1635908.573,,,,Import,2026,Qtr2,April,1
,METAL GROUP,, IRON AND STEEL,MT,3636231.055,625535.1295,2224088.332,,,,Import,2026,Qtr2,April,1
,METAL GROUP,, ALUMINIUM WROUGHT & WORKED,-,,58104.55626,206554.8051,,,,Import,2026,Qtr2,April,1
,METAL GROUP,, ALL OTHER METALS & ARTICALS,-,,334025.3129,1188011.447,,,,Import,2026,Qtr2,April,1
,MISCELLANEOUS GROUP,, RUBBER CRUDE INCL+ SYNTH/RECLAIMED,MT,374331.5679,76703.54919,272684.8028,,,,Import,2026,Qtr2,April,1
,MISCELLANEOUS GROUP,, RUBBER TYRES & TUBES,NO,9110430,51020.5864,181339.6412,,,,Import,2026,Qtr2,April,1
,MISCELLANEOUS GROUP,, WOOD & CORK,-,,29270.00543,104109.933,,,,Import,2026,Qtr2,April,1
,MISCELLANEOUS GROUP,, JUTE,MT,6872.071,1602.075888,5663.914744,,,,Import,2026,Qtr2,April,1
,MISCELLANEOUS GROUP,, PAPER & PAPER BOARD & MANUF+THEREOF,MT,436266.05,116771.1828,415264.6215,,,,Import,2026,Qtr2,April,1
, FOOD GROUP,," MILK,CREAM & MILK FOOD FOR INFANTS",MT,5017.20994,3815.016515,13667.823,12.42,-15.89,-15.82,Import,2026,Qtr2,May,1
, FOOD GROUP,, WHEAT UNMILLED,MT,0,0,0,0,0,0,Import,2026,Qtr2,May,1
, FOOD GROUP,, DRY FRUITS & NUTS,MT,7959.175348,1831.725741,6368.222306,-48.21,-46.69,-48.22,Import,2026,Qtr2,May,1
, FOOD GROUP,, TEA,MT,22975.45922,17202.23779,61126.1199,-10.86,-10.72,-11.37,Import,2026,Qtr2,May,1
, FOOD GROUP,, SPICES,MT,18863.175,6541.373549,23431.56112,-9.12,-3.79,-3.72,Import,2026,Qtr2,May,1
, FOOD GROUP,, SOYABEAN OIL,MT,0,0,0,0,0,0,Import,2026,Qtr2,May,1
, FOOD GROUP,, PALM OIL,MT,203952.815,64444.30782,230928.6277,-23.23,-20.61,-20.51,Import,2026,Qtr2,May,1
, FOOD GROUP,, SUGAR,MT,145.201,27.503699,98.54623441,-34.3,-40.21,-39.91,Import,2026,Qtr2,May,1
, FOOD GROUP,, PULSES  (LEGUMINOUS VEGETABLES),MT,123090.752,18337.05651,65709.36189,9.34,2.58,2.7,Import,2026,Qtr2,May,1
, FOOD GROUP,, ALL OTHERS FOOD ITEMS,-,,70858.56649,253719.0291,,-9.82,-9.79,Import,2026,Qtr2,May,1
,MACHINERY GROUP,, POWER GENERATING MACHINERY,-,,16092.97889,56926.09686,,1.71,0.52,Import,2026,Qtr2,May,1
,MACHINERY GROUP,, OFFICE MACHINE INCL+DATA PROC EQUIP;,-,,16231.60266,57491.3589,,20.82,19.55,Import,2026,Qtr2,May,1
,MACHINERY GROUP,, TEXTILE MACHINERY,-,,10237.01521,36414.48672,,-34.44,-34.85,Import,2026,Qtr2,May,1
,MACHINERY GROUP,, CONSTRUCTION & MINING MACHINERY,-,,4544.358811,16225.96458,,-13.14,-13.35,Import,2026,Qtr2,May,1
,MACHINERY GROUP,, ELECTRICAL MACHINERY & APPARATUS,-,,72227.39869,256065.8748,,-27.91,-28.59,Import,2026,Qtr2,May,1
,MACHINERY GROUP,, AGRICULTURAL MACHINERY & IMPLEMENTS,-,,2593.982799,9210.534268,,-24.37,-24.97,Import,2026,Qtr2,May,1
,MACHINERY GROUP,, OTHER MACHINERY,-,,92397.55952,328692.9894,,25.43,24.66,Import,2026,Qtr2,May,1
,TRANSPORT GROUP,,1 CBU,-,,12803.92604,45644.12304,,86.1,85.37,Import,2026,Qtr2,May,1
,TRANSPORT GROUP,,2 CKD/SKD,-,,67636.79808,237899.8402,,-12.9,-14.42,Import,2026,Qtr2,May,1
,TRANSPORT GROUP,,3 PARTS & ACCESSORIES,-,,9116.30274,32014.2118,,0.28,-1.61,Import,2026,Qtr2,May,1
,TRANSPORT GROUP,,4 OTHERS,-,,2725.263983,9766.969441,,234.39,234.71,Import,2026,Qtr2,May,1
,TRANSPORT GROUP,,"AIRCRAFTS, SHIPS AND BOATS",-,,1151.190385,4124.025781,,88.1,88.31,Import,2026,Qtr2,May,1
,TRANSPORT GROUP,,OTHERS TRANSPORT EQUIPMENTS,-,,2371.710366,8496.224957,,368.72,369.15,Import,2026,Qtr2,May,1
,PETROLEUM GROUP,, PETROLEUM PRODUCTS,MT,629318.3214,141629.8231,507506.0972,-44.65,-48.11,-48.06,Import,2026,Qtr2,May,1
,PETROLEUM GROUP,, PETROLEUM CRUDE,MT,796920.07,195538.3815,700375.5046,-26.25,-41.07,-41,Import,2026,Qtr2,May,1
,PETROLEUM GROUP,,"NATURAL GAS, LIQUIFIED",-,,36753.9356,131731.951,,100,100,Import,2026,Qtr2,May,1
,PETROLEUM GROUP,," PETROLEUM GAS, LIQUIFIED",-,,26867.65804,96281.49267,,-10.27,-10.17,Import,2026,Qtr2,May,1
,PETROLEUM GROUP,, OTHERS,-,,9.774343,35.0317218,,144.36,133.54,Import,2026,Qtr2,May,1
,TEXTILE GROUP,, RAW COTTON,MT,77351.14131,36390.39346,130409.0856,2.12,2.58,2.7,Import,2026,Qtr2,May,1
,TEXTILE GROUP,, SYNTHETIC FIBRE,MT,41193.62473,15958.75006,57178.44876,20.54,13.13,13.23,Import,2026,Qtr2,May,1
,TEXTILE GROUP,, SYNTHETIC & ARTIFICIAL SILK YARN,MT,37265.37851,21500.91321,76979.47908,-23.99,-7.94,-7.91,Import,2026,Qtr2,May,1
,TEXTILE GROUP,, WORN CLOTHING,MT,98887.8586,13066.63824,45756.423,3.72,4.52,2.26,Import,2026,Qtr2,May,1
,TEXTILE GROUP,, OTHR TEXTILE ITEMS,-,,45986.62525,162835.2473,,3.81,2.7,Import,2026,Qtr2,May,1
,AGRICULTURAL AND OTHER CHEMICALS GROUP,, FERTILIZER MANUFACTURED,MT,5942.1493,1178.474923,4223.19957,-78.27,-67.45,-67.41,Import,2026,Qtr2,May,1
,AGRICULTURAL AND OTHER CHEMICALS GROUP,, INSECTICIDES,MT,3100,3692.815973,13174.04668,-49.16,-47.95,-48.12,Import,2026,Qtr2,May,1
,AGRICULTURAL AND OTHER CHEMICALS GROUP,, PLASTIC MATERIALS,MT,148299.2999,59462.25128,212603.2369,4.9,14.73,14.6,Import,2026,Qtr2,May,1
,AGRICULTURAL AND OTHER CHEMICALS GROUP,, MEDICINAL PRODUCTS,MT,5124.556147,25357.96035,89785.63173,1.72,-19.13,-20.01,Import,2026,Qtr2,May,1
,AGRICULTURAL AND OTHER CHEMICALS GROUP,, OTHERS,-,,120138.4686,429651.6017,,-10.65,-10.72,Import,2026,Qtr2,May,1
,METAL GROUP,, GOLD,KG,20.334,849.16116,3044.052868,35.56,28.08,28.33,Import,2026,Qtr2,May,1
,METAL GROUP,, IRON AND STEEL SCRAP,MT,239758.1268,39387.51875,135627.7626,19.6,20.81,16.22,Import,2026,Qtr2,May,1
,METAL GROUP,, IRON AND STEEL,MT,233954.2019,40671.78181,144953.4299,-29,-28.35,-28.65,Import,2026,Qtr2,May,1
,METAL GROUP,, ALUMINIUM WROUGHT & WORKED,-,,4875.192833,17466.2555,,6.54,6.65,Import,2026,Qtr2,May,1
,METAL GROUP,, ALL OTHER METALS & ARTICALS,-,,36657.98964,130177.8403,,16,15.09,Import,2026,Qtr2,May,1
,MISCELLANEOUS GROUP,, RUBBER CRUDE INCL+ SYNTH/RECLAIMED,MT,28871.77365,5566.083901,19942.81313,-16.52,-41.66,-41.6,Import,2026,Qtr2,May,1
,MISCELLANEOUS GROUP,, RUBBER TYRES & TUBES,NO,831613,5263.721427,18149.31802,-25.32,3.82,0.02,Import,2026,Qtr2,May,1
,MISCELLANEOUS GROUP,, WOOD & CORK,-,,2703.346005,9687.939883,,-17.58,-17.49,Import,2026,Qtr2,May,1
,MISCELLANEOUS GROUP,, JUTE,MT,77.201,32.657691,117.0537487,306.32,308.22,303.63,Import,2026,Qtr2,May,1
,MISCELLANEOUS GROUP,, PAPER & PAPER BOARD & MANUF+THEREOF,MT,36678.84293,9770.532998,34923.46688,-30.13,-25.42,-25.53,Import,2026,Qtr2,May,1
,MISCELLANEOUS GROUP,,   PRIMARY DATA SOURCE IS PAKISTAN SINGLE WINDOW (PSW) AND VALIDATED BY FBR(DRS)+,,,,,,,,Import,2026,Qtr2,May,1
,MISCELLANEOUS GROUP,,   DUE TO ROUNDINGS EFFECTS SOME TOTALS AND PERCENTAGES MAY NOT TALLY+,,,,,,,,Import,2026,Qtr2,May,1
, FOOD GROUP,," MILK,CREAM & MILK FOOD FOR INFANTS",MT,41688.20994,38015.01652,135292.823,,,,Import,2026,Qtr2,May,1
, FOOD GROUP,, WHEAT UNMILLED,MT,0,0,0,,,,Import,2026,Qtr2,May,1
, FOOD GROUP,, DRY FRUITS & NUTS,MT,158805.1753,42794.72574,152093.2223,,,,Import,2026,Qtr2,May,1
, FOOD GROUP,, TEA,MT,243859.4592,173166.2378,616015.1199,,,,Import,2026,Qtr2,May,1
, FOOD GROUP,, SPICES,MT,201880.175,66862.37355,237998.5611,,,,Import,2026,Qtr2,May,1
, FOOD GROUP,, SOYABEAN OIL,MT,97521,30654,108683,,,,Import,2026,Qtr2,May,1
, FOOD GROUP,, PALM OIL,MT,3279398.815,996271.3078,3544846.628,,,,Import,2026,Qtr2,May,1
, FOOD GROUP,, SUGAR,MT,309303.201,49262.5037,175007.5462,,,,Import,2026,Qtr2,May,1
, FOOD GROUP,, PULSES  (LEGUMINOUS VEGETABLES),MT,1282194.752,211890.0565,754066.3619,,,,Import,2026,Qtr2,May,1
, FOOD GROUP,, ALL OTHERS FOOD ITEMS,-,,780808.5665,2779600.029,,,,Import,2026,Qtr2,May,1
,MACHINERY GROUP,, POWER GENERATING MACHINERY,-,,209743.9789,745892.0969,,,,Import,2026,Qtr2,May,1
,MACHINERY GROUP,, OFFICE MACHINE INCL+DATA PROC EQUIP;,-,,176263.6027,626482.3589,,,,Import,2026,Qtr2,May,1
,MACHINERY GROUP,, TEXTILE MACHINERY,-,,152436.0152,541919.4867,,,,Import,2026,Qtr2,May,1
,MACHINERY GROUP,, CONSTRUCTION & MINING MACHINERY,-,,59733.35881,212586.9646,,,,Import,2026,Qtr2,May,1
,MACHINERY GROUP,, ELECTRICAL MACHINERY & APPARATUS,-,,728667.3987,2590317.875,,,,Import,2026,Qtr2,May,1
,MACHINERY GROUP,, AGRICULTURAL MACHINERY & IMPLEMENTS,-,,34819.9828,123780.5343,,,,Import,2026,Qtr2,May,1
,MACHINERY GROUP,, OTHER MACHINERY,-,,735135.5595,2615889.989,,,,Import,2026,Qtr2,May,1
,TRANSPORT GROUP,,1 CBU,-,,161279.926,573250.123,,,,Import,2026,Qtr2,May,1
,TRANSPORT GROUP,,2 CKD/SKD,-,,683530.7981,2428898.84,,,,Import,2026,Qtr2,May,1
,TRANSPORT GROUP,,3 PARTS & ACCESSORIES,-,,104165.3027,370065.2118,,,,Import,2026,Qtr2,May,1
,TRANSPORT GROUP,,4 OTHERS,-,,13760.26398,49000.96944,,,,Import,2026,Qtr2,May,1
,TRANSPORT GROUP,,"AIRCRAFTS, SHIPS AND BOATS",-,,34149.19039,121371.0258,,,,Import,2026,Qtr2,May,1
,TRANSPORT GROUP,,OTHERS TRANSPORT EQUIPMENTS,-,,13565.71037,48125.22496,,,,Import,2026,Qtr2,May,1
,PETROLEUM GROUP,, PETROLEUM PRODUCTS,MT,9830248.321,1576552.823,5612274.097,,,,Import,2026,Qtr2,May,1
,PETROLEUM GROUP,, PETROLEUM CRUDE,MT,10475634.07,1780332.382,6340732.505,,,,Import,2026,Qtr2,May,1
,PETROLEUM GROUP,,"NATURAL GAS, LIQUIFIED",-,,567259.9356,2016239.951,,,,Import,2026,Qtr2,May,1
,PETROLEUM GROUP,," PETROLEUM GAS, LIQUIFIED",-,,276300.658,983698.4927,,,,Import,2026,Qtr2,May,1
,PETROLEUM GROUP,, OTHERS,-,,78.774343,282.0317218,,,,Import,2026,Qtr2,May,1
,TEXTILE GROUP,, RAW COTTON,MT,754286.1413,367664.3935,1308136.086,,,,Import,2026,Qtr2,May,1
,TEXTILE GROUP,, SYNTHETIC FIBRE,MT,489711.6247,183586.7501,652928.4488,,,,Import,2026,Qtr2,May,1
,TEXTILE GROUP,, SYNTHETIC & ARTIFICIAL SILK YARN,MT,585987.3785,272418.9132,969183.4791,,,,Import,2026,Qtr2,May,1
,TEXTILE GROUP,, WORN CLOTHING,MT,1163836.859,154074.6382,547231.423,,,,Import,2026,Qtr2,May,1
,TEXTILE GROUP,, OTHR TEXTILE ITEMS,-,,657795.6253,2338013.247,,,,Import,2026,Qtr2,May,1
,AGRICULTURAL AND OTHER CHEMICALS GROUP,, FERTILIZER MANUFACTURED,MT,839261.1493,151929.4749,539675.1996,,,,Import,2026,Qtr2,May,1
,AGRICULTURAL AND OTHER CHEMICALS GROUP,, INSECTICIDES,MT,41798,53060.81597,188892.0467,,,,Import,2026,Qtr2,May,1
,AGRICULTURAL AND OTHER CHEMICALS GROUP,, PLASTIC MATERIALS,MT,2189727.3,720061.2513,2561215.237,,,,Import,2026,Qtr2,May,1
,AGRICULTURAL AND OTHER CHEMICALS GROUP,, MEDICINAL PRODUCTS,MT,46346.55615,349014.9603,1240480.632,,,,Import,2026,Qtr2,May,1
,AGRICULTURAL AND OTHER CHEMICALS GROUP,, OTHERS,-,,1350733.469,4806016.602,,,,Import,2026,Qtr2,May,1
,METAL GROUP,, GOLD,KG,306.334,6504.16116,16090.05287,,,,Import,2026,Qtr2,May,1
,METAL GROUP,, IRON AND STEEL SCRAP,MT,3427385.127,499429.5188,1771535.763,,,,Import,2026,Qtr2,May,1
,METAL GROUP,, IRON AND STEEL,MT,3872273.202,666205.7818,2369035.43,,,,Import,2026,Qtr2,May,1
,METAL GROUP,, ALUMINIUM WROUGHT & WORKED,-,,62979.19283,224020.2555,,,,Import,2026,Qtr2,May,1
,METAL GROUP,, ALL OTHER METALS & ARTICALS,-,,370682.9896,1318189.84,,,,Import,2026,Qtr2,May,1
,MISCELLANEOUS GROUP,, RUBBER CRUDE INCL+ SYNTH/RECLAIMED,MT,404744.7736,82270.0839,292627.8131,,,,Import,2026,Qtr2,May,1
,MISCELLANEOUS GROUP,, RUBBER TYRES & TUBES,NO,9944333,56284.72143,199489.318,,,,Import,2026,Qtr2,May,1
,MISCELLANEOUS GROUP,, WOOD & CORK,-,,31973.34601,113797.9399,,,,Import,2026,Qtr2,May,1
,MISCELLANEOUS GROUP,, JUTE,MT,6949.201,1634.657691,5781.053749,,,,Import,2026,Qtr2,May,1
,MISCELLANEOUS GROUP,, PAPER & PAPER BOARD & MANUF+THEREOF,MT,473744.8429,126541.533,450187.4669,,,,Import,2026,Qtr2,May,1
,MISCELLANEOUS GROUP,,,,,1932135,6931433.436,,26.24,27.09,Import,2026,Qtr2,June,1
,MISCELLANEOUS GROUP,,,,,180330.3747,646926.0567,,-1.49,-1.24,Import,2026,Qtr2,June,1
, FOOD GROUP,," MILK,CREAM & MILK FOOD FOR INFANTS",MT,5683.729903,4657.093724,16707.63123,13.79,22.07,22.24,Import,2026,Qtr2,June,1
, FOOD GROUP,, WHEAT UNMILLED,MT,0,0,0,0,0,0,Import,2026,Qtr2,June,1
, FOOD GROUP,, DRY FRUITS & NUTS,MT,6830.363724,2361.875335,8473.744505,-14.18,28.92,33.07,Import,2026,Qtr2,June,1
, FOOD GROUP,, TEA,MT,18950.74108,13542.57536,48586.34686,-17.4,-21.27,-20.51,Import,2026,Qtr2,June,1
, FOOD GROUP,, SPICES,MT,16122.709,6175.875842,22156.95861,-11.08,-5.58,-5.44,Import,2026,Qtr2,June,1
, FOOD GROUP,, SOYABEAN OIL,MT,0,0,0,0,0,0,Import,2026,Qtr2,June,1
, FOOD GROUP,, PALM OIL,MT,203243.1176,67154.5611,240921.19,-0.35,4.21,4.33,Import,2026,Qtr2,June,1
, FOOD GROUP,, SUGAR,MT,241.0012,48.886996,175.4146573,65.07,81.06,78.99,Import,2026,Qtr2,June,1
, FOOD GROUP,, PULSES  (LEGUMINOUS VEGETABLES),MT,122197.0919,21733.03724,77971.13107,-0.73,18.52,18.66,Import,2026,Qtr2,June,1
, FOOD GROUP,, ALL OTHERS FOOD ITEMS,-,,64656.46909,231933.6398,,-8.75,-8.59,Import,2026,Qtr2,June,1
, FOOD GROUP,,,,,287387.9846,1030984.035,,8.89,9.86,Import,2026,Qtr2,June,1
,MACHINERY GROUP,, POWER GENERATING MACHINERY,-,,15674.38292,56228.62552,,6.61,8.25,Import,2026,Qtr2,June,1
,MACHINERY GROUP,, OFFICE MACHINE INCL+DATA PROC EQUIP;,-,,19869.12358,71272.29014,,23.42,25,Import,2026,Qtr2,June,1
,MACHINERY GROUP,, TEXTILE MACHINERY,-,,10876.07298,39017.74029,,6.53,7.44,Import,2026,Qtr2,June,1
,MACHINERY GROUP,, CONSTRUCTION & MINING MACHINERY,-,,4948.708456,17753.65312,,10.02,10.55,Import,2026,Qtr2,June,1
,MACHINERY GROUP,, ELECTRICAL MACHINERY & APPARATUS,-,,91832.83183,329444.7673,,27.68,29.21,Import,2026,Qtr2,June,1
,MACHINERY GROUP, TELE COM,,-,,69915.60073,250829.6543,,35.47,35.87,Import,2026,Qtr2,June,1
,MACHINERY GROUP, TELE COM, MOBILE PHONE,-,,39454.59508,141556.0342,,11.73,11.88,Import,2026,Qtr2,June,1
,MACHINERY GROUP, TELE COM, OTHER APPARATUS,-,,30461.00565,109273.6201,,86.9,88.13,Import,2026,Qtr2,June,1
,MACHINERY GROUP,, AGRICULTURAL MACHINERY & IMPLEMENTS,-,,3201.723195,11486.5808,,23.43,24.71,Import,2026,Qtr2,June,1
,MACHINERY GROUP,, OTHER MACHINERY,-,,71069.54092,254950.7232,,-22.99,-22.34,Import,2026,Qtr2,June,1
,MACHINERY GROUP,,,,,134077.3778,481022.3697,,42.83,45.31,Import,2026,Qtr2,June,1
,MACHINERY GROUP,  ROAD MOTOR VEH,,-,,129703.3565,465327.7889,,41.42,43.94,Import,2026,Qtr2,June,1
,TRANSPORT GROUP,,1 CBU,-,,33075.40532,118667.5836,,160.07,161.77,Import,2026,Qtr2,June,1
,TRANSPORT GROUP,,"CBU-BUSES,TRUCKS & OTH  HEAVY VEHICLES",-,,13405.70864,48089.69024,,132.7,135.58,Import,2026,Qtr2,June,1
,TRANSPORT GROUP,,CBU-MOTOR CARS,-,,19631.07797,70439.40546,,183.32,183.76,Import,2026,Qtr2,June,1
,TRANSPORT GROUP,,CBU-MOTOR CYCLES,-,,38.618709,138.4878783,,37.92,44.26,Import,2026,Qtr2,June,1
,TRANSPORT GROUP,,2 CKD/SKD,-,,84312.96715,302480.7128,,24.69,27.18,Import,2026,Qtr2,June,1
,TRANSPORT GROUP,,"CBU-BUSES,TRUCKS & OTH  HEAVY VEHICLES",-,,15164.70684,54403.66496,,18.17,18.7,Import,2026,Qtr2,June,1
,TRANSPORT GROUP,,CBU-MOTOR CARS,-,,67203.37054,241099.64,,27.07,30.19,Import,2026,Qtr2,June,1
,TRANSPORT GROUP,,CBU-MOTOR CYCLES,-,,1944.889765,6977.407814,,2.47,2.58,Import,2026,Qtr2,June,1
,TRANSPORT GROUP,,3 PARTS & ACCESSORIES,-,,11078.24303,39743.01128,,25.73,28.53,Import,2026,Qtr2,June,1
,TRANSPORT GROUP,,4 OTHERS,-,,1236.740996,4436.481291,,-51.84,-51.79,Import,2026,Qtr2,June,1
,TRANSPORT GROUP,,"AIRCRAFTS, SHIPS AND BOATS",-,,2879.832601,10334.91818,,150.2,150.6,Import,2026,Qtr2,June,1
,TRANSPORT GROUP,,OTHERS TRANSPORT EQUIPMENTS,-,,1494.188688,5359.662576,,48.09,48.34,Import,2026,Qtr2,June,1
,TRANSPORT GROUP,,,,,532291.5836,1909515.579,,32.81,32.98,Import,2026,Qtr2,June,1
,PETROLEUM GROUP,, PETROLEUM PRODUCTS,MT,918511.6708,215779.8311,774183.6998,45.91,52.35,52.55,Import,2026,Qtr2,June,1
,PETROLEUM GROUP,, PETROLEUM CRUDE,MT,1002045.064,230079.0089,825204.5841,25.74,17.66,17.82,Import,2026,Qtr2,June,1
,PETROLEUM GROUP,,"NATURAL GAS, LIQUIFIED",-,,57116.51881,204942.777,,55.4,55.58,Import,2026,Qtr2,June,1
,PETROLEUM GROUP,," PETROLEUM GAS, LIQUIFIED",-,,29287.00477,105080.0392,,9,9.14,Import,2026,Qtr2,June,1
,PETROLEUM GROUP,, OTHERS,-,,29.220038,104.4789886,,192.2,198.51,Import,2026,Qtr2,June,1
,PETROLEUM GROUP,,,,,180474.2309,647435.336,,36.06,37.11,Import,2026,Qtr2,June,1
,TEXTILE GROUP,, RAW COTTON,MT,132321.0445,61375.21155,220177.0965,71.03,68.66,68.84,Import,2026,Qtr2,June,1
,TEXTILE GROUP,, SYNTHETIC FIBRE,MT,48547.0998,19346.59368,69401.67002,22.56,21.23,21.38,Import,2026,Qtr2,June,1
,TEXTILE GROUP,, SYNTHETIC & ARTIFICIAL SILK YARN,MT,42497.62811,24529.77768,87999.1213,12.05,14.16,14.38,Import,2026,Qtr2,June,1
,TEXTILE GROUP,, WORN CLOTHING,MT,120757.7901,16353.00792,58667.49407,22.09,25.15,28.22,Import,2026,Qtr2,June,1
,TEXTILE GROUP,, OTHR TEXTILE ITEMS,-,,58869.64004,211189.9541,,28.71,30.41,Import,2026,Qtr2,June,1
,TEXTILE GROUP,,,,,275466.9172,988251.4495,,31.29,31.88,Import,2026,Qtr2,June,1
,AGRICULTURAL AND OTHER CHEMICALS GROUP,, FERTILIZER MANUFACTURED,MT,63698.74184,15157.13684,54370.95885,974,1186.68,1187.8,Import,2026,Qtr2,June,1
,AGRICULTURAL AND OTHER CHEMICALS GROUP,, INSECTICIDES,MT,6713.511911,6713.511911,24086.04408,50.29,81.79,82.83,Import,2026,Qtr2,June,1
,AGRICULTURAL AND OTHER CHEMICALS GROUP,, PLASTIC MATERIALS,MT,197224.3267,84087.34811,301660.0941,33.13,41.44,41.92,Import,2026,Qtr2,June,1
,AGRICULTURAL AND OTHER CHEMICALS GROUP,, MEDICINAL PRODUCTS,MT,4291,28367.11213,101773.4271,0.49,1.93,3.17,Import,2026,Qtr2,June,1
,AGRICULTURAL AND OTHER CHEMICALS GROUP,, OTHERS,-,,141141.8082,506360.9253,,19.95,20.34,Import,2026,Qtr2,June,1
,AGRICULTURAL AND OTHER CHEMICALS GROUP,,,,,170732.3193,612471.3008,,39.71,42.29,Import,2026,Qtr2,June,1
,METAL GROUP,, GOLD,KG,26.4866,1023.30201,3672.029487,32.43,20.53,20.63,Import,2026,Qtr2,June,1
,METAL GROUP,, IRON AND STEEL SCRAP,MT,323896.2401,55565.41593,199347.1353,24.25,41.07,46.98,Import,2026,Qtr2,June,1
,METAL GROUP,, IRON AND STEEL,MT,389369.7896,65885.62475,236337.6186,65.41,62.08,63.13,Import,2026,Qtr2,June,1
,METAL GROUP,, ALUMINIUM WROUGHT & WORKED,-,,6705.01065,24054.80319,,37.54,37.72,Import,2026,Qtr2,June,1
,METAL GROUP,, ALL OTHER METALS & ARTICALS,-,,41552.96593,149059.7143,,14.01,15.17,Import,2026,Qtr2,June,1
,METAL GROUP,,,,,29524.71888,105918.369,,26.63,28.01,Import,2026,Qtr2,June,1
,MISCELLANEOUS GROUP,, RUBBER CRUDE INCL+ SYNTH/RECLAIMED,MT,33827.37732,9087.01687,32601.51277,12.25,63.26,63.47,Import,2026,Qtr2,June,1
,MISCELLANEOUS GROUP,, RUBBER TYRES & TUBES,NO,987761,6561.091669,23537.06022,18.11,24.64,29.69,Import,2026,Qtr2,June,1
,MISCELLANEOUS GROUP,, WOOD & CORK,-,,2840.061001,10188.81498,,5.07,5.17,Import,2026,Qtr2,June,1
,MISCELLANEOUS GROUP,, JUTE,MT,38.175,16.156836,57.9824962,-51.06,-51.04,-50.44,Import,2026,Qtr2,June,1
,MISCELLANEOUS GROUP,, PAPER & PAPER BOARD & MANUF+THEREOF,MT,42054.58264,11020.3925,39532.9985,13.17,13.04,13.45,Import,2026,Qtr2,June,1
,MISCELLANEOUS GROUP,,,,,141849.4931,508908.9403,,40.6,41.87,Import,2026,Qtr2,June,1
,MISCELLANEOUS GROUP,,,,,,,,,,Import,2026,Qtr2,June,1
,MISCELLANEOUS GROUP,,   PRIMARY DATA SOURCE IS PAKISTAN SINGLE WINDOW (PSW) AND VALIDATED BY FBR(DRS)+,,,,,,,,Import,2026,Qtr2,June,1
,MISCELLANEOUS GROUP,,   DUE TO ROUNDINGS EFFECTS SOME TOTALS AND PERCENTAGES MAY NOT TALLY+,,,,,,,,Import,2026,Qtr2,June,1
,MISCELLANEOUS GROUP,,,,,19594926,69760939.44,,,,Import,2026,Qtr2,June,1
,MISCELLANEOUS GROUP,,,,,2570054.375,9150526.057,,,,Import,2026,Qtr2,June,1
, FOOD GROUP,," MILK,CREAM & MILK FOOD FOR INFANTS",MT,47349.7299,42672.09372,152000.6312,,,,Import,2026,Qtr2,June,1
, FOOD GROUP,, WHEAT UNMILLED,MT,0,0,0,,,,Import,2026,Qtr2,June,1
, FOOD GROUP,, DRY FRUITS & NUTS,MT,165635.3637,45156.87534,160566.7445,,,,Import,2026,Qtr2,June,1
, FOOD GROUP,, TEA,MT,262776.7411,186708.5754,664601.3469,,,,Import,2026,Qtr2,June,1
, FOOD GROUP,, SPICES,MT,217270.709,73037.87584,260154.9586,,,,Import,2026,Qtr2,June,1
, FOOD GROUP,, SOYABEAN OIL,MT,97521,30654,108683,,,,Import,2026,Qtr2,June,1
, FOOD GROUP,, PALM OIL,MT,3482642.118,1063425.561,3785768.19,,,,Import,2026,Qtr2,June,1
, FOOD GROUP,, SUGAR,MT,309545.0012,49311.887,175182.4147,,,,Import,2026,Qtr2,June,1
, FOOD GROUP,, PULSES  (LEGUMINOUS VEGETABLES),MT,1404391.092,233623.0372,832038.1311,,,,Import,2026,Qtr2,June,1
, FOOD GROUP,, ALL OTHERS FOOD ITEMS,-,,845464.4691,3011530.64,,,,Import,2026,Qtr2,June,1
, FOOD GROUP,,,,,3067590.985,10919973.03,,,,Import,2026,Qtr2,June,1
,MACHINERY GROUP,, POWER GENERATING MACHINERY,-,,224028.3829,797137.6255,,,,Import,2026,Qtr2,June,1
,MACHINERY GROUP,, OFFICE MACHINE INCL+DATA PROC EQUIP;,-,,196000.1236,697281.2901,,,,Import,2026,Qtr2,June,1
,MACHINERY GROUP,, TEXTILE MACHINERY,-,,163284.073,580837.7403,,,,Import,2026,Qtr2,June,1
,MACHINERY GROUP,, CONSTRUCTION & MINING MACHINERY,-,,64635.70846,230173.6531,,,,Import,2026,Qtr2,June,1
,MACHINERY GROUP,, ELECTRICAL MACHINERY & APPARATUS,-,,820195.8318,2918670.767,,,,Import,2026,Qtr2,June,1
,MACHINERY GROUP, TELE COM,,-,,755332.6007,2690160.654,,,,Import,2026,Qtr2,June,1
,MACHINERY GROUP,, MOBILE PHONE,-,,530491.5951,1889085.034,,,,Import,2026,Qtr2,June,1
,MACHINERY GROUP,, OTHER APPARATUS,-,,224841.0057,801075.6201,,,,Import,2026,Qtr2,June,1
,MACHINERY GROUP,, AGRICULTURAL MACHINERY & IMPLEMENTS,-,,38021.7232,135266.5808,,,,Import,2026,Qtr2,June,1
,MACHINERY GROUP,, OTHER MACHINERY,-,,806092.5409,2870444.723,,,,Import,2026,Qtr2,June,1
,MACHINERY GROUP,,,,,1142595.378,4064815.37,,,,Import,2026,Qtr2,June,1
,MACHINERY GROUP,  ROAD MOTOR VEH,,-,,1091869.356,3884506.789,,,,Import,2026,Qtr2,June,1
,TRANSPORT GROUP,,1 CBU,-,,194268.4053,691606.5836,,,,Import,2026,Qtr2,June,1
,TRANSPORT GROUP,,"CBU-BUSES,TRUCKS & OTH  HEAVY VEHICLES",-,,87564.70864,311417.6902,,,,Import,2026,Qtr2,June,1
,TRANSPORT GROUP,,CBU-MOTOR CARS,-,,106021.078,377762.4055,,,,Import,2026,Qtr2,June,1
,TRANSPORT GROUP,,CBU-MOTOR CYCLES,-,,682.618709,2426.487878,,,,Import,2026,Qtr2,June,1
,TRANSPORT GROUP,,2 CKD/SKD,-,,767823.9671,2731310.713,,,,Import,2026,Qtr2,June,1
,TRANSPORT GROUP,,"CBU-BUSES,TRUCKS & OTH  HEAVY VEHICLES",-,,149948.7068,533804.665,,,,Import,2026,Qtr2,June,1
,TRANSPORT GROUP,,CBU-MOTOR CARS,-,,595631.3705,2118250.64,,,,Import,2026,Qtr2,June,1
,TRANSPORT GROUP,,CBU-MOTOR CYCLES,-,,22243.88977,79255.40781,,,,Import,2026,Qtr2,June,1
,TRANSPORT GROUP,,3 PARTS & ACCESSORIES,-,,114937.243,408716.0113,,,,Import,2026,Qtr2,June,1
,TRANSPORT GROUP,,4 OTHERS,-,,14839.741,52873.48129,,,,Import,2026,Qtr2,June,1
,TRANSPORT GROUP,,"AIRCRAFTS, SHIPS AND BOATS",-,,37028.8326,131705.9182,,,,Import,2026,Qtr2,June,1
,TRANSPORT GROUP,,OTHERS TRANSPORT EQUIPMENTS,-,,13697.18869,48602.66258,,,,Import,2026,Qtr2,June,1
,TRANSPORT GROUP,,,,,4732815.584,16862741.58,,,,Import,2026,Qtr2,June,1
,PETROLEUM GROUP,, PETROLEUM PRODUCTS,MT,10748949.67,1792332.831,6386457.7,,,,Import,2026,Qtr2,June,1
,PETROLEUM GROUP,, PETROLEUM CRUDE,MT,11477679.06,2010411.009,7165936.584,,,,Import,2026,Qtr2,June,1
,PETROLEUM GROUP,,"NATURAL GAS, LIQUIFIED",-,,624376.5188,2221182.777,,,,Import,2026,Qtr2,June,1
,PETROLEUM GROUP,," PETROLEUM GAS, LIQUIFIED",-,,305587.0048,1088778.039,,,,Import,2026,Qtr2,June,1
,PETROLEUM GROUP,, OTHERS,-,,108.220038,386.4789886,,,,Import,2026,Qtr2,June,1
,PETROLEUM GROUP,,,,,1815753.231,6461987.336,,,,Import,2026,Qtr2,June,1
,TEXTILE GROUP,, RAW COTTON,MT,886623.0445,429040.2116,1528313.096,,,,Import,2026,Qtr2,June,1
,TEXTILE GROUP,, SYNTHETIC FIBRE,MT,536675.0998,202932.5937,722330.67,,,,Import,2026,Qtr2,June,1
,TEXTILE GROUP,, SYNTHETIC & ARTIFICIAL SILK YARN,MT,629148.6281,296936.7777,1057137.121,,,,Import,2026,Qtr2,June,1
,TEXTILE GROUP,, WORN CLOTHING,MT,1284618.79,170428.0079,605898.4941,,,,Import,2026,Qtr2,June,1
,TEXTILE GROUP,, OTHR TEXTILE ITEMS,-,,716415.64,2548307.954,,,,Import,2026,Qtr2,June,1
,TEXTILE GROUP,,,,,2900251.917,10324475.45,,,,Import,2026,Qtr2,June,1
,AGRICULTURAL AND OTHER CHEMICALS GROUP,, FERTILIZER MANUFACTURED,MT,902948.7418,167086.1368,594044.9588,,,,Import,2026,Qtr2,June,1
,AGRICULTURAL AND OTHER CHEMICALS GROUP,, INSECTICIDES,MT,49879.51191,59774.51191,212979.0441,,,,Import,2026,Qtr2,June,1
,AGRICULTURAL AND OTHER CHEMICALS GROUP,, PLASTIC MATERIALS,MT,2386797.327,804136.3481,2862831.094,,,,Import,2026,Qtr2,June,1
,AGRICULTURAL AND OTHER CHEMICALS GROUP,, MEDICINAL PRODUCTS,MT,51008.54557,379854.1121,1351110.427,,,,Import,2026,Qtr2,June,1
,AGRICULTURAL AND OTHER CHEMICALS GROUP,, OTHERS,-,,1489400.808,5303509.925,,,,Import,2026,Qtr2,June,1
,AGRICULTURAL AND OTHER CHEMICALS GROUP,,,,,1774302.319,6310507.301,,,,Import,2026,Qtr2,June,1
,METAL GROUP,, GOLD,KG,265,5527.30201,19762.02949,,,,Import,2026,Qtr2,June,1
,METAL GROUP,, IRON AND STEEL SCRAP,MT,3772195.24,554995.4159,1970882.135,,,,Import,2026,Qtr2,June,1
,METAL GROUP,, IRON AND STEEL,MT,4263081.79,732068.6247,2605292.619,,,,Import,2026,Qtr2,June,1
,METAL GROUP,, ALUMINIUM WROUGHT & WORKED,-,,69685.01065,248075.8032,,,,Import,2026,Qtr2,June,1
,METAL GROUP,, ALL OTHER METALS & ARTICALS,-,,412025.9659,1466494.714,,,,Import,2026,Qtr2,June,1
,METAL GROUP,,,,,328207.7189,1167725.369,,,,Import,2026,Qtr2,June,1
,MISCELLANEOUS GROUP,, RUBBER CRUDE INCL+ SYNTH/RECLAIMED,MT,439835.3773,91357.01687,325229.5128,,,,Import,2026,Qtr2,June,1
,MISCELLANEOUS GROUP,, RUBBER TYRES & TUBES,NO,9949978.379,62846.09167,223026.0602,,,,Import,2026,Qtr2,June,1
,MISCELLANEOUS GROUP,, WOOD & CORK,-,,34813.061,123986.815,,,,Import,2026,Qtr2,June,1
,MISCELLANEOUS GROUP,, JUTE,MT,6988.175,1651.156836,5838.982496,,,,Import,2026,Qtr2,June,1
,MISCELLANEOUS GROUP,, PAPER & PAPER BOARD & MANUF+THEREOF,MT,516281.5826,137540.3925,489643.9985,,,,Import,2026,Qtr2,June,1
